drug_id,drug_name,category,date,quantity_consumed,unit_price
1,Amoxicillin 500mg,Antibiotics,2026-02-18,33,44.63
1,Amoxicillin 500mg,Antibiotics,2026-02-19,29,44.63
1,Amoxicillin 500mg,Antibiotics,2026-02-20,34,44.63
1,Amoxicillin 500mg,Antibiotics,2026-02-21,29,44.63
1,Amoxicillin 500mg,Antibiotics,2026-02-22,19,44.63
1,Amoxicillin 500mg,Antibiotics,2026-02-23,29,44.63
1,Amoxicillin 500mg,Antibiotics,2026-02-24,39,44.63
1,Amoxicillin 500mg,Antibiotics,2026-02-25,35,44.63
1,Amoxicillin 500mg,Antibiotics,2026-02-26,28,44.63
1,Amoxicillin 500mg,Antibiotics,2026-02-27,33,44.63
1,Amoxicillin 500mg,Antibiotics,2026-02-28,17,44.63
1,Amoxicillin 500mg,Antibiotics,2026-03-01,12,44.63
1,Amoxicillin 500mg,Antibiotics,2026-03-02,24,44.63
1,Amoxicillin 500mg,Antibiotics,2026-03-03,11,44.63
1,Amoxicillin 500mg,Antibiotics,2026-03-04,13,44.63
1,Amoxicillin 500mg,Antibiotics,2026-03-05,19,44.63
1,Amoxicillin 500mg,Antibiotics,2026-03-06,17,44.63
1,Amoxicillin 500mg,Antibiotics,2026-03-07,16,44.63
1,Amoxicillin 500mg,Antibiotics,2026-03-08,10,44.63
1,Amoxicillin 500mg,Antibiotics,2026-03-09,14,44.63
1,Amoxicillin 500mg,Antibiotics,2026-03-10,31,44.63
1,Amoxicillin 500mg,Antibiotics,2026-03-11,21,44.63
1,Amoxicillin 500mg,Antibiotics,2026-03-12,23,44.63
1,Amoxicillin 500mg,Antibiotics,2026-03-13,14,44.63
1,Amoxicillin 500mg,Antibiotics,2026-03-14,12,44.63
1,Amoxicillin 500mg,Antibiotics,2026-03-15,15,44.63
1,Amoxicillin 500mg,Antibiotics,2026-03-16,16,44.63
1,Amoxicillin 500mg,Antibiotics,2026-03-17,24,44.63
1,Amoxicillin 500mg,Antibiotics,2026-03-18,19,44.63
1,Amoxicillin 500mg,Antibiotics,2026-03-19,21,44.63
1,Amoxicillin 500mg,Antibiotics,2026-03-20,19,44.63
1,Amoxicillin 500mg,Antibiotics,2026-03-21,25,44.63
1,Amoxicillin 500mg,Antibiotics,2026-03-22,15,44.63
1,Amoxicillin 500mg,Antibiotics,2026-03-23,16,44.63
1,Amoxicillin 500mg,Antibiotics,2026-03-24,27,44.63
1,Amoxicillin 500mg,Antibiotics,2026-03-25,15,44.63
1,Amoxicillin 500mg,Antibiotics,2026-03-26,23,44.63
1,Amoxicillin 500mg,Antibiotics,2026-03-27,11,44.63
1,Amoxicillin 500mg,Antibiotics,2026-03-28,7,44.63
1,Amoxicillin 500mg,Antibiotics,2026-03-29,16,44.63
1,Amoxicillin 500mg,Antibiotics,2026-03-30,26,44.63
1,Amoxicillin 500mg,Antibiotics,2026-03-31,23,44.63
1,Amoxicillin 500mg,Antibiotics,2026-04-01,22,44.63
1,Amoxicillin 500mg,Antibiotics,2026-04-02,21,44.63
1,Amoxicillin 500mg,Antibiotics,2026-04-03,14,44.63
1,Amoxicillin 500mg,Antibiotics,2026-04-04,11,44.63
1,Amoxicillin 500mg,Antibiotics,2026-04-05,12,44.63
1,Amoxicillin 500mg,Antibiotics,2026-04-06,28,44.63
1,Amoxicillin 500mg,Antibiotics,2026-04-07,24,44.63
1,Amoxicillin 500mg,Antibiotics,2026-04-08,12,44.63
1,Amoxicillin 500mg,Antibiotics,2026-04-09,24,44.63
1,Amoxicillin 500mg,Antibiotics,2026-04-10,20,44.63
1,Amoxicillin 500mg,Antibiotics,2026-04-11,11,44.63
1,Amoxicillin 500mg,Antibiotics,2026-04-12,18,44.63
1,Amoxicillin 500mg,Antibiotics,2026-04-13,28,44.63
1,Amoxicillin 500mg,Antibiotics,2026-04-14,28,44.63
1,Amoxicillin 500mg,Antibiotics,2026-04-15,18,44.63
1,Amoxicillin 500mg,Antibiotics,2026-04-16,21,44.63
1,Amoxicillin 500mg,Antibiotics,2026-04-17,24,44.63
1,Amoxicillin 500mg,Antibiotics,2026-04-18,20,44.63
1,Amoxicillin 500mg,Antibiotics,2026-04-19,12,44.63
1,Amoxicillin 500mg,Antibiotics,2026-04-20,21,44.63
1,Amoxicillin 500mg,Antibiotics,2026-04-21,16,44.63
1,Amoxicillin 500mg,Antibiotics,2026-04-22,16,44.63
1,Amoxicillin 500mg,Antibiotics,2026-04-23,27,44.63
1,Amoxicillin 500mg,Antibiotics,2026-04-24,30,44.63
1,Amoxicillin 500mg,Antibiotics,2026-04-25,14,44.63
1,Amoxicillin 500mg,Antibiotics,2026-04-26,20,44.63
1,Amoxicillin 500mg,Antibiotics,2026-04-27,24,44.63
1,Amoxicillin 500mg,Antibiotics,2026-04-28,19,44.63
1,Amoxicillin 500mg,Antibiotics,2026-04-29,24,44.63
1,Amoxicillin 500mg,Antibiotics,2026-04-30,31,44.63
1,Amoxicillin 500mg,Antibiotics,2026-05-01,22,44.63
1,Amoxicillin 500mg,Antibiotics,2026-05-02,24,44.63
1,Amoxicillin 500mg,Antibiotics,2026-05-03,0,44.63
1,Amoxicillin 500mg,Antibiotics,2026-05-04,27,44.63
1,Amoxicillin 500mg,Antibiotics,2026-05-05,23,44.63
1,Amoxicillin 500mg,Antibiotics,2026-05-06,21,44.63
1,Amoxicillin 500mg,Antibiotics,2026-05-07,23,44.63
1,Amoxicillin 500mg,Antibiotics,2026-05-08,11,44.63
1,Amoxicillin 500mg,Antibiotics,2026-05-09,13,44.63
1,Amoxicillin 500mg,Antibiotics,2026-05-10,17,44.63
1,Amoxicillin 500mg,Antibiotics,2026-05-11,31,44.63
1,Amoxicillin 500mg,Antibiotics,2026-05-12,19,44.63
1,Amoxicillin 500mg,Antibiotics,2026-05-13,18,44.63
1,Amoxicillin 500mg,Antibiotics,2026-05-14,19,44.63
1,Amoxicillin 500mg,Antibiotics,2026-05-15,27,44.63
1,Amoxicillin 500mg,Antibiotics,2026-05-16,17,44.63
1,Amoxicillin 500mg,Antibiotics,2026-05-17,12,44.63
1,Amoxicillin 500mg,Antibiotics,2026-05-18,25,44.63
1,Amoxicillin 500mg,Antibiotics,2026-05-19,23,44.63
1,Amoxicillin 500mg,Antibiotics,2026-05-20,28,44.63
1,Amoxicillin 500mg,Antibiotics,2026-05-21,18,44.63
1,Amoxicillin 500mg,Antibiotics,2026-05-22,20,44.63
1,Amoxicillin 500mg,Antibiotics,2026-05-23,12,44.63
1,Amoxicillin 500mg,Antibiotics,2026-05-24,6,44.63
1,Amoxicillin 500mg,Antibiotics,2026-05-25,24,44.63
1,Amoxicillin 500mg,Antibiotics,2026-05-26,24,44.63
1,Amoxicillin 500mg,Antibiotics,2026-05-27,22,44.63
1,Amoxicillin 500mg,Antibiotics,2026-05-28,21,44.63
1,Amoxicillin 500mg,Antibiotics,2026-05-29,14,44.63
1,Amoxicillin 500mg,Antibiotics,2026-05-30,12,44.63
1,Amoxicillin 500mg,Antibiotics,2026-05-31,13,44.63
1,Amoxicillin 500mg,Antibiotics,2026-06-01,18,44.63
1,Amoxicillin 500mg,Antibiotics,2026-06-02,21,44.63
1,Amoxicillin 500mg,Antibiotics,2026-06-03,25,44.63
1,Amoxicillin 500mg,Antibiotics,2026-06-04,33,44.63
1,Amoxicillin 500mg,Antibiotics,2026-06-05,23,44.63
1,Amoxicillin 500mg,Antibiotics,2026-06-06,16,44.63
1,Amoxicillin 500mg,Antibiotics,2026-06-07,14,44.63
1,Amoxicillin 500mg,Antibiotics,2026-06-08,11,44.63
1,Amoxicillin 500mg,Antibiotics,2026-06-09,22,44.63
1,Amoxicillin 500mg,Antibiotics,2026-06-10,23,44.63
1,Amoxicillin 500mg,Antibiotics,2026-06-11,36,44.63
1,Amoxicillin 500mg,Antibiotics,2026-06-12,21,44.63
1,Amoxicillin 500mg,Antibiotics,2026-06-13,16,44.63
1,Amoxicillin 500mg,Antibiotics,2026-06-14,14,44.63
1,Amoxicillin 500mg,Antibiotics,2026-06-15,16,44.63
1,Amoxicillin 500mg,Antibiotics,2026-06-16,29,44.63
1,Amoxicillin 500mg,Antibiotics,2026-06-17,27,44.63
1,Amoxicillin 500mg,Antibiotics,2026-06-18,27,44.63
1,Amoxicillin 500mg,Antibiotics,2026-06-19,17,44.63
1,Amoxicillin 500mg,Antibiotics,2026-06-20,23,44.63
1,Amoxicillin 500mg,Antibiotics,2026-06-21,7,44.63
1,Amoxicillin 500mg,Antibiotics,2026-06-22,26,44.63
1,Amoxicillin 500mg,Antibiotics,2026-06-23,35,44.63
1,Amoxicillin 500mg,Antibiotics,2026-06-24,17,44.63
1,Amoxicillin 500mg,Antibiotics,2026-06-25,19,44.63
1,Amoxicillin 500mg,Antibiotics,2026-06-26,23,44.63
1,Amoxicillin 500mg,Antibiotics,2026-06-27,12,44.63
1,Amoxicillin 500mg,Antibiotics,2026-06-28,6,44.63
1,Amoxicillin 500mg,Antibiotics,2026-06-29,23,44.63
1,Amoxicillin 500mg,Antibiotics,2026-06-30,16,44.63
1,Amoxicillin 500mg,Antibiotics,2026-07-01,33,44.63
1,Amoxicillin 500mg,Antibiotics,2026-07-02,25,44.63
1,Amoxicillin 500mg,Antibiotics,2026-07-03,39,44.63
1,Amoxicillin 500mg,Antibiotics,2026-07-04,16,44.63
1,Amoxicillin 500mg,Antibiotics,2026-07-05,18,44.63
1,Amoxicillin 500mg,Antibiotics,2026-07-06,35,44.63
1,Amoxicillin 500mg,Antibiotics,2026-07-07,23,44.63
1,Amoxicillin 500mg,Antibiotics,2026-07-08,32,44.63
1,Amoxicillin 500mg,Antibiotics,2026-07-09,38,44.63
1,Amoxicillin 500mg,Antibiotics,2026-07-10,21,44.63
1,Amoxicillin 500mg,Antibiotics,2026-07-11,21,44.63
1,Amoxicillin 500mg,Antibiotics,2026-07-12,21,44.63
1,Amoxicillin 500mg,Antibiotics,2026-07-13,35,44.63
1,Amoxicillin 500mg,Antibiotics,2026-07-14,23,44.63
1,Amoxicillin 500mg,Antibiotics,2026-07-15,23,44.63
1,Amoxicillin 500mg,Antibiotics,2026-07-16,33,44.63
1,Amoxicillin 500mg,Antibiotics,2026-07-17,32,44.63
1,Amoxicillin 500mg,Antibiotics,2026-07-18,21,44.63
1,Amoxicillin 500mg,Antibiotics,2026-07-19,22,44.63
1,Amoxicillin 500mg,Antibiotics,2026-07-20,26,44.63
1,Amoxicillin 500mg,Antibiotics,2026-07-21,32,44.63
1,Amoxicillin 500mg,Antibiotics,2026-07-22,32,44.63
1,Amoxicillin 500mg,Antibiotics,2026-07-23,26,44.63
1,Amoxicillin 500mg,Antibiotics,2026-07-24,41,44.63
1,Amoxicillin 500mg,Antibiotics,2026-07-25,23,44.63
1,Amoxicillin 500mg,Antibiotics,2026-07-26,13,44.63
1,Amoxicillin 500mg,Antibiotics,2026-07-27,34,44.63
1,Amoxicillin 500mg,Antibiotics,2026-07-28,25,44.63
1,Amoxicillin 500mg,Antibiotics,2026-07-29,35,44.63
1,Amoxicillin 500mg,Antibiotics,2026-07-30,37,44.63
1,Amoxicillin 500mg,Antibiotics,2026-07-31,26,44.63
1,Amoxicillin 500mg,Antibiotics,2026-08-01,25,44.63
1,Amoxicillin 500mg,Antibiotics,2026-08-02,22,44.63
1,Amoxicillin 500mg,Antibiotics,2026-08-03,35,44.63
1,Amoxicillin 500mg,Antibiotics,2026-08-04,41,44.63
1,Amoxicillin 500mg,Antibiotics,2026-08-05,29,44.63
1,Amoxicillin 500mg,Antibiotics,2026-08-06,26,44.63
1,Amoxicillin 500mg,Antibiotics,2026-08-07,25,44.63
1,Amoxicillin 500mg,Antibiotics,2026-08-08,15,44.63
1,Amoxicillin 500mg,Antibiotics,2026-08-09,20,44.63
1,Amoxicillin 500mg,Antibiotics,2026-08-10,32,44.63
1,Amoxicillin 500mg,Antibiotics,2026-08-11,32,44.63
1,Amoxicillin 500mg,Antibiotics,2026-08-12,35,44.63
1,Amoxicillin 500mg,Antibiotics,2026-08-13,30,44.63
1,Amoxicillin 500mg,Antibiotics,2026-08-14,38,44.63
1,Amoxicillin 500mg,Antibiotics,2026-08-15,19,44.63
1,Amoxicillin 500mg,Antibiotics,2026-08-16,35,44.63
1,Amoxicillin 500mg,Antibiotics,2026-08-17,34,44.63
1,Amoxicillin 500mg,Antibiotics,2026-08-18,25,44.63
1,Amoxicillin 500mg,Antibiotics,2026-08-19,24,44.63
1,Amoxicillin 500mg,Antibiotics,2026-08-20,33,44.63
1,Amoxicillin 500mg,Antibiotics,2026-08-21,29,44.63
1,Amoxicillin 500mg,Antibiotics,2026-08-22,24,44.63
1,Amoxicillin 500mg,Antibiotics,2026-08-23,23,44.63
1,Amoxicillin 500mg,Antibiotics,2026-08-24,30,44.63
1,Amoxicillin 500mg,Antibiotics,2026-08-25,25,44.63
1,Amoxicillin 500mg,Antibiotics,2026-08-26,22,44.63
1,Amoxicillin 500mg,Antibiotics,2026-08-27,28,44.63
1,Amoxicillin 500mg,Antibiotics,2026-08-28,35,44.63
1,Amoxicillin 500mg,Antibiotics,2026-08-29,21,44.63
1,Amoxicillin 500mg,Antibiotics,2026-08-30,13,44.63
1,Amoxicillin 500mg,Antibiotics,2026-08-31,31,44.63
1,Amoxicillin 500mg,Antibiotics,2026-09-01,24,44.63
1,Amoxicillin 500mg,Antibiotics,2026-09-02,17,44.63
1,Amoxicillin 500mg,Antibiotics,2026-09-03,23,44.63
1,Amoxicillin 500mg,Antibiotics,2026-09-04,23,44.63
1,Amoxicillin 500mg,Antibiotics,2026-09-05,8,44.63
1,Amoxicillin 500mg,Antibiotics,2026-09-06,17,44.63
1,Amoxicillin 500mg,Antibiotics,2026-09-07,25,44.63
1,Amoxicillin 500mg,Antibiotics,2026-09-08,28,44.63
1,Amoxicillin 500mg,Antibiotics,2026-09-09,28,44.63
1,Amoxicillin 500mg,Antibiotics,2026-09-10,14,44.63
1,Amoxicillin 500mg,Antibiotics,2026-09-11,17,44.63
1,Amoxicillin 500mg,Antibiotics,2026-09-12,18,44.63
1,Amoxicillin 500mg,Antibiotics,2026-09-13,18,44.63
1,Amoxicillin 500mg,Antibiotics,2026-09-14,25,44.63
1,Amoxicillin 500mg,Antibiotics,2026-09-15,44,44.63
1,Amoxicillin 500mg,Antibiotics,2026-09-16,26,44.63
1,Amoxicillin 500mg,Antibiotics,2026-09-17,29,44.63
1,Amoxicillin 500mg,Antibiotics,2026-09-18,28,44.63
1,Amoxicillin 500mg,Antibiotics,2026-09-19,18,44.63
1,Amoxicillin 500mg,Antibiotics,2026-09-20,13,44.63
1,Amoxicillin 500mg,Antibiotics,2026-09-21,27,44.63
1,Amoxicillin 500mg,Antibiotics,2026-09-22,18,44.63
1,Amoxicillin 500mg,Antibiotics,2026-09-23,21,44.63
1,Amoxicillin 500mg,Antibiotics,2026-09-24,20,44.63
1,Amoxicillin 500mg,Antibiotics,2026-09-25,23,44.63
2,Azithromycin 250mg,Antibiotics,2026-02-18,43,41.86
2,Azithromycin 250mg,Antibiotics,2026-02-19,21,41.86
2,Azithromycin 250mg,Antibiotics,2026-02-20,34,41.86
2,Azithromycin 250mg,Antibiotics,2026-02-21,12,41.86
2,Azithromycin 250mg,Antibiotics,2026-02-22,18,41.86
2,Azithromycin 250mg,Antibiotics,2026-02-23,36,41.86
2,Azithromycin 250mg,Antibiotics,2026-02-24,31,41.86
2,Azithromycin 250mg,Antibiotics,2026-02-25,25,41.86
2,Azithromycin 250mg,Antibiotics,2026-02-26,27,41.86
2,Azithromycin 250mg,Antibiotics,2026-02-27,34,41.86
2,Azithromycin 250mg,Antibiotics,2026-02-28,16,41.86
2,Azithromycin 250mg,Antibiotics,2026-03-01,16,41.86
2,Azithromycin 250mg,Antibiotics,2026-03-02,23,41.86
2,Azithromycin 250mg,Antibiotics,2026-03-03,19,41.86
2,Azithromycin 250mg,Antibiotics,2026-03-04,34,41.86
2,Azithromycin 250mg,Antibiotics,2026-03-05,26,41.86
2,Azithromycin 250mg,Antibiotics,2026-03-06,12,41.86
2,Azithromycin 250mg,Antibiotics,2026-03-07,16,41.86
2,Azithromycin 250mg,Antibiotics,2026-03-08,11,41.86
2,Azithromycin 250mg,Antibiotics,2026-03-09,27,41.86
2,Azithromycin 250mg,Antibiotics,2026-03-10,18,41.86
2,Azithromycin 250mg,Antibiotics,2026-03-11,22,41.86
2,Azithromycin 250mg,Antibiotics,2026-03-12,25,41.86
2,Azithromycin 250mg,Antibiotics,2026-03-13,27,41.86
2,Azithromycin 250mg,Antibiotics,2026-03-14,9,41.86
2,Azithromycin 250mg,Antibiotics,2026-03-15,13,41.86
2,Azithromycin 250mg,Antibiotics,2026-03-16,20,41.86
2,Azithromycin 250mg,Antibiotics,2026-03-17,19,41.86
2,Azithromycin 250mg,Antibiotics,2026-03-18,32,41.86
2,Azithromycin 250mg,Antibiotics,2026-03-19,25,41.86
2,Azithromycin 250mg,Antibiotics,2026-03-20,16,41.86
2,Azithromycin 250mg,Antibiotics,2026-03-21,20,41.86
2,Azithromycin 250mg,Antibiotics,2026-03-22,26,41.86
2,Azithromycin 250mg,Antibiotics,2026-03-23,28,41.86
2,Azithromycin 250mg,Antibiotics,2026-03-24,15,41.86
2,Azithromycin 250mg,Antibiotics,2026-03-25,20,41.86
2,Azithromycin 250mg,Antibiotics,2026-03-26,29,41.86
2,Azithromycin 250mg,Antibiotics,2026-03-27,19,41.86
2,Azithromycin 250mg,Antibiotics,2026-03-28,17,41.86
2,Azithromycin 250mg,Antibiotics,2026-03-29,19,41.86
2,Azithromycin 250mg,Antibiotics,2026-03-30,18,41.86
2,Azithromycin 250mg,Antibiotics,2026-03-31,22,41.86
2,Azithromycin 250mg,Antibiotics,2026-04-01,5,41.86
2,Azithromycin 250mg,Antibiotics,2026-04-02,17,41.86
2,Azithromycin 250mg,Antibiotics,2026-04-03,21,41.86
2,Azithromycin 250mg,Antibiotics,2026-04-04,8,41.86
2,Azithromycin 250mg,Antibiotics,2026-04-05,24,41.86
2,Azithromycin 250mg,Antibiotics,2026-04-06,15,41.86
2,Azithromycin 250mg,Antibiotics,2026-04-07,20,41.86
2,Azithromycin 250mg,Antibiotics,2026-04-08,23,41.86
2,Azithromycin 250mg,Antibiotics,2026-04-09,30,41.86
2,Azithromycin 250mg,Antibiotics,2026-04-10,15,41.86
2,Azithromycin 250mg,Antibiotics,2026-04-11,21,41.86
2,Azithromycin 250mg,Antibiotics,2026-04-12,15,41.86
2,Azithromycin 250mg,Antibiotics,2026-04-13,17,41.86
2,Azithromycin 250mg,Antibiotics,2026-04-14,25,41.86
2,Azithromycin 250mg,Antibiotics,2026-04-15,24,41.86
2,Azithromycin 250mg,Antibiotics,2026-04-16,19,41.86
2,Azithromycin 250mg,Antibiotics,2026-04-17,23,41.86
2,Azithromycin 250mg,Antibiotics,2026-04-18,13,41.86
2,Azithromycin 250mg,Antibiotics,2026-04-19,15,41.86
2,Azithromycin 250mg,Antibiotics,2026-04-20,26,41.86
2,Azithromycin 250mg,Antibiotics,2026-04-21,31,41.86
2,Azithromycin 250mg,Antibiotics,2026-04-22,16,41.86
2,Azithromycin 250mg,Antibiotics,2026-04-23,34,41.86
2,Azithromycin 250mg,Antibiotics,2026-04-24,12,41.86
2,Azithromycin 250mg,Antibiotics,2026-04-25,14,41.86
2,Azithromycin 250mg,Antibiotics,2026-04-26,18,41.86
2,Azithromycin 250mg,Antibiotics,2026-04-27,24,41.86
2,Azithromycin 250mg,Antibiotics,2026-04-28,19,41.86
2,Azithromycin 250mg,Antibiotics,2026-04-29,21,41.86
2,Azithromycin 250mg,Antibiotics,2026-04-30,20,41.86
2,Azithromycin 250mg,Antibiotics,2026-05-01,19,41.86
2,Azithromycin 250mg,Antibiotics,2026-05-02,19,41.86
2,Azithromycin 250mg,Antibiotics,2026-05-03,17,41.86
2,Azithromycin 250mg,Antibiotics,2026-05-04,19,41.86
2,Azithromycin 250mg,Antibiotics,2026-05-05,27,41.86
2,Azithromycin 250mg,Antibiotics,2026-05-06,24,41.86
2,Azithromycin 250mg,Antibiotics,2026-05-07,27,41.86
2,Azithromycin 250mg,Antibiotics,2026-05-08,26,41.86
2,Azithromycin 250mg,Antibiotics,2026-05-09,11,41.86
2,Azithromycin 250mg,Antibiotics,2026-05-10,12,41.86
2,Azithromycin 250mg,Antibiotics,2026-05-11,27,41.86
2,Azithromycin 250mg,Antibiotics,2026-05-12,26,41.86
2,Azithromycin 250mg,Antibiotics,2026-05-13,22,41.86
2,Azithromycin 250mg,Antibiotics,2026-05-14,23,41.86
2,Azithromycin 250mg,Antibiotics,2026-05-15,29,41.86
2,Azithromycin 250mg,Antibiotics,2026-05-16,12,41.86
2,Azithromycin 250mg,Antibiotics,2026-05-17,18,41.86
2,Azithromycin 250mg,Antibiotics,2026-05-18,22,41.86
2,Azithromycin 250mg,Antibiotics,2026-05-19,21,41.86
2,Azithromycin 250mg,Antibiotics,2026-05-20,28,41.86
2,Azithromycin 250mg,Antibiotics,2026-05-21,27,41.86
2,Azithromycin 250mg,Antibiotics,2026-05-22,27,41.86
2,Azithromycin 250mg,Antibiotics,2026-05-23,22,41.86
2,Azithromycin 250mg,Antibiotics,2026-05-24,15,41.86
2,Azithromycin 250mg,Antibiotics,2026-05-25,26,41.86
2,Azithromycin 250mg,Antibiotics,2026-05-26,21,41.86
2,Azithromycin 250mg,Antibiotics,2026-05-27,24,41.86
2,Azithromycin 250mg,Antibiotics,2026-05-28,22,41.86
2,Azithromycin 250mg,Antibiotics,2026-05-29,23,41.86
2,Azithromycin 250mg,Antibiotics,2026-05-30,18,41.86
2,Azithromycin 250mg,Antibiotics,2026-05-31,11,41.86
2,Azithromycin 250mg,Antibiotics,2026-06-01,34,41.86
2,Azithromycin 250mg,Antibiotics,2026-06-02,17,41.86
2,Azithromycin 250mg,Antibiotics,2026-06-03,16,41.86
2,Azithromycin 250mg,Antibiotics,2026-06-04,29,41.86
2,Azithromycin 250mg,Antibiotics,2026-06-05,27,41.86
2,Azithromycin 250mg,Antibiotics,2026-06-06,18,41.86
2,Azithromycin 250mg,Antibiotics,2026-06-07,18,41.86
2,Azithromycin 250mg,Antibiotics,2026-06-08,23,41.86
2,Azithromycin 250mg,Antibiotics,2026-06-09,18,41.86
2,Azithromycin 250mg,Antibiotics,2026-06-10,23,41.86
2,Azithromycin 250mg,Antibiotics,2026-06-11,19,41.86
2,Azithromycin 250mg,Antibiotics,2026-06-12,28,41.86
2,Azithromycin 250mg,Antibiotics,2026-06-13,14,41.86
2,Azithromycin 250mg,Antibiotics,2026-06-14,11,41.86
2,Azithromycin 250mg,Antibiotics,2026-06-15,21,41.86
2,Azithromycin 250mg,Antibiotics,2026-06-16,25,41.86
2,Azithromycin 250mg,Antibiotics,2026-06-17,20,41.86
2,Azithromycin 250mg,Antibiotics,2026-06-18,18,41.86
2,Azithromycin 250mg,Antibiotics,2026-06-19,24,41.86
2,Azithromycin 250mg,Antibiotics,2026-06-20,16,41.86
2,Azithromycin 250mg,Antibiotics,2026-06-21,12,41.86
2,Azithromycin 250mg,Antibiotics,2026-06-22,20,41.86
2,Azithromycin 250mg,Antibiotics,2026-06-23,24,41.86
2,Azithromycin 250mg,Antibiotics,2026-06-24,15,41.86
2,Azithromycin 250mg,Antibiotics,2026-06-25,15,41.86
2,Azithromycin 250mg,Antibiotics,2026-06-26,19,41.86
2,Azithromycin 250mg,Antibiotics,2026-06-27,14,41.86
2,Azithromycin 250mg,Antibiotics,2026-06-28,17,41.86
2,Azithromycin 250mg,Antibiotics,2026-06-29,30,41.86
2,Azithromycin 250mg,Antibiotics,2026-06-30,27,41.86
2,Azithromycin 250mg,Antibiotics,2026-07-01,30,41.86
2,Azithromycin 250mg,Antibiotics,2026-07-02,31,41.86
2,Azithromycin 250mg,Antibiotics,2026-07-03,25,41.86
2,Azithromycin 250mg,Antibiotics,2026-07-04,20,41.86
2,Azithromycin 250mg,Antibiotics,2026-07-05,19,41.86
2,Azithromycin 250mg,Antibiotics,2026-07-06,32,41.86
2,Azithromycin 250mg,Antibiotics,2026-07-07,26,41.86
2,Azithromycin 250mg,Antibiotics,2026-07-08,33,41.86
2,Azithromycin 250mg,Antibiotics,2026-07-09,39,41.86
2,Azithromycin 250mg,Antibiotics,2026-07-10,30,41.86
2,Azithromycin 250mg,Antibiotics,2026-07-11,22,41.86
2,Azithromycin 250mg,Antibiotics,2026-07-12,24,41.86
2,Azithromycin 250mg,Antibiotics,2026-07-13,29,41.86
2,Azithromycin 250mg,Antibiotics,2026-07-14,32,41.86
2,Azithromycin 250mg,Antibiotics,2026-07-15,31,41.86
2,Azithromycin 250mg,Antibiotics,2026-07-16,31,41.86
2,Azithromycin 250mg,Antibiotics,2026-07-17,27,41.86
2,Azithromycin 250mg,Antibiotics,2026-07-18,20,41.86
2,Azithromycin 250mg,Antibiotics,2026-07-19,23,41.86
2,Azithromycin 250mg,Antibiotics,2026-07-20,38,41.86
2,Azithromycin 250mg,Antibiotics,2026-07-21,36,41.86
2,Azithromycin 250mg,Antibiotics,2026-07-22,42,41.86
2,Azithromycin 250mg,Antibiotics,2026-07-23,27,41.86
2,Azithromycin 250mg,Antibiotics,2026-07-24,35,41.86
2,Azithromycin 250mg,Antibiotics,2026-07-25,21,41.86
2,Azithromycin 250mg,Antibiotics,2026-07-26,32,41.86
2,Azithromycin 250mg,Antibiotics,2026-07-27,26,41.86
2,Azithromycin 250mg,Antibiotics,2026-07-28,26,41.86
2,Azithromycin 250mg,Antibiotics,2026-07-29,27,41.86
2,Azithromycin 250mg,Antibiotics,2026-07-30,19,41.86
2,Azithromycin 250mg,Antibiotics,2026-07-31,28,41.86
2,Azithromycin 250mg,Antibiotics,2026-08-01,16,41.86
2,Azithromycin 250mg,Antibiotics,2026-08-02,21,41.86
2,Azithromycin 250mg,Antibiotics,2026-08-03,32,41.86
2,Azithromycin 250mg,Antibiotics,2026-08-04,41,41.86
2,Azithromycin 250mg,Antibiotics,2026-08-05,36,41.86
2,Azithromycin 250mg,Antibiotics,2026-08-06,28,41.86
2,Azithromycin 250mg,Antibiotics,2026-08-07,26,41.86
2,Azithromycin 250mg,Antibiotics,2026-08-08,23,41.86
2,Azithromycin 250mg,Antibiotics,2026-08-09,13,41.86
2,Azithromycin 250mg,Antibiotics,2026-08-10,40,41.86
2,Azithromycin 250mg,Antibiotics,2026-08-11,37,41.86
2,Azithromycin 250mg,Antibiotics,2026-08-12,28,41.86
2,Azithromycin 250mg,Antibiotics,2026-08-13,22,41.86
2,Azithromycin 250mg,Antibiotics,2026-08-14,38,41.86
2,Azithromycin 250mg,Antibiotics,2026-08-15,20,41.86
2,Azithromycin 250mg,Antibiotics,2026-08-16,27,41.86
2,Azithromycin 250mg,Antibiotics,2026-08-17,22,41.86
2,Azithromycin 250mg,Antibiotics,2026-08-18,27,41.86
2,Azithromycin 250mg,Antibiotics,2026-08-19,31,41.86
2,Azithromycin 250mg,Antibiotics,2026-08-20,31,41.86
2,Azithromycin 250mg,Antibiotics,2026-08-21,28,41.86
2,Azithromycin 250mg,Antibiotics,2026-08-22,24,41.86
2,Azithromycin 250mg,Antibiotics,2026-08-23,15,41.86
2,Azithromycin 250mg,Antibiotics,2026-08-24,30,41.86
2,Azithromycin 250mg,Antibiotics,2026-08-25,31,41.86
2,Azithromycin 250mg,Antibiotics,2026-08-26,33,41.86
2,Azithromycin 250mg,Antibiotics,2026-08-27,34,41.86
2,Azithromycin 250mg,Antibiotics,2026-08-28,25,41.86
2,Azithromycin 250mg,Antibiotics,2026-08-29,12,41.86
2,Azithromycin 250mg,Antibiotics,2026-08-30,27,41.86
2,Azithromycin 250mg,Antibiotics,2026-08-31,32,41.86
2,Azithromycin 250mg,Antibiotics,2026-09-01,19,41.86
2,Azithromycin 250mg,Antibiotics,2026-09-02,31,41.86
2,Azithromycin 250mg,Antibiotics,2026-09-03,23,41.86
2,Azithromycin 250mg,Antibiotics,2026-09-04,29,41.86
2,Azithromycin 250mg,Antibiotics,2026-09-05,15,41.86
2,Azithromycin 250mg,Antibiotics,2026-09-06,26,41.86
2,Azithromycin 250mg,Antibiotics,2026-09-07,32,41.86
2,Azithromycin 250mg,Antibiotics,2026-09-08,21,41.86
2,Azithromycin 250mg,Antibiotics,2026-09-09,28,41.86
2,Azithromycin 250mg,Antibiotics,2026-09-10,26,41.86
2,Azithromycin 250mg,Antibiotics,2026-09-11,30,41.86
2,Azithromycin 250mg,Antibiotics,2026-09-12,10,41.86
2,Azithromycin 250mg,Antibiotics,2026-09-13,19,41.86
2,Azithromycin 250mg,Antibiotics,2026-09-14,28,41.86
2,Azithromycin 250mg,Antibiotics,2026-09-15,13,41.86
2,Azithromycin 250mg,Antibiotics,2026-09-16,16,41.86
2,Azithromycin 250mg,Antibiotics,2026-09-17,12,41.86
2,Azithromycin 250mg,Antibiotics,2026-09-18,21,41.86
2,Azithromycin 250mg,Antibiotics,2026-09-19,19,41.86
2,Azithromycin 250mg,Antibiotics,2026-09-20,23,41.86
2,Azithromycin 250mg,Antibiotics,2026-09-21,23,41.86
2,Azithromycin 250mg,Antibiotics,2026-09-22,31,41.86
2,Azithromycin 250mg,Antibiotics,2026-09-23,15,41.86
2,Azithromycin 250mg,Antibiotics,2026-09-24,14,41.86
2,Azithromycin 250mg,Antibiotics,2026-09-25,22,41.86
3,Ciprofloxacin 500mg,Antibiotics,2026-02-18,42,48.96
3,Ciprofloxacin 500mg,Antibiotics,2026-02-19,40,48.96
3,Ciprofloxacin 500mg,Antibiotics,2026-02-20,29,48.96
3,Ciprofloxacin 500mg,Antibiotics,2026-02-21,26,48.96
3,Ciprofloxacin 500mg,Antibiotics,2026-02-22,19,48.96
3,Ciprofloxacin 500mg,Antibiotics,2026-02-23,44,48.96
3,Ciprofloxacin 500mg,Antibiotics,2026-02-24,42,48.96
3,Ciprofloxacin 500mg,Antibiotics,2026-02-25,35,48.96
3,Ciprofloxacin 500mg,Antibiotics,2026-02-26,37,48.96
3,Ciprofloxacin 500mg,Antibiotics,2026-02-27,34,48.96
3,Ciprofloxacin 500mg,Antibiotics,2026-02-28,26,48.96
3,Ciprofloxacin 500mg,Antibiotics,2026-03-01,25,48.96
3,Ciprofloxacin 500mg,Antibiotics,2026-03-02,24,48.96
3,Ciprofloxacin 500mg,Antibiotics,2026-03-03,32,48.96
3,Ciprofloxacin 500mg,Antibiotics,2026-03-04,27,48.96
3,Ciprofloxacin 500mg,Antibiotics,2026-03-05,25,48.96
3,Ciprofloxacin 500mg,Antibiotics,2026-03-06,29,48.96
3,Ciprofloxacin 500mg,Antibiotics,2026-03-07,14,48.96
3,Ciprofloxacin 500mg,Antibiotics,2026-03-08,16,48.96
3,Ciprofloxacin 500mg,Antibiotics,2026-03-09,23,48.96
3,Ciprofloxacin 500mg,Antibiotics,2026-03-10,40,48.96
3,Ciprofloxacin 500mg,Antibiotics,2026-03-11,30,48.96
3,Ciprofloxacin 500mg,Antibiotics,2026-03-12,26,48.96
3,Ciprofloxacin 500mg,Antibiotics,2026-03-13,31,48.96
3,Ciprofloxacin 500mg,Antibiotics,2026-03-14,19,48.96
3,Ciprofloxacin 500mg,Antibiotics,2026-03-15,18,48.96
3,Ciprofloxacin 500mg,Antibiotics,2026-03-16,33,48.96
3,Ciprofloxacin 500mg,Antibiotics,2026-03-17,34,48.96
3,Ciprofloxacin 500mg,Antibiotics,2026-03-18,27,48.96
3,Ciprofloxacin 500mg,Antibiotics,2026-03-19,26,48.96
3,Ciprofloxacin 500mg,Antibiotics,2026-03-20,28,48.96
3,Ciprofloxacin 500mg,Antibiotics,2026-03-21,7,48.96
3,Ciprofloxacin 500mg,Antibiotics,2026-03-22,11,48.96
3,Ciprofloxacin 500mg,Antibiotics,2026-03-23,37,48.96
3,Ciprofloxacin 500mg,Antibiotics,2026-03-24,38,48.96
3,Ciprofloxacin 500mg,Antibiotics,2026-03-25,28,48.96
3,Ciprofloxacin 500mg,Antibiotics,2026-03-26,33,48.96
3,Ciprofloxacin 500mg,Antibiotics,2026-03-27,31,48.96
3,Ciprofloxacin 500mg,Antibiotics,2026-03-28,36,48.96
3,Ciprofloxacin 500mg,Antibiotics,2026-03-29,26,48.96
3,Ciprofloxacin 500mg,Antibiotics,2026-03-30,29,48.96
3,Ciprofloxacin 500mg,Antibiotics,2026-03-31,24,48.96
3,Ciprofloxacin 500mg,Antibiotics,2026-04-01,21,48.96
3,Ciprofloxacin 500mg,Antibiotics,2026-04-02,31,48.96
3,Ciprofloxacin 500mg,Antibiotics,2026-04-03,25,48.96
3,Ciprofloxacin 500mg,Antibiotics,2026-04-04,12,48.96
3,Ciprofloxacin 500mg,Antibiotics,2026-04-05,16,48.96
3,Ciprofloxacin 500mg,Antibiotics,2026-04-06,23,48.96
3,Ciprofloxacin 500mg,Antibiotics,2026-04-07,39,48.96
3,Ciprofloxacin 500mg,Antibiotics,2026-04-08,34,48.96
3,Ciprofloxacin 500mg,Antibiotics,2026-04-09,29,48.96
3,Ciprofloxacin 500mg,Antibiotics,2026-04-10,37,48.96
3,Ciprofloxacin 500mg,Antibiotics,2026-04-11,20,48.96
3,Ciprofloxacin 500mg,Antibiotics,2026-04-12,15,48.96
3,Ciprofloxacin 500mg,Antibiotics,2026-04-13,38,48.96
3,Ciprofloxacin 500mg,Antibiotics,2026-04-14,32,48.96
3,Ciprofloxacin 500mg,Antibiotics,2026-04-15,24,48.96
3,Ciprofloxacin 500mg,Antibiotics,2026-04-16,28,48.96
3,Ciprofloxacin 500mg,Antibiotics,2026-04-17,25,48.96
3,Ciprofloxacin 500mg,Antibiotics,2026-04-18,12,48.96
3,Ciprofloxacin 500mg,Antibiotics,2026-04-19,24,48.96
3,Ciprofloxacin 500mg,Antibiotics,2026-04-20,40,48.96
3,Ciprofloxacin 500mg,Antibiotics,2026-04-21,22,48.96
3,Ciprofloxacin 500mg,Antibiotics,2026-04-22,32,48.96
3,Ciprofloxacin 500mg,Antibiotics,2026-04-23,26,48.96
3,Ciprofloxacin 500mg,Antibiotics,2026-04-24,27,48.96
3,Ciprofloxacin 500mg,Antibiotics,2026-04-25,16,48.96
3,Ciprofloxacin 500mg,Antibiotics,2026-04-26,15,48.96
3,Ciprofloxacin 500mg,Antibiotics,2026-04-27,30,48.96
3,Ciprofloxacin 500mg,Antibiotics,2026-04-28,25,48.96
3,Ciprofloxacin 500mg,Antibiotics,2026-04-29,31,48.96
3,Ciprofloxacin 500mg,Antibiotics,2026-04-30,29,48.96
3,Ciprofloxacin 500mg,Antibiotics,2026-05-01,28,48.96
3,Ciprofloxacin 500mg,Antibiotics,2026-05-02,14,48.96
3,Ciprofloxacin 500mg,Antibiotics,2026-05-03,16,48.96
3,Ciprofloxacin 500mg,Antibiotics,2026-05-04,34,48.96
3,Ciprofloxacin 500mg,Antibiotics,2026-05-05,32,48.96
3,Ciprofloxacin 500mg,Antibiotics,2026-05-06,24,48.96
3,Ciprofloxacin 500mg,Antibiotics,2026-05-07,30,48.96
3,Ciprofloxacin 500mg,Antibiotics,2026-05-08,34,48.96
3,Ciprofloxacin 500mg,Antibiotics,2026-05-09,10,48.96
3,Ciprofloxacin 500mg,Antibiotics,2026-05-10,22,48.96
3,Ciprofloxacin 500mg,Antibiotics,2026-05-11,26,48.96
3,Ciprofloxacin 500mg,Antibiotics,2026-05-12,33,48.96
3,Ciprofloxacin 500mg,Antibiotics,2026-05-13,25,48.96
3,Ciprofloxacin 500mg,Antibiotics,2026-05-14,20,48.96
3,Ciprofloxacin 500mg,Antibiotics,2026-05-15,21,48.96
3,Ciprofloxacin 500mg,Antibiotics,2026-05-16,20,48.96
3,Ciprofloxacin 500mg,Antibiotics,2026-05-17,21,48.96
3,Ciprofloxacin 500mg,Antibiotics,2026-05-18,24,48.96
3,Ciprofloxacin 500mg,Antibiotics,2026-05-19,33,48.96
3,Ciprofloxacin 500mg,Antibiotics,2026-05-20,20,48.96
3,Ciprofloxacin 500mg,Antibiotics,2026-05-21,29,48.96
3,Ciprofloxacin 500mg,Antibiotics,2026-05-22,23,48.96
3,Ciprofloxacin 500mg,Antibiotics,2026-05-23,16,48.96
3,Ciprofloxacin 500mg,Antibiotics,2026-05-24,20,48.96
3,Ciprofloxacin 500mg,Antibiotics,2026-05-25,25,48.96
3,Ciprofloxacin 500mg,Antibiotics,2026-05-26,27,48.96
3,Ciprofloxacin 500mg,Antibiotics,2026-05-27,35,48.96
3,Ciprofloxacin 500mg,Antibiotics,2026-05-28,26,48.96
3,Ciprofloxacin 500mg,Antibiotics,2026-05-29,34,48.96
3,Ciprofloxacin 500mg,Antibiotics,2026-05-30,13,48.96
3,Ciprofloxacin 500mg,Antibiotics,2026-05-31,22,48.96
3,Ciprofloxacin 500mg,Antibiotics,2026-06-01,37,48.96
3,Ciprofloxacin 500mg,Antibiotics,2026-06-02,16,48.96
3,Ciprofloxacin 500mg,Antibiotics,2026-06-03,25,48.96
3,Ciprofloxacin 500mg,Antibiotics,2026-06-04,33,48.96
3,Ciprofloxacin 500mg,Antibiotics,2026-06-05,28,48.96
3,Ciprofloxacin 500mg,Antibiotics,2026-06-06,21,48.96
3,Ciprofloxacin 500mg,Antibiotics,2026-06-07,16,48.96
3,Ciprofloxacin 500mg,Antibiotics,2026-06-08,30,48.96
3,Ciprofloxacin 500mg,Antibiotics,2026-06-09,29,48.96
3,Ciprofloxacin 500mg,Antibiotics,2026-06-10,36,48.96
3,Ciprofloxacin 500mg,Antibiotics,2026-06-11,31,48.96
3,Ciprofloxacin 500mg,Antibiotics,2026-06-12,31,48.96
3,Ciprofloxacin 500mg,Antibiotics,2026-06-13,17,48.96
3,Ciprofloxacin 500mg,Antibiotics,2026-06-14,17,48.96
3,Ciprofloxacin 500mg,Antibiotics,2026-06-15,27,48.96
3,Ciprofloxacin 500mg,Antibiotics,2026-06-16,32,48.96
3,Ciprofloxacin 500mg,Antibiotics,2026-06-17,27,48.96
3,Ciprofloxacin 500mg,Antibiotics,2026-06-18,31,48.96
3,Ciprofloxacin 500mg,Antibiotics,2026-06-19,41,48.96
3,Ciprofloxacin 500mg,Antibiotics,2026-06-20,24,48.96
3,Ciprofloxacin 500mg,Antibiotics,2026-06-21,18,48.96
3,Ciprofloxacin 500mg,Antibiotics,2026-06-22,36,48.96
3,Ciprofloxacin 500mg,Antibiotics,2026-06-23,27,48.96
3,Ciprofloxacin 500mg,Antibiotics,2026-06-24,18,48.96
3,Ciprofloxacin 500mg,Antibiotics,2026-06-25,24,48.96
3,Ciprofloxacin 500mg,Antibiotics,2026-06-26,19,48.96
3,Ciprofloxacin 500mg,Antibiotics,2026-06-27,18,48.96
3,Ciprofloxacin 500mg,Antibiotics,2026-06-28,20,48.96
3,Ciprofloxacin 500mg,Antibiotics,2026-06-29,39,48.96
3,Ciprofloxacin 500mg,Antibiotics,2026-06-30,31,48.96
3,Ciprofloxacin 500mg,Antibiotics,2026-07-01,39,48.96
3,Ciprofloxacin 500mg,Antibiotics,2026-07-02,44,48.96
3,Ciprofloxacin 500mg,Antibiotics,2026-07-03,28,48.96
3,Ciprofloxacin 500mg,Antibiotics,2026-07-04,28,48.96
3,Ciprofloxacin 500mg,Antibiotics,2026-07-05,31,48.96
3,Ciprofloxacin 500mg,Antibiotics,2026-07-06,32,48.96
3,Ciprofloxacin 500mg,Antibiotics,2026-07-07,46,48.96
3,Ciprofloxacin 500mg,Antibiotics,2026-07-08,42,48.96
3,Ciprofloxacin 500mg,Antibiotics,2026-07-09,38,48.96
3,Ciprofloxacin 500mg,Antibiotics,2026-07-10,43,48.96
3,Ciprofloxacin 500mg,Antibiotics,2026-07-11,39,48.96
3,Ciprofloxacin 500mg,Antibiotics,2026-07-12,27,48.96
3,Ciprofloxacin 500mg,Antibiotics,2026-07-13,41,48.96
3,Ciprofloxacin 500mg,Antibiotics,2026-07-14,37,48.96
3,Ciprofloxacin 500mg,Antibiotics,2026-07-15,35,48.96
3,Ciprofloxacin 500mg,Antibiotics,2026-07-16,44,48.96
3,Ciprofloxacin 500mg,Antibiotics,2026-07-17,35,48.96
3,Ciprofloxacin 500mg,Antibiotics,2026-07-18,27,48.96
3,Ciprofloxacin 500mg,Antibiotics,2026-07-19,24,48.96
3,Ciprofloxacin 500mg,Antibiotics,2026-07-20,42,48.96
3,Ciprofloxacin 500mg,Antibiotics,2026-07-21,42,48.96
3,Ciprofloxacin 500mg,Antibiotics,2026-07-22,46,48.96
3,Ciprofloxacin 500mg,Antibiotics,2026-07-23,37,48.96
3,Ciprofloxacin 500mg,Antibiotics,2026-07-24,38,48.96
3,Ciprofloxacin 500mg,Antibiotics,2026-07-25,21,48.96
3,Ciprofloxacin 500mg,Antibiotics,2026-07-26,24,48.96
3,Ciprofloxacin 500mg,Antibiotics,2026-07-27,42,48.96
3,Ciprofloxacin 500mg,Antibiotics,2026-07-28,44,48.96
3,Ciprofloxacin 500mg,Antibiotics,2026-07-29,35,48.96
3,Ciprofloxacin 500mg,Antibiotics,2026-07-30,45,48.96
3,Ciprofloxacin 500mg,Antibiotics,2026-07-31,47,48.96
3,Ciprofloxacin 500mg,Antibiotics,2026-08-01,29,48.96
3,Ciprofloxacin 500mg,Antibiotics,2026-08-02,37,48.96
3,Ciprofloxacin 500mg,Antibiotics,2026-08-03,36,48.96
3,Ciprofloxacin 500mg,Antibiotics,2026-08-04,33,48.96
3,Ciprofloxacin 500mg,Antibiotics,2026-08-05,30,48.96
3,Ciprofloxacin 500mg,Antibiotics,2026-08-06,48,48.96
3,Ciprofloxacin 500mg,Antibiotics,2026-08-07,43,48.96
3,Ciprofloxacin 500mg,Antibiotics,2026-08-08,26,48.96
3,Ciprofloxacin 500mg,Antibiotics,2026-08-09,28,48.96
3,Ciprofloxacin 500mg,Antibiotics,2026-08-10,34,48.96
3,Ciprofloxacin 500mg,Antibiotics,2026-08-11,53,48.96
3,Ciprofloxacin 500mg,Antibiotics,2026-08-12,41,48.96
3,Ciprofloxacin 500mg,Antibiotics,2026-08-13,40,48.96
3,Ciprofloxacin 500mg,Antibiotics,2026-08-14,44,48.96
3,Ciprofloxacin 500mg,Antibiotics,2026-08-15,29,48.96
3,Ciprofloxacin 500mg,Antibiotics,2026-08-16,28,48.96
3,Ciprofloxacin 500mg,Antibiotics,2026-08-17,36,48.96
3,Ciprofloxacin 500mg,Antibiotics,2026-08-18,42,48.96
3,Ciprofloxacin 500mg,Antibiotics,2026-08-19,50,48.96
3,Ciprofloxacin 500mg,Antibiotics,2026-08-20,47,48.96
3,Ciprofloxacin 500mg,Antibiotics,2026-08-21,49,48.96
3,Ciprofloxacin 500mg,Antibiotics,2026-08-22,24,48.96
3,Ciprofloxacin 500mg,Antibiotics,2026-08-23,21,48.96
3,Ciprofloxacin 500mg,Antibiotics,2026-08-24,39,48.96
3,Ciprofloxacin 500mg,Antibiotics,2026-08-25,40,48.96
3,Ciprofloxacin 500mg,Antibiotics,2026-08-26,46,48.96
3,Ciprofloxacin 500mg,Antibiotics,2026-08-27,31,48.96
3,Ciprofloxacin 500mg,Antibiotics,2026-08-28,48,48.96
3,Ciprofloxacin 500mg,Antibiotics,2026-08-29,26,48.96
3,Ciprofloxacin 500mg,Antibiotics,2026-08-30,24,48.96
3,Ciprofloxacin 500mg,Antibiotics,2026-08-31,34,48.96
3,Ciprofloxacin 500mg,Antibiotics,2026-09-01,20,48.96
3,Ciprofloxacin 500mg,Antibiotics,2026-09-02,34,48.96
3,Ciprofloxacin 500mg,Antibiotics,2026-09-03,30,48.96
3,Ciprofloxacin 500mg,Antibiotics,2026-09-04,22,48.96
3,Ciprofloxacin 500mg,Antibiotics,2026-09-05,12,48.96
3,Ciprofloxacin 500mg,Antibiotics,2026-09-06,18,48.96
3,Ciprofloxacin 500mg,Antibiotics,2026-09-07,39,48.96
3,Ciprofloxacin 500mg,Antibiotics,2026-09-08,28,48.96
3,Ciprofloxacin 500mg,Antibiotics,2026-09-09,21,48.96
3,Ciprofloxacin 500mg,Antibiotics,2026-09-10,28,48.96
3,Ciprofloxacin 500mg,Antibiotics,2026-09-11,28,48.96
3,Ciprofloxacin 500mg,Antibiotics,2026-09-12,5,48.96
3,Ciprofloxacin 500mg,Antibiotics,2026-09-13,19,48.96
3,Ciprofloxacin 500mg,Antibiotics,2026-09-14,28,48.96
3,Ciprofloxacin 500mg,Antibiotics,2026-09-15,33,48.96
3,Ciprofloxacin 500mg,Antibiotics,2026-09-16,39,48.96
3,Ciprofloxacin 500mg,Antibiotics,2026-09-17,36,48.96
3,Ciprofloxacin 500mg,Antibiotics,2026-09-18,28,48.96
3,Ciprofloxacin 500mg,Antibiotics,2026-09-19,13,48.96
3,Ciprofloxacin 500mg,Antibiotics,2026-09-20,33,48.96
3,Ciprofloxacin 500mg,Antibiotics,2026-09-21,30,48.96
3,Ciprofloxacin 500mg,Antibiotics,2026-09-22,29,48.96
3,Ciprofloxacin 500mg,Antibiotics,2026-09-23,29,48.96
3,Ciprofloxacin 500mg,Antibiotics,2026-09-24,30,48.96
3,Ciprofloxacin 500mg,Antibiotics,2026-09-25,29,48.96
4,Ceftriaxone 1g Inj,Antibiotics,2026-02-18,56,47.94
4,Ceftriaxone 1g Inj,Antibiotics,2026-02-19,57,47.94
4,Ceftriaxone 1g Inj,Antibiotics,2026-02-20,61,47.94
4,Ceftriaxone 1g Inj,Antibiotics,2026-02-21,36,47.94
4,Ceftriaxone 1g Inj,Antibiotics,2026-02-22,35,47.94
4,Ceftriaxone 1g Inj,Antibiotics,2026-02-23,62,47.94
4,Ceftriaxone 1g Inj,Antibiotics,2026-02-24,59,47.94
4,Ceftriaxone 1g Inj,Antibiotics,2026-02-25,75,47.94
4,Ceftriaxone 1g Inj,Antibiotics,2026-02-26,38,47.94
4,Ceftriaxone 1g Inj,Antibiotics,2026-02-27,71,47.94
4,Ceftriaxone 1g Inj,Antibiotics,2026-02-28,52,47.94
4,Ceftriaxone 1g Inj,Antibiotics,2026-03-01,12,47.94
4,Ceftriaxone 1g Inj,Antibiotics,2026-03-02,42,47.94
4,Ceftriaxone 1g Inj,Antibiotics,2026-03-03,42,47.94
4,Ceftriaxone 1g Inj,Antibiotics,2026-03-04,33,47.94
4,Ceftriaxone 1g Inj,Antibiotics,2026-03-05,39,47.94
4,Ceftriaxone 1g Inj,Antibiotics,2026-03-06,36,47.94
4,Ceftriaxone 1g Inj,Antibiotics,2026-03-07,45,47.94
4,Ceftriaxone 1g Inj,Antibiotics,2026-03-08,38,47.94
4,Ceftriaxone 1g Inj,Antibiotics,2026-03-09,57,47.94
4,Ceftriaxone 1g Inj,Antibiotics,2026-03-10,52,47.94
4,Ceftriaxone 1g Inj,Antibiotics,2026-03-11,36,47.94
4,Ceftriaxone 1g Inj,Antibiotics,2026-03-12,41,47.94
4,Ceftriaxone 1g Inj,Antibiotics,2026-03-13,50,47.94
4,Ceftriaxone 1g Inj,Antibiotics,2026-03-14,19,47.94
4,Ceftriaxone 1g Inj,Antibiotics,2026-03-15,36,47.94
4,Ceftriaxone 1g Inj,Antibiotics,2026-03-16,43,47.94
4,Ceftriaxone 1g Inj,Antibiotics,2026-03-17,42,47.94
4,Ceftriaxone 1g Inj,Antibiotics,2026-03-18,52,47.94
4,Ceftriaxone 1g Inj,Antibiotics,2026-03-19,49,47.94
4,Ceftriaxone 1g Inj,Antibiotics,2026-03-20,42,47.94
4,Ceftriaxone 1g Inj,Antibiotics,2026-03-21,40,47.94
4,Ceftriaxone 1g Inj,Antibiotics,2026-03-22,21,47.94
4,Ceftriaxone 1g Inj,Antibiotics,2026-03-23,51,47.94
4,Ceftriaxone 1g Inj,Antibiotics,2026-03-24,51,47.94
4,Ceftriaxone 1g Inj,Antibiotics,2026-03-25,43,47.94
4,Ceftriaxone 1g Inj,Antibiotics,2026-03-26,48,47.94
4,Ceftriaxone 1g Inj,Antibiotics,2026-03-27,34,47.94
4,Ceftriaxone 1g Inj,Antibiotics,2026-03-28,38,47.94
4,Ceftriaxone 1g Inj,Antibiotics,2026-03-29,28,47.94
4,Ceftriaxone 1g Inj,Antibiotics,2026-03-30,41,47.94
4,Ceftriaxone 1g Inj,Antibiotics,2026-03-31,55,47.94
4,Ceftriaxone 1g Inj,Antibiotics,2026-04-01,39,47.94
4,Ceftriaxone 1g Inj,Antibiotics,2026-04-02,33,47.94
4,Ceftriaxone 1g Inj,Antibiotics,2026-04-03,32,47.94
4,Ceftriaxone 1g Inj,Antibiotics,2026-04-04,35,47.94
4,Ceftriaxone 1g Inj,Antibiotics,2026-04-05,19,47.94
4,Ceftriaxone 1g Inj,Antibiotics,2026-04-06,61,47.94
4,Ceftriaxone 1g Inj,Antibiotics,2026-04-07,27,47.94
4,Ceftriaxone 1g Inj,Antibiotics,2026-04-08,60,47.94
4,Ceftriaxone 1g Inj,Antibiotics,2026-04-09,47,47.94
4,Ceftriaxone 1g Inj,Antibiotics,2026-04-10,45,47.94
4,Ceftriaxone 1g Inj,Antibiotics,2026-04-11,25,47.94
4,Ceftriaxone 1g Inj,Antibiotics,2026-04-12,34,47.94
4,Ceftriaxone 1g Inj,Antibiotics,2026-04-13,45,47.94
4,Ceftriaxone 1g Inj,Antibiotics,2026-04-14,55,47.94
4,Ceftriaxone 1g Inj,Antibiotics,2026-04-15,46,47.94
4,Ceftriaxone 1g Inj,Antibiotics,2026-04-16,47,47.94
4,Ceftriaxone 1g Inj,Antibiotics,2026-04-17,42,47.94
4,Ceftriaxone 1g Inj,Antibiotics,2026-04-18,30,47.94
4,Ceftriaxone 1g Inj,Antibiotics,2026-04-19,33,47.94
4,Ceftriaxone 1g Inj,Antibiotics,2026-04-20,30,47.94
4,Ceftriaxone 1g Inj,Antibiotics,2026-04-21,34,47.94
4,Ceftriaxone 1g Inj,Antibiotics,2026-04-22,52,47.94
4,Ceftriaxone 1g Inj,Antibiotics,2026-04-23,47,47.94
4,Ceftriaxone 1g Inj,Antibiotics,2026-04-24,44,47.94
4,Ceftriaxone 1g Inj,Antibiotics,2026-04-25,30,47.94
4,Ceftriaxone 1g Inj,Antibiotics,2026-04-26,33,47.94
4,Ceftriaxone 1g Inj,Antibiotics,2026-04-27,41,47.94
4,Ceftriaxone 1g Inj,Antibiotics,2026-04-28,39,47.94
4,Ceftriaxone 1g Inj,Antibiotics,2026-04-29,47,47.94
4,Ceftriaxone 1g Inj,Antibiotics,2026-04-30,37,47.94
4,Ceftriaxone 1g Inj,Antibiotics,2026-05-01,49,47.94
4,Ceftriaxone 1g Inj,Antibiotics,2026-05-02,15,47.94
4,Ceftriaxone 1g Inj,Antibiotics,2026-05-03,39,47.94
4,Ceftriaxone 1g Inj,Antibiotics,2026-05-04,50,47.94
4,Ceftriaxone 1g Inj,Antibiotics,2026-05-05,48,47.94
4,Ceftriaxone 1g Inj,Antibiotics,2026-05-06,54,47.94
4,Ceftriaxone 1g Inj,Antibiotics,2026-05-07,60,47.94
4,Ceftriaxone 1g Inj,Antibiotics,2026-05-08,54,47.94
4,Ceftriaxone 1g Inj,Antibiotics,2026-05-09,14,47.94
4,Ceftriaxone 1g Inj,Antibiotics,2026-05-10,19,47.94
4,Ceftriaxone 1g Inj,Antibiotics,2026-05-11,40,47.94
4,Ceftriaxone 1g Inj,Antibiotics,2026-05-12,46,47.94
4,Ceftriaxone 1g Inj,Antibiotics,2026-05-13,50,47.94
4,Ceftriaxone 1g Inj,Antibiotics,2026-05-14,39,47.94
4,Ceftriaxone 1g Inj,Antibiotics,2026-05-15,47,47.94
4,Ceftriaxone 1g Inj,Antibiotics,2026-05-16,23,47.94
4,Ceftriaxone 1g Inj,Antibiotics,2026-05-17,25,47.94
4,Ceftriaxone 1g Inj,Antibiotics,2026-05-18,33,47.94
4,Ceftriaxone 1g Inj,Antibiotics,2026-05-19,37,47.94
4,Ceftriaxone 1g Inj,Antibiotics,2026-05-20,34,47.94
4,Ceftriaxone 1g Inj,Antibiotics,2026-05-21,37,47.94
4,Ceftriaxone 1g Inj,Antibiotics,2026-05-22,55,47.94
4,Ceftriaxone 1g Inj,Antibiotics,2026-05-23,22,47.94
4,Ceftriaxone 1g Inj,Antibiotics,2026-05-24,53,47.94
4,Ceftriaxone 1g Inj,Antibiotics,2026-05-25,50,47.94
4,Ceftriaxone 1g Inj,Antibiotics,2026-05-26,47,47.94
4,Ceftriaxone 1g Inj,Antibiotics,2026-05-27,38,47.94
4,Ceftriaxone 1g Inj,Antibiotics,2026-05-28,52,47.94
4,Ceftriaxone 1g Inj,Antibiotics,2026-05-29,40,47.94
4,Ceftriaxone 1g Inj,Antibiotics,2026-05-30,31,47.94
4,Ceftriaxone 1g Inj,Antibiotics,2026-05-31,53,47.94
4,Ceftriaxone 1g Inj,Antibiotics,2026-06-01,45,47.94
4,Ceftriaxone 1g Inj,Antibiotics,2026-06-02,55,47.94
4,Ceftriaxone 1g Inj,Antibiotics,2026-06-03,39,47.94
4,Ceftriaxone 1g Inj,Antibiotics,2026-06-04,45,47.94
4,Ceftriaxone 1g Inj,Antibiotics,2026-06-05,61,47.94
4,Ceftriaxone 1g Inj,Antibiotics,2026-06-06,25,47.94
4,Ceftriaxone 1g Inj,Antibiotics,2026-06-07,46,47.94
4,Ceftriaxone 1g Inj,Antibiotics,2026-06-08,52,47.94
4,Ceftriaxone 1g Inj,Antibiotics,2026-06-09,40,47.94
4,Ceftriaxone 1g Inj,Antibiotics,2026-06-10,51,47.94
4,Ceftriaxone 1g Inj,Antibiotics,2026-06-11,54,47.94
4,Ceftriaxone 1g Inj,Antibiotics,2026-06-12,51,47.94
4,Ceftriaxone 1g Inj,Antibiotics,2026-06-13,16,47.94
4,Ceftriaxone 1g Inj,Antibiotics,2026-06-14,24,47.94
4,Ceftriaxone 1g Inj,Antibiotics,2026-06-15,43,47.94
4,Ceftriaxone 1g Inj,Antibiotics,2026-06-16,45,47.94
4,Ceftriaxone 1g Inj,Antibiotics,2026-06-17,51,47.94
4,Ceftriaxone 1g Inj,Antibiotics,2026-06-18,47,47.94
4,Ceftriaxone 1g Inj,Antibiotics,2026-06-19,34,47.94
4,Ceftriaxone 1g Inj,Antibiotics,2026-06-20,33,47.94
4,Ceftriaxone 1g Inj,Antibiotics,2026-06-21,35,47.94
4,Ceftriaxone 1g Inj,Antibiotics,2026-06-22,50,47.94
4,Ceftriaxone 1g Inj,Antibiotics,2026-06-23,55,47.94
4,Ceftriaxone 1g Inj,Antibiotics,2026-06-24,53,47.94
4,Ceftriaxone 1g Inj,Antibiotics,2026-06-25,49,47.94
4,Ceftriaxone 1g Inj,Antibiotics,2026-06-26,45,47.94
4,Ceftriaxone 1g Inj,Antibiotics,2026-06-27,16,47.94
4,Ceftriaxone 1g Inj,Antibiotics,2026-06-28,34,47.94
4,Ceftriaxone 1g Inj,Antibiotics,2026-06-29,47,47.94
4,Ceftriaxone 1g Inj,Antibiotics,2026-06-30,48,47.94
4,Ceftriaxone 1g Inj,Antibiotics,2026-07-01,50,47.94
4,Ceftriaxone 1g Inj,Antibiotics,2026-07-02,52,47.94
4,Ceftriaxone 1g Inj,Antibiotics,2026-07-03,71,47.94
4,Ceftriaxone 1g Inj,Antibiotics,2026-07-04,40,47.94
4,Ceftriaxone 1g Inj,Antibiotics,2026-07-05,47,47.94
4,Ceftriaxone 1g Inj,Antibiotics,2026-07-06,62,47.94
4,Ceftriaxone 1g Inj,Antibiotics,2026-07-07,62,47.94
4,Ceftriaxone 1g Inj,Antibiotics,2026-07-08,70,47.94
4,Ceftriaxone 1g Inj,Antibiotics,2026-07-09,57,47.94
4,Ceftriaxone 1g Inj,Antibiotics,2026-07-10,62,47.94
4,Ceftriaxone 1g Inj,Antibiotics,2026-07-11,37,47.94
4,Ceftriaxone 1g Inj,Antibiotics,2026-07-12,37,47.94
4,Ceftriaxone 1g Inj,Antibiotics,2026-07-13,59,47.94
4,Ceftriaxone 1g Inj,Antibiotics,2026-07-14,63,47.94
4,Ceftriaxone 1g Inj,Antibiotics,2026-07-15,57,47.94
4,Ceftriaxone 1g Inj,Antibiotics,2026-07-16,72,47.94
4,Ceftriaxone 1g Inj,Antibiotics,2026-07-17,54,47.94
4,Ceftriaxone 1g Inj,Antibiotics,2026-07-18,39,47.94
4,Ceftriaxone 1g Inj,Antibiotics,2026-07-19,37,47.94
4,Ceftriaxone 1g Inj,Antibiotics,2026-07-20,74,47.94
4,Ceftriaxone 1g Inj,Antibiotics,2026-07-21,63,47.94
4,Ceftriaxone 1g Inj,Antibiotics,2026-07-22,71,47.94
4,Ceftriaxone 1g Inj,Antibiotics,2026-07-23,48,47.94
4,Ceftriaxone 1g Inj,Antibiotics,2026-07-24,64,47.94
4,Ceftriaxone 1g Inj,Antibiotics,2026-07-25,49,47.94
4,Ceftriaxone 1g Inj,Antibiotics,2026-07-26,42,47.94
4,Ceftriaxone 1g Inj,Antibiotics,2026-07-27,71,47.94
4,Ceftriaxone 1g Inj,Antibiotics,2026-07-28,57,47.94
4,Ceftriaxone 1g Inj,Antibiotics,2026-07-29,74,47.94
4,Ceftriaxone 1g Inj,Antibiotics,2026-07-30,82,47.94
4,Ceftriaxone 1g Inj,Antibiotics,2026-07-31,58,47.94
4,Ceftriaxone 1g Inj,Antibiotics,2026-08-01,37,47.94
4,Ceftriaxone 1g Inj,Antibiotics,2026-08-02,54,47.94
4,Ceftriaxone 1g Inj,Antibiotics,2026-08-03,75,47.94
4,Ceftriaxone 1g Inj,Antibiotics,2026-08-04,57,47.94
4,Ceftriaxone 1g Inj,Antibiotics,2026-08-05,58,47.94
4,Ceftriaxone 1g Inj,Antibiotics,2026-08-06,59,47.94
4,Ceftriaxone 1g Inj,Antibiotics,2026-08-07,50,47.94
4,Ceftriaxone 1g Inj,Antibiotics,2026-08-08,33,47.94
4,Ceftriaxone 1g Inj,Antibiotics,2026-08-09,32,47.94
4,Ceftriaxone 1g Inj,Antibiotics,2026-08-10,55,47.94
4,Ceftriaxone 1g Inj,Antibiotics,2026-08-11,61,47.94
4,Ceftriaxone 1g Inj,Antibiotics,2026-08-12,64,47.94
4,Ceftriaxone 1g Inj,Antibiotics,2026-08-13,75,47.94
4,Ceftriaxone 1g Inj,Antibiotics,2026-08-14,53,47.94
4,Ceftriaxone 1g Inj,Antibiotics,2026-08-15,49,47.94
4,Ceftriaxone 1g Inj,Antibiotics,2026-08-16,39,47.94
4,Ceftriaxone 1g Inj,Antibiotics,2026-08-17,61,47.94
4,Ceftriaxone 1g Inj,Antibiotics,2026-08-18,67,47.94
4,Ceftriaxone 1g Inj,Antibiotics,2026-08-19,52,47.94
4,Ceftriaxone 1g Inj,Antibiotics,2026-08-20,65,47.94
4,Ceftriaxone 1g Inj,Antibiotics,2026-08-21,63,47.94
4,Ceftriaxone 1g Inj,Antibiotics,2026-08-22,45,47.94
4,Ceftriaxone 1g Inj,Antibiotics,2026-08-23,43,47.94
4,Ceftriaxone 1g Inj,Antibiotics,2026-08-24,83,47.94
4,Ceftriaxone 1g Inj,Antibiotics,2026-08-25,56,47.94
4,Ceftriaxone 1g Inj,Antibiotics,2026-08-26,57,47.94
4,Ceftriaxone 1g Inj,Antibiotics,2026-08-27,56,47.94
4,Ceftriaxone 1g Inj,Antibiotics,2026-08-28,57,47.94
4,Ceftriaxone 1g Inj,Antibiotics,2026-08-29,35,47.94
4,Ceftriaxone 1g Inj,Antibiotics,2026-08-30,51,47.94
4,Ceftriaxone 1g Inj,Antibiotics,2026-08-31,74,47.94
4,Ceftriaxone 1g Inj,Antibiotics,2026-09-01,40,47.94
4,Ceftriaxone 1g Inj,Antibiotics,2026-09-02,38,47.94
4,Ceftriaxone 1g Inj,Antibiotics,2026-09-03,50,47.94
4,Ceftriaxone 1g Inj,Antibiotics,2026-09-04,41,47.94
4,Ceftriaxone 1g Inj,Antibiotics,2026-09-05,36,47.94
4,Ceftriaxone 1g Inj,Antibiotics,2026-09-06,32,47.94
4,Ceftriaxone 1g Inj,Antibiotics,2026-09-07,32,47.94
4,Ceftriaxone 1g Inj,Antibiotics,2026-09-08,59,47.94
4,Ceftriaxone 1g Inj,Antibiotics,2026-09-09,61,47.94
4,Ceftriaxone 1g Inj,Antibiotics,2026-09-10,40,47.94
4,Ceftriaxone 1g Inj,Antibiotics,2026-09-11,42,47.94
4,Ceftriaxone 1g Inj,Antibiotics,2026-09-12,33,47.94
4,Ceftriaxone 1g Inj,Antibiotics,2026-09-13,33,47.94
4,Ceftriaxone 1g Inj,Antibiotics,2026-09-14,51,47.94
4,Ceftriaxone 1g Inj,Antibiotics,2026-09-15,63,47.94
4,Ceftriaxone 1g Inj,Antibiotics,2026-09-16,44,47.94
4,Ceftriaxone 1g Inj,Antibiotics,2026-09-17,38,47.94
4,Ceftriaxone 1g Inj,Antibiotics,2026-09-18,33,47.94
4,Ceftriaxone 1g Inj,Antibiotics,2026-09-19,24,47.94
4,Ceftriaxone 1g Inj,Antibiotics,2026-09-20,30,47.94
4,Ceftriaxone 1g Inj,Antibiotics,2026-09-21,61,47.94
4,Ceftriaxone 1g Inj,Antibiotics,2026-09-22,41,47.94
4,Ceftriaxone 1g Inj,Antibiotics,2026-09-23,47,47.94
4,Ceftriaxone 1g Inj,Antibiotics,2026-09-24,45,47.94
4,Ceftriaxone 1g Inj,Antibiotics,2026-09-25,56,47.94
5,Doxycycline 100mg,Antibiotics,2026-02-18,81,13.96
5,Doxycycline 100mg,Antibiotics,2026-02-19,50,13.96
5,Doxycycline 100mg,Antibiotics,2026-02-20,50,13.96
5,Doxycycline 100mg,Antibiotics,2026-02-21,47,13.96
5,Doxycycline 100mg,Antibiotics,2026-02-22,43,13.96
5,Doxycycline 100mg,Antibiotics,2026-02-23,74,13.96
5,Doxycycline 100mg,Antibiotics,2026-02-24,61,13.96
5,Doxycycline 100mg,Antibiotics,2026-02-25,51,13.96
5,Doxycycline 100mg,Antibiotics,2026-02-26,61,13.96
5,Doxycycline 100mg,Antibiotics,2026-02-27,66,13.96
5,Doxycycline 100mg,Antibiotics,2026-02-28,45,13.96
5,Doxycycline 100mg,Antibiotics,2026-03-01,32,13.96
5,Doxycycline 100mg,Antibiotics,2026-03-02,52,13.96
5,Doxycycline 100mg,Antibiotics,2026-03-03,53,13.96
5,Doxycycline 100mg,Antibiotics,2026-03-04,55,13.96
5,Doxycycline 100mg,Antibiotics,2026-03-05,47,13.96
5,Doxycycline 100mg,Antibiotics,2026-03-06,39,13.96
5,Doxycycline 100mg,Antibiotics,2026-03-07,28,13.96
5,Doxycycline 100mg,Antibiotics,2026-03-08,39,13.96
5,Doxycycline 100mg,Antibiotics,2026-03-09,32,13.96
5,Doxycycline 100mg,Antibiotics,2026-03-10,44,13.96
5,Doxycycline 100mg,Antibiotics,2026-03-11,37,13.96
5,Doxycycline 100mg,Antibiotics,2026-03-12,41,13.96
5,Doxycycline 100mg,Antibiotics,2026-03-13,54,13.96
5,Doxycycline 100mg,Antibiotics,2026-03-14,29,13.96
5,Doxycycline 100mg,Antibiotics,2026-03-15,27,13.96
5,Doxycycline 100mg,Antibiotics,2026-03-16,27,13.96
5,Doxycycline 100mg,Antibiotics,2026-03-17,48,13.96
5,Doxycycline 100mg,Antibiotics,2026-03-18,47,13.96
5,Doxycycline 100mg,Antibiotics,2026-03-19,63,13.96
5,Doxycycline 100mg,Antibiotics,2026-03-20,38,13.96
5,Doxycycline 100mg,Antibiotics,2026-03-21,29,13.96
5,Doxycycline 100mg,Antibiotics,2026-03-22,29,13.96
5,Doxycycline 100mg,Antibiotics,2026-03-23,57,13.96
5,Doxycycline 100mg,Antibiotics,2026-03-24,40,13.96
5,Doxycycline 100mg,Antibiotics,2026-03-25,44,13.96
5,Doxycycline 100mg,Antibiotics,2026-03-26,47,13.96
5,Doxycycline 100mg,Antibiotics,2026-03-27,43,13.96
5,Doxycycline 100mg,Antibiotics,2026-03-28,22,13.96
5,Doxycycline 100mg,Antibiotics,2026-03-29,29,13.96
5,Doxycycline 100mg,Antibiotics,2026-03-30,52,13.96
5,Doxycycline 100mg,Antibiotics,2026-03-31,30,13.96
5,Doxycycline 100mg,Antibiotics,2026-04-01,42,13.96
5,Doxycycline 100mg,Antibiotics,2026-04-02,34,13.96
5,Doxycycline 100mg,Antibiotics,2026-04-03,53,13.96
5,Doxycycline 100mg,Antibiotics,2026-04-04,11,13.96
5,Doxycycline 100mg,Antibiotics,2026-04-05,21,13.96
5,Doxycycline 100mg,Antibiotics,2026-04-06,45,13.96
5,Doxycycline 100mg,Antibiotics,2026-04-07,57,13.96
5,Doxycycline 100mg,Antibiotics,2026-04-08,40,13.96
5,Doxycycline 100mg,Antibiotics,2026-04-09,35,13.96
5,Doxycycline 100mg,Antibiotics,2026-04-10,60,13.96
5,Doxycycline 100mg,Antibiotics,2026-04-11,12,13.96
5,Doxycycline 100mg,Antibiotics,2026-04-12,5,13.96
5,Doxycycline 100mg,Antibiotics,2026-04-13,45,13.96
5,Doxycycline 100mg,Antibiotics,2026-04-14,36,13.96
5,Doxycycline 100mg,Antibiotics,2026-04-15,30,13.96
5,Doxycycline 100mg,Antibiotics,2026-04-16,48,13.96
5,Doxycycline 100mg,Antibiotics,2026-04-17,43,13.96
5,Doxycycline 100mg,Antibiotics,2026-04-18,21,13.96
5,Doxycycline 100mg,Antibiotics,2026-04-19,14,13.96
5,Doxycycline 100mg,Antibiotics,2026-04-20,50,13.96
5,Doxycycline 100mg,Antibiotics,2026-04-21,47,13.96
5,Doxycycline 100mg,Antibiotics,2026-04-22,40,13.96
5,Doxycycline 100mg,Antibiotics,2026-04-23,59,13.96
5,Doxycycline 100mg,Antibiotics,2026-04-24,30,13.96
5,Doxycycline 100mg,Antibiotics,2026-04-25,11,13.96
5,Doxycycline 100mg,Antibiotics,2026-04-26,20,13.96
5,Doxycycline 100mg,Antibiotics,2026-04-27,40,13.96
5,Doxycycline 100mg,Antibiotics,2026-04-28,43,13.96
5,Doxycycline 100mg,Antibiotics,2026-04-29,38,13.96
5,Doxycycline 100mg,Antibiotics,2026-04-30,44,13.96
5,Doxycycline 100mg,Antibiotics,2026-05-01,28,13.96
5,Doxycycline 100mg,Antibiotics,2026-05-02,42,13.96
5,Doxycycline 100mg,Antibiotics,2026-05-03,26,13.96
5,Doxycycline 100mg,Antibiotics,2026-05-04,52,13.96
5,Doxycycline 100mg,Antibiotics,2026-05-05,44,13.96
5,Doxycycline 100mg,Antibiotics,2026-05-06,45,13.96
5,Doxycycline 100mg,Antibiotics,2026-05-07,46,13.96
5,Doxycycline 100mg,Antibiotics,2026-05-08,45,13.96
5,Doxycycline 100mg,Antibiotics,2026-05-09,33,13.96
5,Doxycycline 100mg,Antibiotics,2026-05-10,40,13.96
5,Doxycycline 100mg,Antibiotics,2026-05-11,43,13.96
5,Doxycycline 100mg,Antibiotics,2026-05-12,48,13.96
5,Doxycycline 100mg,Antibiotics,2026-05-13,40,13.96
5,Doxycycline 100mg,Antibiotics,2026-05-14,55,13.96
5,Doxycycline 100mg,Antibiotics,2026-05-15,34,13.96
5,Doxycycline 100mg,Antibiotics,2026-05-16,45,13.96
5,Doxycycline 100mg,Antibiotics,2026-05-17,27,13.96
5,Doxycycline 100mg,Antibiotics,2026-05-18,26,13.96
5,Doxycycline 100mg,Antibiotics,2026-05-19,42,13.96
5,Doxycycline 100mg,Antibiotics,2026-05-20,34,13.96
5,Doxycycline 100mg,Antibiotics,2026-05-21,49,13.96
5,Doxycycline 100mg,Antibiotics,2026-05-22,34,13.96
5,Doxycycline 100mg,Antibiotics,2026-05-23,22,13.96
5,Doxycycline 100mg,Antibiotics,2026-05-24,8,13.96
5,Doxycycline 100mg,Antibiotics,2026-05-25,36,13.96
5,Doxycycline 100mg,Antibiotics,2026-05-26,16,13.96
5,Doxycycline 100mg,Antibiotics,2026-05-27,25,13.96
5,Doxycycline 100mg,Antibiotics,2026-05-28,48,13.96
5,Doxycycline 100mg,Antibiotics,2026-05-29,49,13.96
5,Doxycycline 100mg,Antibiotics,2026-05-30,31,13.96
5,Doxycycline 100mg,Antibiotics,2026-05-31,17,13.96
5,Doxycycline 100mg,Antibiotics,2026-06-01,40,13.96
5,Doxycycline 100mg,Antibiotics,2026-06-02,41,13.96
5,Doxycycline 100mg,Antibiotics,2026-06-03,29,13.96
5,Doxycycline 100mg,Antibiotics,2026-06-04,56,13.96
5,Doxycycline 100mg,Antibiotics,2026-06-05,50,13.96
5,Doxycycline 100mg,Antibiotics,2026-06-06,25,13.96
5,Doxycycline 100mg,Antibiotics,2026-06-07,27,13.96
5,Doxycycline 100mg,Antibiotics,2026-06-08,43,13.96
5,Doxycycline 100mg,Antibiotics,2026-06-09,20,13.96
5,Doxycycline 100mg,Antibiotics,2026-06-10,38,13.96
5,Doxycycline 100mg,Antibiotics,2026-06-11,34,13.96
5,Doxycycline 100mg,Antibiotics,2026-06-12,30,13.96
5,Doxycycline 100mg,Antibiotics,2026-06-13,24,13.96
5,Doxycycline 100mg,Antibiotics,2026-06-14,45,13.96
5,Doxycycline 100mg,Antibiotics,2026-06-15,47,13.96
5,Doxycycline 100mg,Antibiotics,2026-06-16,35,13.96
5,Doxycycline 100mg,Antibiotics,2026-06-17,47,13.96
5,Doxycycline 100mg,Antibiotics,2026-06-18,55,13.96
5,Doxycycline 100mg,Antibiotics,2026-06-19,50,13.96
5,Doxycycline 100mg,Antibiotics,2026-06-20,28,13.96
5,Doxycycline 100mg,Antibiotics,2026-06-21,20,13.96
5,Doxycycline 100mg,Antibiotics,2026-06-22,48,13.96
5,Doxycycline 100mg,Antibiotics,2026-06-23,45,13.96
5,Doxycycline 100mg,Antibiotics,2026-06-24,50,13.96
5,Doxycycline 100mg,Antibiotics,2026-06-25,47,13.96
5,Doxycycline 100mg,Antibiotics,2026-06-26,51,13.96
5,Doxycycline 100mg,Antibiotics,2026-06-27,22,13.96
5,Doxycycline 100mg,Antibiotics,2026-06-28,40,13.96
5,Doxycycline 100mg,Antibiotics,2026-06-29,43,13.96
5,Doxycycline 100mg,Antibiotics,2026-06-30,62,13.96
5,Doxycycline 100mg,Antibiotics,2026-07-01,48,13.96
5,Doxycycline 100mg,Antibiotics,2026-07-02,73,13.96
5,Doxycycline 100mg,Antibiotics,2026-07-03,57,13.96
5,Doxycycline 100mg,Antibiotics,2026-07-04,30,13.96
5,Doxycycline 100mg,Antibiotics,2026-07-05,32,13.96
5,Doxycycline 100mg,Antibiotics,2026-07-06,52,13.96
5,Doxycycline 100mg,Antibiotics,2026-07-07,59,13.96
5,Doxycycline 100mg,Antibiotics,2026-07-08,60,13.96
5,Doxycycline 100mg,Antibiotics,2026-07-09,49,13.96
5,Doxycycline 100mg,Antibiotics,2026-07-10,55,13.96
5,Doxycycline 100mg,Antibiotics,2026-07-11,58,13.96
5,Doxycycline 100mg,Antibiotics,2026-07-12,54,13.96
5,Doxycycline 100mg,Antibiotics,2026-07-13,60,13.96
5,Doxycycline 100mg,Antibiotics,2026-07-14,55,13.96
5,Doxycycline 100mg,Antibiotics,2026-07-15,56,13.96
5,Doxycycline 100mg,Antibiotics,2026-07-16,61,13.96
5,Doxycycline 100mg,Antibiotics,2026-07-17,45,13.96
5,Doxycycline 100mg,Antibiotics,2026-07-18,34,13.96
5,Doxycycline 100mg,Antibiotics,2026-07-19,20,13.96
5,Doxycycline 100mg,Antibiotics,2026-07-20,59,13.96
5,Doxycycline 100mg,Antibiotics,2026-07-21,62,13.96
5,Doxycycline 100mg,Antibiotics,2026-07-22,50,13.96
5,Doxycycline 100mg,Antibiotics,2026-07-23,71,13.96
5,Doxycycline 100mg,Antibiotics,2026-07-24,43,13.96
5,Doxycycline 100mg,Antibiotics,2026-07-25,22,13.96
5,Doxycycline 100mg,Antibiotics,2026-07-26,39,13.96
5,Doxycycline 100mg,Antibiotics,2026-07-27,66,13.96
5,Doxycycline 100mg,Antibiotics,2026-07-28,72,13.96
5,Doxycycline 100mg,Antibiotics,2026-07-29,50,13.96
5,Doxycycline 100mg,Antibiotics,2026-07-30,66,13.96
5,Doxycycline 100mg,Antibiotics,2026-07-31,55,13.96
5,Doxycycline 100mg,Antibiotics,2026-08-01,35,13.96
5,Doxycycline 100mg,Antibiotics,2026-08-02,46,13.96
5,Doxycycline 100mg,Antibiotics,2026-08-03,62,13.96
5,Doxycycline 100mg,Antibiotics,2026-08-04,39,13.96
5,Doxycycline 100mg,Antibiotics,2026-08-05,70,13.96
5,Doxycycline 100mg,Antibiotics,2026-08-06,69,13.96
5,Doxycycline 100mg,Antibiotics,2026-08-07,49,13.96
5,Doxycycline 100mg,Antibiotics,2026-08-08,41,13.96
5,Doxycycline 100mg,Antibiotics,2026-08-09,42,13.96
5,Doxycycline 100mg,Antibiotics,2026-08-10,58,13.96
5,Doxycycline 100mg,Antibiotics,2026-08-11,49,13.96
5,Doxycycline 100mg,Antibiotics,2026-08-12,48,13.96
5,Doxycycline 100mg,Antibiotics,2026-08-13,55,13.96
5,Doxycycline 100mg,Antibiotics,2026-08-14,67,13.96
5,Doxycycline 100mg,Antibiotics,2026-08-15,42,13.96
5,Doxycycline 100mg,Antibiotics,2026-08-16,33,13.96
5,Doxycycline 100mg,Antibiotics,2026-08-17,63,13.96
5,Doxycycline 100mg,Antibiotics,2026-08-18,26,13.96
5,Doxycycline 100mg,Antibiotics,2026-08-19,67,13.96
5,Doxycycline 100mg,Antibiotics,2026-08-20,37,13.96
5,Doxycycline 100mg,Antibiotics,2026-08-21,51,13.96
5,Doxycycline 100mg,Antibiotics,2026-08-22,25,13.96
5,Doxycycline 100mg,Antibiotics,2026-08-23,23,13.96
5,Doxycycline 100mg,Antibiotics,2026-08-24,67,13.96
5,Doxycycline 100mg,Antibiotics,2026-08-25,50,13.96
5,Doxycycline 100mg,Antibiotics,2026-08-26,59,13.96
5,Doxycycline 100mg,Antibiotics,2026-08-27,55,13.96
5,Doxycycline 100mg,Antibiotics,2026-08-28,60,13.96
5,Doxycycline 100mg,Antibiotics,2026-08-29,37,13.96
5,Doxycycline 100mg,Antibiotics,2026-08-30,24,13.96
5,Doxycycline 100mg,Antibiotics,2026-08-31,65,13.96
5,Doxycycline 100mg,Antibiotics,2026-09-01,36,13.96
5,Doxycycline 100mg,Antibiotics,2026-09-02,25,13.96
5,Doxycycline 100mg,Antibiotics,2026-09-03,36,13.96
5,Doxycycline 100mg,Antibiotics,2026-09-04,56,13.96
5,Doxycycline 100mg,Antibiotics,2026-09-05,36,13.96
5,Doxycycline 100mg,Antibiotics,2026-09-06,23,13.96
5,Doxycycline 100mg,Antibiotics,2026-09-07,37,13.96
5,Doxycycline 100mg,Antibiotics,2026-09-08,37,13.96
5,Doxycycline 100mg,Antibiotics,2026-09-09,62,13.96
5,Doxycycline 100mg,Antibiotics,2026-09-10,45,13.96
5,Doxycycline 100mg,Antibiotics,2026-09-11,45,13.96
5,Doxycycline 100mg,Antibiotics,2026-09-12,37,13.96
5,Doxycycline 100mg,Antibiotics,2026-09-13,29,13.96
5,Doxycycline 100mg,Antibiotics,2026-09-14,38,13.96
5,Doxycycline 100mg,Antibiotics,2026-09-15,39,13.96
5,Doxycycline 100mg,Antibiotics,2026-09-16,40,13.96
5,Doxycycline 100mg,Antibiotics,2026-09-17,40,13.96
5,Doxycycline 100mg,Antibiotics,2026-09-18,48,13.96
5,Doxycycline 100mg,Antibiotics,2026-09-19,27,13.96
5,Doxycycline 100mg,Antibiotics,2026-09-20,34,13.96
5,Doxycycline 100mg,Antibiotics,2026-09-21,40,13.96
5,Doxycycline 100mg,Antibiotics,2026-09-22,41,13.96
5,Doxycycline 100mg,Antibiotics,2026-09-23,20,13.96
5,Doxycycline 100mg,Antibiotics,2026-09-24,50,13.96
5,Doxycycline 100mg,Antibiotics,2026-09-25,44,13.96
6,Metronidazole 400mg,Antibiotics,2026-02-18,66,15.55
6,Metronidazole 400mg,Antibiotics,2026-02-19,28,15.55
6,Metronidazole 400mg,Antibiotics,2026-02-20,76,15.55
6,Metronidazole 400mg,Antibiotics,2026-02-21,36,15.55
6,Metronidazole 400mg,Antibiotics,2026-02-22,48,15.55
6,Metronidazole 400mg,Antibiotics,2026-02-23,46,15.55
6,Metronidazole 400mg,Antibiotics,2026-02-24,62,15.55
6,Metronidazole 400mg,Antibiotics,2026-02-25,46,15.55
6,Metronidazole 400mg,Antibiotics,2026-02-26,50,15.55
6,Metronidazole 400mg,Antibiotics,2026-02-27,75,15.55
6,Metronidazole 400mg,Antibiotics,2026-02-28,35,15.55
6,Metronidazole 400mg,Antibiotics,2026-03-01,30,15.55
6,Metronidazole 400mg,Antibiotics,2026-03-02,50,15.55
6,Metronidazole 400mg,Antibiotics,2026-03-03,46,15.55
6,Metronidazole 400mg,Antibiotics,2026-03-04,43,15.55
6,Metronidazole 400mg,Antibiotics,2026-03-05,45,15.55
6,Metronidazole 400mg,Antibiotics,2026-03-06,65,15.55
6,Metronidazole 400mg,Antibiotics,2026-03-07,27,15.55
6,Metronidazole 400mg,Antibiotics,2026-03-08,29,15.55
6,Metronidazole 400mg,Antibiotics,2026-03-09,52,15.55
6,Metronidazole 400mg,Antibiotics,2026-03-10,52,15.55
6,Metronidazole 400mg,Antibiotics,2026-03-11,53,15.55
6,Metronidazole 400mg,Antibiotics,2026-03-12,48,15.55
6,Metronidazole 400mg,Antibiotics,2026-03-13,30,15.55
6,Metronidazole 400mg,Antibiotics,2026-03-14,43,15.55
6,Metronidazole 400mg,Antibiotics,2026-03-15,16,15.55
6,Metronidazole 400mg,Antibiotics,2026-03-16,44,15.55
6,Metronidazole 400mg,Antibiotics,2026-03-17,34,15.55
6,Metronidazole 400mg,Antibiotics,2026-03-18,41,15.55
6,Metronidazole 400mg,Antibiotics,2026-03-19,45,15.55
6,Metronidazole 400mg,Antibiotics,2026-03-20,44,15.55
6,Metronidazole 400mg,Antibiotics,2026-03-21,32,15.55
6,Metronidazole 400mg,Antibiotics,2026-03-22,43,15.55
6,Metronidazole 400mg,Antibiotics,2026-03-23,46,15.55
6,Metronidazole 400mg,Antibiotics,2026-03-24,39,15.55
6,Metronidazole 400mg,Antibiotics,2026-03-25,51,15.55
6,Metronidazole 400mg,Antibiotics,2026-03-26,53,15.55
6,Metronidazole 400mg,Antibiotics,2026-03-27,29,15.55
6,Metronidazole 400mg,Antibiotics,2026-03-28,33,15.55
6,Metronidazole 400mg,Antibiotics,2026-03-29,34,15.55
6,Metronidazole 400mg,Antibiotics,2026-03-30,38,15.55
6,Metronidazole 400mg,Antibiotics,2026-03-31,55,15.55
6,Metronidazole 400mg,Antibiotics,2026-04-01,40,15.55
6,Metronidazole 400mg,Antibiotics,2026-04-02,43,15.55
6,Metronidazole 400mg,Antibiotics,2026-04-03,40,15.55
6,Metronidazole 400mg,Antibiotics,2026-04-04,28,15.55
6,Metronidazole 400mg,Antibiotics,2026-04-05,17,15.55
6,Metronidazole 400mg,Antibiotics,2026-04-06,27,15.55
6,Metronidazole 400mg,Antibiotics,2026-04-07,57,15.55
6,Metronidazole 400mg,Antibiotics,2026-04-08,33,15.55
6,Metronidazole 400mg,Antibiotics,2026-04-09,32,15.55
6,Metronidazole 400mg,Antibiotics,2026-04-10,21,15.55
6,Metronidazole 400mg,Antibiotics,2026-04-11,21,15.55
6,Metronidazole 400mg,Antibiotics,2026-04-12,15,15.55
6,Metronidazole 400mg,Antibiotics,2026-04-13,57,15.55
6,Metronidazole 400mg,Antibiotics,2026-04-14,51,15.55
6,Metronidazole 400mg,Antibiotics,2026-04-15,35,15.55
6,Metronidazole 400mg,Antibiotics,2026-04-16,63,15.55
6,Metronidazole 400mg,Antibiotics,2026-04-17,51,15.55
6,Metronidazole 400mg,Antibiotics,2026-04-18,24,15.55
6,Metronidazole 400mg,Antibiotics,2026-04-19,3,15.55
6,Metronidazole 400mg,Antibiotics,2026-04-20,64,15.55
6,Metronidazole 400mg,Antibiotics,2026-04-21,28,15.55
6,Metronidazole 400mg,Antibiotics,2026-04-22,25,15.55
6,Metronidazole 400mg,Antibiotics,2026-04-23,51,15.55
6,Metronidazole 400mg,Antibiotics,2026-04-24,65,15.55
6,Metronidazole 400mg,Antibiotics,2026-04-25,41,15.55
6,Metronidazole 400mg,Antibiotics,2026-04-26,33,15.55
6,Metronidazole 400mg,Antibiotics,2026-04-27,47,15.55
6,Metronidazole 400mg,Antibiotics,2026-04-28,50,15.55
6,Metronidazole 400mg,Antibiotics,2026-04-29,49,15.55
6,Metronidazole 400mg,Antibiotics,2026-04-30,44,15.55
6,Metronidazole 400mg,Antibiotics,2026-05-01,42,15.55
6,Metronidazole 400mg,Antibiotics,2026-05-02,27,15.55
6,Metronidazole 400mg,Antibiotics,2026-05-03,20,15.55
6,Metronidazole 400mg,Antibiotics,2026-05-04,39,15.55
6,Metronidazole 400mg,Antibiotics,2026-05-05,25,15.55
6,Metronidazole 400mg,Antibiotics,2026-05-06,40,15.55
6,Metronidazole 400mg,Antibiotics,2026-05-07,32,15.55
6,Metronidazole 400mg,Antibiotics,2026-05-08,31,15.55
6,Metronidazole 400mg,Antibiotics,2026-05-09,29,15.55
6,Metronidazole 400mg,Antibiotics,2026-05-10,41,15.55
6,Metronidazole 400mg,Antibiotics,2026-05-11,50,15.55
6,Metronidazole 400mg,Antibiotics,2026-05-12,26,15.55
6,Metronidazole 400mg,Antibiotics,2026-05-13,32,15.55
6,Metronidazole 400mg,Antibiotics,2026-05-14,50,15.55
6,Metronidazole 400mg,Antibiotics,2026-05-15,32,15.55
6,Metronidazole 400mg,Antibiotics,2026-05-16,25,15.55
6,Metronidazole 400mg,Antibiotics,2026-05-17,33,15.55
6,Metronidazole 400mg,Antibiotics,2026-05-18,32,15.55
6,Metronidazole 400mg,Antibiotics,2026-05-19,42,15.55
6,Metronidazole 400mg,Antibiotics,2026-05-20,28,15.55
6,Metronidazole 400mg,Antibiotics,2026-05-21,36,15.55
6,Metronidazole 400mg,Antibiotics,2026-05-22,44,15.55
6,Metronidazole 400mg,Antibiotics,2026-05-23,12,15.55
6,Metronidazole 400mg,Antibiotics,2026-05-24,32,15.55
6,Metronidazole 400mg,Antibiotics,2026-05-25,41,15.55
6,Metronidazole 400mg,Antibiotics,2026-05-26,47,15.55
6,Metronidazole 400mg,Antibiotics,2026-05-27,44,15.55
6,Metronidazole 400mg,Antibiotics,2026-05-28,55,15.55
6,Metronidazole 400mg,Antibiotics,2026-05-29,43,15.55
6,Metronidazole 400mg,Antibiotics,2026-05-30,23,15.55
6,Metronidazole 400mg,Antibiotics,2026-05-31,29,15.55
6,Metronidazole 400mg,Antibiotics,2026-06-01,47,15.55
6,Metronidazole 400mg,Antibiotics,2026-06-02,42,15.55
6,Metronidazole 400mg,Antibiotics,2026-06-03,42,15.55
6,Metronidazole 400mg,Antibiotics,2026-06-04,35,15.55
6,Metronidazole 400mg,Antibiotics,2026-06-05,35,15.55
6,Metronidazole 400mg,Antibiotics,2026-06-06,14,15.55
6,Metronidazole 400mg,Antibiotics,2026-06-07,44,15.55
6,Metronidazole 400mg,Antibiotics,2026-06-08,29,15.55
6,Metronidazole 400mg,Antibiotics,2026-06-09,35,15.55
6,Metronidazole 400mg,Antibiotics,2026-06-10,34,15.55
6,Metronidazole 400mg,Antibiotics,2026-06-11,50,15.55
6,Metronidazole 400mg,Antibiotics,2026-06-12,39,15.55
6,Metronidazole 400mg,Antibiotics,2026-06-13,39,15.55
6,Metronidazole 400mg,Antibiotics,2026-06-14,21,15.55
6,Metronidazole 400mg,Antibiotics,2026-06-15,44,15.55
6,Metronidazole 400mg,Antibiotics,2026-06-16,33,15.55
6,Metronidazole 400mg,Antibiotics,2026-06-17,62,15.55
6,Metronidazole 400mg,Antibiotics,2026-06-18,30,15.55
6,Metronidazole 400mg,Antibiotics,2026-06-19,44,15.55
6,Metronidazole 400mg,Antibiotics,2026-06-20,34,15.55
6,Metronidazole 400mg,Antibiotics,2026-06-21,31,15.55
6,Metronidazole 400mg,Antibiotics,2026-06-22,40,15.55
6,Metronidazole 400mg,Antibiotics,2026-06-23,40,15.55
6,Metronidazole 400mg,Antibiotics,2026-06-24,42,15.55
6,Metronidazole 400mg,Antibiotics,2026-06-25,40,15.55
6,Metronidazole 400mg,Antibiotics,2026-06-26,51,15.55
6,Metronidazole 400mg,Antibiotics,2026-06-27,49,15.55
6,Metronidazole 400mg,Antibiotics,2026-06-28,22,15.55
6,Metronidazole 400mg,Antibiotics,2026-06-29,28,15.55
6,Metronidazole 400mg,Antibiotics,2026-06-30,41,15.55
6,Metronidazole 400mg,Antibiotics,2026-07-01,81,15.55
6,Metronidazole 400mg,Antibiotics,2026-07-02,48,15.55
6,Metronidazole 400mg,Antibiotics,2026-07-03,72,15.55
6,Metronidazole 400mg,Antibiotics,2026-07-04,53,15.55
6,Metronidazole 400mg,Antibiotics,2026-07-05,32,15.55
6,Metronidazole 400mg,Antibiotics,2026-07-06,62,15.55
6,Metronidazole 400mg,Antibiotics,2026-07-07,72,15.55
6,Metronidazole 400mg,Antibiotics,2026-07-08,52,15.55
6,Metronidazole 400mg,Antibiotics,2026-07-09,54,15.55
6,Metronidazole 400mg,Antibiotics,2026-07-10,50,15.55
6,Metronidazole 400mg,Antibiotics,2026-07-11,27,15.55
6,Metronidazole 400mg,Antibiotics,2026-07-12,31,15.55
6,Metronidazole 400mg,Antibiotics,2026-07-13,44,15.55
6,Metronidazole 400mg,Antibiotics,2026-07-14,56,15.55
6,Metronidazole 400mg,Antibiotics,2026-07-15,49,15.55
6,Metronidazole 400mg,Antibiotics,2026-07-16,58,15.55
6,Metronidazole 400mg,Antibiotics,2026-07-17,41,15.55
6,Metronidazole 400mg,Antibiotics,2026-07-18,40,15.55
6,Metronidazole 400mg,Antibiotics,2026-07-19,45,15.55
6,Metronidazole 400mg,Antibiotics,2026-07-20,37,15.55
6,Metronidazole 400mg,Antibiotics,2026-07-21,60,15.55
6,Metronidazole 400mg,Antibiotics,2026-07-22,68,15.55
6,Metronidazole 400mg,Antibiotics,2026-07-23,44,15.55
6,Metronidazole 400mg,Antibiotics,2026-07-24,72,15.55
6,Metronidazole 400mg,Antibiotics,2026-07-25,41,15.55
6,Metronidazole 400mg,Antibiotics,2026-07-26,30,15.55
6,Metronidazole 400mg,Antibiotics,2026-07-27,55,15.55
6,Metronidazole 400mg,Antibiotics,2026-07-28,61,15.55
6,Metronidazole 400mg,Antibiotics,2026-07-29,57,15.55
6,Metronidazole 400mg,Antibiotics,2026-07-30,61,15.55
6,Metronidazole 400mg,Antibiotics,2026-07-31,47,15.55
6,Metronidazole 400mg,Antibiotics,2026-08-01,39,15.55
6,Metronidazole 400mg,Antibiotics,2026-08-02,24,15.55
6,Metronidazole 400mg,Antibiotics,2026-08-03,55,15.55
6,Metronidazole 400mg,Antibiotics,2026-08-04,47,15.55
6,Metronidazole 400mg,Antibiotics,2026-08-05,49,15.55
6,Metronidazole 400mg,Antibiotics,2026-08-06,68,15.55
6,Metronidazole 400mg,Antibiotics,2026-08-07,67,15.55
6,Metronidazole 400mg,Antibiotics,2026-08-08,43,15.55
6,Metronidazole 400mg,Antibiotics,2026-08-09,27,15.55
6,Metronidazole 400mg,Antibiotics,2026-08-10,53,15.55
6,Metronidazole 400mg,Antibiotics,2026-08-11,68,15.55
6,Metronidazole 400mg,Antibiotics,2026-08-12,57,15.55
6,Metronidazole 400mg,Antibiotics,2026-08-13,78,15.55
6,Metronidazole 400mg,Antibiotics,2026-08-14,60,15.55
6,Metronidazole 400mg,Antibiotics,2026-08-15,39,15.55
6,Metronidazole 400mg,Antibiotics,2026-08-16,34,15.55
6,Metronidazole 400mg,Antibiotics,2026-08-17,57,15.55
6,Metronidazole 400mg,Antibiotics,2026-08-18,55,15.55
6,Metronidazole 400mg,Antibiotics,2026-08-19,63,15.55
6,Metronidazole 400mg,Antibiotics,2026-08-20,65,15.55
6,Metronidazole 400mg,Antibiotics,2026-08-21,48,15.55
6,Metronidazole 400mg,Antibiotics,2026-08-22,24,15.55
6,Metronidazole 400mg,Antibiotics,2026-08-23,19,15.55
6,Metronidazole 400mg,Antibiotics,2026-08-24,61,15.55
6,Metronidazole 400mg,Antibiotics,2026-08-25,45,15.55
6,Metronidazole 400mg,Antibiotics,2026-08-26,35,15.55
6,Metronidazole 400mg,Antibiotics,2026-08-27,60,15.55
6,Metronidazole 400mg,Antibiotics,2026-08-28,80,15.55
6,Metronidazole 400mg,Antibiotics,2026-08-29,37,15.55
6,Metronidazole 400mg,Antibiotics,2026-08-30,45,15.55
6,Metronidazole 400mg,Antibiotics,2026-08-31,57,15.55
6,Metronidazole 400mg,Antibiotics,2026-09-01,40,15.55
6,Metronidazole 400mg,Antibiotics,2026-09-02,50,15.55
6,Metronidazole 400mg,Antibiotics,2026-09-03,39,15.55
6,Metronidazole 400mg,Antibiotics,2026-09-04,44,15.55
6,Metronidazole 400mg,Antibiotics,2026-09-05,31,15.55
6,Metronidazole 400mg,Antibiotics,2026-09-06,21,15.55
6,Metronidazole 400mg,Antibiotics,2026-09-07,51,15.55
6,Metronidazole 400mg,Antibiotics,2026-09-08,40,15.55
6,Metronidazole 400mg,Antibiotics,2026-09-09,34,15.55
6,Metronidazole 400mg,Antibiotics,2026-09-10,47,15.55
6,Metronidazole 400mg,Antibiotics,2026-09-11,33,15.55
6,Metronidazole 400mg,Antibiotics,2026-09-12,28,15.55
6,Metronidazole 400mg,Antibiotics,2026-09-13,27,15.55
6,Metronidazole 400mg,Antibiotics,2026-09-14,52,15.55
6,Metronidazole 400mg,Antibiotics,2026-09-15,46,15.55
6,Metronidazole 400mg,Antibiotics,2026-09-16,41,15.55
6,Metronidazole 400mg,Antibiotics,2026-09-17,49,15.55
6,Metronidazole 400mg,Antibiotics,2026-09-18,55,15.55
6,Metronidazole 400mg,Antibiotics,2026-09-19,33,15.55
6,Metronidazole 400mg,Antibiotics,2026-09-20,28,15.55
6,Metronidazole 400mg,Antibiotics,2026-09-21,29,15.55
6,Metronidazole 400mg,Antibiotics,2026-09-22,31,15.55
6,Metronidazole 400mg,Antibiotics,2026-09-23,38,15.55
6,Metronidazole 400mg,Antibiotics,2026-09-24,35,15.55
6,Metronidazole 400mg,Antibiotics,2026-09-25,40,15.55
7,Levofloxacin 500mg,Antibiotics,2026-02-18,54,19.36
7,Levofloxacin 500mg,Antibiotics,2026-02-19,60,19.36
7,Levofloxacin 500mg,Antibiotics,2026-02-20,53,19.36
7,Levofloxacin 500mg,Antibiotics,2026-02-21,41,19.36
7,Levofloxacin 500mg,Antibiotics,2026-02-22,36,19.36
7,Levofloxacin 500mg,Antibiotics,2026-02-23,31,19.36
7,Levofloxacin 500mg,Antibiotics,2026-02-24,43,19.36
7,Levofloxacin 500mg,Antibiotics,2026-02-25,52,19.36
7,Levofloxacin 500mg,Antibiotics,2026-02-26,40,19.36
7,Levofloxacin 500mg,Antibiotics,2026-02-27,60,19.36
7,Levofloxacin 500mg,Antibiotics,2026-02-28,53,19.36
7,Levofloxacin 500mg,Antibiotics,2026-03-01,40,19.36
7,Levofloxacin 500mg,Antibiotics,2026-03-02,37,19.36
7,Levofloxacin 500mg,Antibiotics,2026-03-03,57,19.36
7,Levofloxacin 500mg,Antibiotics,2026-03-04,41,19.36
7,Levofloxacin 500mg,Antibiotics,2026-03-05,36,19.36
7,Levofloxacin 500mg,Antibiotics,2026-03-06,33,19.36
7,Levofloxacin 500mg,Antibiotics,2026-03-07,23,19.36
7,Levofloxacin 500mg,Antibiotics,2026-03-08,22,19.36
7,Levofloxacin 500mg,Antibiotics,2026-03-09,42,19.36
7,Levofloxacin 500mg,Antibiotics,2026-03-10,41,19.36
7,Levofloxacin 500mg,Antibiotics,2026-03-11,40,19.36
7,Levofloxacin 500mg,Antibiotics,2026-03-12,45,19.36
7,Levofloxacin 500mg,Antibiotics,2026-03-13,53,19.36
7,Levofloxacin 500mg,Antibiotics,2026-03-14,37,19.36
7,Levofloxacin 500mg,Antibiotics,2026-03-15,9,19.36
7,Levofloxacin 500mg,Antibiotics,2026-03-16,11,19.36
7,Levofloxacin 500mg,Antibiotics,2026-03-17,50,19.36
7,Levofloxacin 500mg,Antibiotics,2026-03-18,24,19.36
7,Levofloxacin 500mg,Antibiotics,2026-03-19,37,19.36
7,Levofloxacin 500mg,Antibiotics,2026-03-20,26,19.36
7,Levofloxacin 500mg,Antibiotics,2026-03-21,6,19.36
7,Levofloxacin 500mg,Antibiotics,2026-03-22,32,19.36
7,Levofloxacin 500mg,Antibiotics,2026-03-23,48,19.36
7,Levofloxacin 500mg,Antibiotics,2026-03-24,33,19.36
7,Levofloxacin 500mg,Antibiotics,2026-03-25,10,19.36
7,Levofloxacin 500mg,Antibiotics,2026-03-26,33,19.36
7,Levofloxacin 500mg,Antibiotics,2026-03-27,44,19.36
7,Levofloxacin 500mg,Antibiotics,2026-03-28,9,19.36
7,Levofloxacin 500mg,Antibiotics,2026-03-29,28,19.36
7,Levofloxacin 500mg,Antibiotics,2026-03-30,39,19.36
7,Levofloxacin 500mg,Antibiotics,2026-03-31,46,19.36
7,Levofloxacin 500mg,Antibiotics,2026-04-01,41,19.36
7,Levofloxacin 500mg,Antibiotics,2026-04-02,29,19.36
7,Levofloxacin 500mg,Antibiotics,2026-04-03,53,19.36
7,Levofloxacin 500mg,Antibiotics,2026-04-04,24,19.36
7,Levofloxacin 500mg,Antibiotics,2026-04-05,26,19.36
7,Levofloxacin 500mg,Antibiotics,2026-04-06,29,19.36
7,Levofloxacin 500mg,Antibiotics,2026-04-07,35,19.36
7,Levofloxacin 500mg,Antibiotics,2026-04-08,30,19.36
7,Levofloxacin 500mg,Antibiotics,2026-04-09,38,19.36
7,Levofloxacin 500mg,Antibiotics,2026-04-10,59,19.36
7,Levofloxacin 500mg,Antibiotics,2026-04-11,11,19.36
7,Levofloxacin 500mg,Antibiotics,2026-04-12,8,19.36
7,Levofloxacin 500mg,Antibiotics,2026-04-13,56,19.36
7,Levofloxacin 500mg,Antibiotics,2026-04-14,37,19.36
7,Levofloxacin 500mg,Antibiotics,2026-04-15,32,19.36
7,Levofloxacin 500mg,Antibiotics,2026-04-16,51,19.36
7,Levofloxacin 500mg,Antibiotics,2026-04-17,33,19.36
7,Levofloxacin 500mg,Antibiotics,2026-04-18,47,19.36
7,Levofloxacin 500mg,Antibiotics,2026-04-19,34,19.36
7,Levofloxacin 500mg,Antibiotics,2026-04-20,34,19.36
7,Levofloxacin 500mg,Antibiotics,2026-04-21,64,19.36
7,Levofloxacin 500mg,Antibiotics,2026-04-22,33,19.36
7,Levofloxacin 500mg,Antibiotics,2026-04-23,48,19.36
7,Levofloxacin 500mg,Antibiotics,2026-04-24,43,19.36
7,Levofloxacin 500mg,Antibiotics,2026-04-25,41,19.36
7,Levofloxacin 500mg,Antibiotics,2026-04-26,44,19.36
7,Levofloxacin 500mg,Antibiotics,2026-04-27,40,19.36
7,Levofloxacin 500mg,Antibiotics,2026-04-28,31,19.36
7,Levofloxacin 500mg,Antibiotics,2026-04-29,45,19.36
7,Levofloxacin 500mg,Antibiotics,2026-04-30,32,19.36
7,Levofloxacin 500mg,Antibiotics,2026-05-01,62,19.36
7,Levofloxacin 500mg,Antibiotics,2026-05-02,28,19.36
7,Levofloxacin 500mg,Antibiotics,2026-05-03,22,19.36
7,Levofloxacin 500mg,Antibiotics,2026-05-04,42,19.36
7,Levofloxacin 500mg,Antibiotics,2026-05-05,24,19.36
7,Levofloxacin 500mg,Antibiotics,2026-05-06,29,19.36
7,Levofloxacin 500mg,Antibiotics,2026-05-07,53,19.36
7,Levofloxacin 500mg,Antibiotics,2026-05-08,32,19.36
7,Levofloxacin 500mg,Antibiotics,2026-05-09,14,19.36
7,Levofloxacin 500mg,Antibiotics,2026-05-10,32,19.36
7,Levofloxacin 500mg,Antibiotics,2026-05-11,53,19.36
7,Levofloxacin 500mg,Antibiotics,2026-05-12,48,19.36
7,Levofloxacin 500mg,Antibiotics,2026-05-13,51,19.36
7,Levofloxacin 500mg,Antibiotics,2026-05-14,31,19.36
7,Levofloxacin 500mg,Antibiotics,2026-05-15,23,19.36
7,Levofloxacin 500mg,Antibiotics,2026-05-16,43,19.36
7,Levofloxacin 500mg,Antibiotics,2026-05-17,23,19.36
7,Levofloxacin 500mg,Antibiotics,2026-05-18,37,19.36
7,Levofloxacin 500mg,Antibiotics,2026-05-19,55,19.36
7,Levofloxacin 500mg,Antibiotics,2026-05-20,46,19.36
7,Levofloxacin 500mg,Antibiotics,2026-05-21,45,19.36
7,Levofloxacin 500mg,Antibiotics,2026-05-22,64,19.36
7,Levofloxacin 500mg,Antibiotics,2026-05-23,19,19.36
7,Levofloxacin 500mg,Antibiotics,2026-05-24,37,19.36
7,Levofloxacin 500mg,Antibiotics,2026-05-25,40,19.36
7,Levofloxacin 500mg,Antibiotics,2026-05-26,43,19.36
7,Levofloxacin 500mg,Antibiotics,2026-05-27,57,19.36
7,Levofloxacin 500mg,Antibiotics,2026-05-28,45,19.36
7,Levofloxacin 500mg,Antibiotics,2026-05-29,46,19.36
7,Levofloxacin 500mg,Antibiotics,2026-05-30,38,19.36
7,Levofloxacin 500mg,Antibiotics,2026-05-31,22,19.36
7,Levofloxacin 500mg,Antibiotics,2026-06-01,30,19.36
7,Levofloxacin 500mg,Antibiotics,2026-06-02,28,19.36
7,Levofloxacin 500mg,Antibiotics,2026-06-03,17,19.36
7,Levofloxacin 500mg,Antibiotics,2026-06-04,63,19.36
7,Levofloxacin 500mg,Antibiotics,2026-06-05,27,19.36
7,Levofloxacin 500mg,Antibiotics,2026-06-06,24,19.36
7,Levofloxacin 500mg,Antibiotics,2026-06-07,23,19.36
7,Levofloxacin 500mg,Antibiotics,2026-06-08,43,19.36
7,Levofloxacin 500mg,Antibiotics,2026-06-09,49,19.36
7,Levofloxacin 500mg,Antibiotics,2026-06-10,49,19.36
7,Levofloxacin 500mg,Antibiotics,2026-06-11,33,19.36
7,Levofloxacin 500mg,Antibiotics,2026-06-12,38,19.36
7,Levofloxacin 500mg,Antibiotics,2026-06-13,29,19.36
7,Levofloxacin 500mg,Antibiotics,2026-06-14,23,19.36
7,Levofloxacin 500mg,Antibiotics,2026-06-15,58,19.36
7,Levofloxacin 500mg,Antibiotics,2026-06-16,45,19.36
7,Levofloxacin 500mg,Antibiotics,2026-06-17,48,19.36
7,Levofloxacin 500mg,Antibiotics,2026-06-18,47,19.36
7,Levofloxacin 500mg,Antibiotics,2026-06-19,53,19.36
7,Levofloxacin 500mg,Antibiotics,2026-06-20,28,19.36
7,Levofloxacin 500mg,Antibiotics,2026-06-21,11,19.36
7,Levofloxacin 500mg,Antibiotics,2026-06-22,44,19.36
7,Levofloxacin 500mg,Antibiotics,2026-06-23,32,19.36
7,Levofloxacin 500mg,Antibiotics,2026-06-24,34,19.36
7,Levofloxacin 500mg,Antibiotics,2026-06-25,46,19.36
7,Levofloxacin 500mg,Antibiotics,2026-06-26,54,19.36
7,Levofloxacin 500mg,Antibiotics,2026-06-27,26,19.36
7,Levofloxacin 500mg,Antibiotics,2026-06-28,30,19.36
7,Levofloxacin 500mg,Antibiotics,2026-06-29,59,19.36
7,Levofloxacin 500mg,Antibiotics,2026-06-30,42,19.36
7,Levofloxacin 500mg,Antibiotics,2026-07-01,83,19.36
7,Levofloxacin 500mg,Antibiotics,2026-07-02,60,19.36
7,Levofloxacin 500mg,Antibiotics,2026-07-03,34,19.36
7,Levofloxacin 500mg,Antibiotics,2026-07-04,44,19.36
7,Levofloxacin 500mg,Antibiotics,2026-07-05,40,19.36
7,Levofloxacin 500mg,Antibiotics,2026-07-06,68,19.36
7,Levofloxacin 500mg,Antibiotics,2026-07-07,61,19.36
7,Levofloxacin 500mg,Antibiotics,2026-07-08,52,19.36
7,Levofloxacin 500mg,Antibiotics,2026-07-09,40,19.36
7,Levofloxacin 500mg,Antibiotics,2026-07-10,51,19.36
7,Levofloxacin 500mg,Antibiotics,2026-07-11,26,19.36
7,Levofloxacin 500mg,Antibiotics,2026-07-12,29,19.36
7,Levofloxacin 500mg,Antibiotics,2026-07-13,60,19.36
7,Levofloxacin 500mg,Antibiotics,2026-07-14,73,19.36
7,Levofloxacin 500mg,Antibiotics,2026-07-15,58,19.36
7,Levofloxacin 500mg,Antibiotics,2026-07-16,40,19.36
7,Levofloxacin 500mg,Antibiotics,2026-07-17,59,19.36
7,Levofloxacin 500mg,Antibiotics,2026-07-18,49,19.36
7,Levofloxacin 500mg,Antibiotics,2026-07-19,29,19.36
7,Levofloxacin 500mg,Antibiotics,2026-07-20,52,19.36
7,Levofloxacin 500mg,Antibiotics,2026-07-21,54,19.36
7,Levofloxacin 500mg,Antibiotics,2026-07-22,45,19.36
7,Levofloxacin 500mg,Antibiotics,2026-07-23,61,19.36
7,Levofloxacin 500mg,Antibiotics,2026-07-24,52,19.36
7,Levofloxacin 500mg,Antibiotics,2026-07-25,40,19.36
7,Levofloxacin 500mg,Antibiotics,2026-07-26,25,19.36
7,Levofloxacin 500mg,Antibiotics,2026-07-27,49,19.36
7,Levofloxacin 500mg,Antibiotics,2026-07-28,62,19.36
7,Levofloxacin 500mg,Antibiotics,2026-07-29,49,19.36
7,Levofloxacin 500mg,Antibiotics,2026-07-30,73,19.36
7,Levofloxacin 500mg,Antibiotics,2026-07-31,49,19.36
7,Levofloxacin 500mg,Antibiotics,2026-08-01,38,19.36
7,Levofloxacin 500mg,Antibiotics,2026-08-02,46,19.36
7,Levofloxacin 500mg,Antibiotics,2026-08-03,38,19.36
7,Levofloxacin 500mg,Antibiotics,2026-08-04,34,19.36
7,Levofloxacin 500mg,Antibiotics,2026-08-05,36,19.36
7,Levofloxacin 500mg,Antibiotics,2026-08-06,68,19.36
7,Levofloxacin 500mg,Antibiotics,2026-08-07,47,19.36
7,Levofloxacin 500mg,Antibiotics,2026-08-08,65,19.36
7,Levofloxacin 500mg,Antibiotics,2026-08-09,29,19.36
7,Levofloxacin 500mg,Antibiotics,2026-08-10,56,19.36
7,Levofloxacin 500mg,Antibiotics,2026-08-11,71,19.36
7,Levofloxacin 500mg,Antibiotics,2026-08-12,76,19.36
7,Levofloxacin 500mg,Antibiotics,2026-08-13,77,19.36
7,Levofloxacin 500mg,Antibiotics,2026-08-14,67,19.36
7,Levofloxacin 500mg,Antibiotics,2026-08-15,47,19.36
7,Levofloxacin 500mg,Antibiotics,2026-08-16,42,19.36
7,Levofloxacin 500mg,Antibiotics,2026-08-17,62,19.36
7,Levofloxacin 500mg,Antibiotics,2026-08-18,47,19.36
7,Levofloxacin 500mg,Antibiotics,2026-08-19,44,19.36
7,Levofloxacin 500mg,Antibiotics,2026-08-20,54,19.36
7,Levofloxacin 500mg,Antibiotics,2026-08-21,52,19.36
7,Levofloxacin 500mg,Antibiotics,2026-08-22,30,19.36
7,Levofloxacin 500mg,Antibiotics,2026-08-23,44,19.36
7,Levofloxacin 500mg,Antibiotics,2026-08-24,65,19.36
7,Levofloxacin 500mg,Antibiotics,2026-08-25,55,19.36
7,Levofloxacin 500mg,Antibiotics,2026-08-26,70,19.36
7,Levofloxacin 500mg,Antibiotics,2026-08-27,41,19.36
7,Levofloxacin 500mg,Antibiotics,2026-08-28,51,19.36
7,Levofloxacin 500mg,Antibiotics,2026-08-29,27,19.36
7,Levofloxacin 500mg,Antibiotics,2026-08-30,14,19.36
7,Levofloxacin 500mg,Antibiotics,2026-08-31,53,19.36
7,Levofloxacin 500mg,Antibiotics,2026-09-01,38,19.36
7,Levofloxacin 500mg,Antibiotics,2026-09-02,57,19.36
7,Levofloxacin 500mg,Antibiotics,2026-09-03,47,19.36
7,Levofloxacin 500mg,Antibiotics,2026-09-04,28,19.36
7,Levofloxacin 500mg,Antibiotics,2026-09-05,47,19.36
7,Levofloxacin 500mg,Antibiotics,2026-09-06,40,19.36
7,Levofloxacin 500mg,Antibiotics,2026-09-07,46,19.36
7,Levofloxacin 500mg,Antibiotics,2026-09-08,37,19.36
7,Levofloxacin 500mg,Antibiotics,2026-09-09,29,19.36
7,Levofloxacin 500mg,Antibiotics,2026-09-10,35,19.36
7,Levofloxacin 500mg,Antibiotics,2026-09-11,52,19.36
7,Levofloxacin 500mg,Antibiotics,2026-09-12,48,19.36
7,Levofloxacin 500mg,Antibiotics,2026-09-13,44,19.36
7,Levofloxacin 500mg,Antibiotics,2026-09-14,34,19.36
7,Levofloxacin 500mg,Antibiotics,2026-09-15,27,19.36
7,Levofloxacin 500mg,Antibiotics,2026-09-16,41,19.36
7,Levofloxacin 500mg,Antibiotics,2026-09-17,19,19.36
7,Levofloxacin 500mg,Antibiotics,2026-09-18,43,19.36
7,Levofloxacin 500mg,Antibiotics,2026-09-19,25,19.36
7,Levofloxacin 500mg,Antibiotics,2026-09-20,21,19.36
7,Levofloxacin 500mg,Antibiotics,2026-09-21,21,19.36
7,Levofloxacin 500mg,Antibiotics,2026-09-22,45,19.36
7,Levofloxacin 500mg,Antibiotics,2026-09-23,34,19.36
7,Levofloxacin 500mg,Antibiotics,2026-09-24,26,19.36
7,Levofloxacin 500mg,Antibiotics,2026-09-25,7,19.36
8,Amoxicillin-Clavulanate 625mg,Antibiotics,2026-02-18,36,29.98
8,Amoxicillin-Clavulanate 625mg,Antibiotics,2026-02-19,45,29.98
8,Amoxicillin-Clavulanate 625mg,Antibiotics,2026-02-20,44,29.98
8,Amoxicillin-Clavulanate 625mg,Antibiotics,2026-02-21,22,29.98
8,Amoxicillin-Clavulanate 625mg,Antibiotics,2026-02-22,21,29.98
8,Amoxicillin-Clavulanate 625mg,Antibiotics,2026-02-23,39,29.98
8,Amoxicillin-Clavulanate 625mg,Antibiotics,2026-02-24,32,29.98
8,Amoxicillin-Clavulanate 625mg,Antibiotics,2026-02-25,38,29.98
8,Amoxicillin-Clavulanate 625mg,Antibiotics,2026-02-26,40,29.98
8,Amoxicillin-Clavulanate 625mg,Antibiotics,2026-02-27,42,29.98
8,Amoxicillin-Clavulanate 625mg,Antibiotics,2026-02-28,24,29.98
8,Amoxicillin-Clavulanate 625mg,Antibiotics,2026-03-01,17,29.98
8,Amoxicillin-Clavulanate 625mg,Antibiotics,2026-03-02,23,29.98
8,Amoxicillin-Clavulanate 625mg,Antibiotics,2026-03-03,23,29.98
8,Amoxicillin-Clavulanate 625mg,Antibiotics,2026-03-04,26,29.98
8,Amoxicillin-Clavulanate 625mg,Antibiotics,2026-03-05,29,29.98
8,Amoxicillin-Clavulanate 625mg,Antibiotics,2026-03-06,31,29.98
8,Amoxicillin-Clavulanate 625mg,Antibiotics,2026-03-07,14,29.98
8,Amoxicillin-Clavulanate 625mg,Antibiotics,2026-03-08,25,29.98
8,Amoxicillin-Clavulanate 625mg,Antibiotics,2026-03-09,26,29.98
8,Amoxicillin-Clavulanate 625mg,Antibiotics,2026-03-10,27,29.98
8,Amoxicillin-Clavulanate 625mg,Antibiotics,2026-03-11,23,29.98
8,Amoxicillin-Clavulanate 625mg,Antibiotics,2026-03-12,15,29.98
8,Amoxicillin-Clavulanate 625mg,Antibiotics,2026-03-13,31,29.98
8,Amoxicillin-Clavulanate 625mg,Antibiotics,2026-03-14,21,29.98
8,Amoxicillin-Clavulanate 625mg,Antibiotics,2026-03-15,16,29.98
8,Amoxicillin-Clavulanate 625mg,Antibiotics,2026-03-16,27,29.98
8,Amoxicillin-Clavulanate 625mg,Antibiotics,2026-03-17,29,29.98
8,Amoxicillin-Clavulanate 625mg,Antibiotics,2026-03-18,20,29.98
8,Amoxicillin-Clavulanate 625mg,Antibiotics,2026-03-19,24,29.98
8,Amoxicillin-Clavulanate 625mg,Antibiotics,2026-03-20,31,29.98
8,Amoxicillin-Clavulanate 625mg,Antibiotics,2026-03-21,12,29.98
8,Amoxicillin-Clavulanate 625mg,Antibiotics,2026-03-22,19,29.98
8,Amoxicillin-Clavulanate 625mg,Antibiotics,2026-03-23,20,29.98
8,Amoxicillin-Clavulanate 625mg,Antibiotics,2026-03-24,29,29.98
8,Amoxicillin-Clavulanate 625mg,Antibiotics,2026-03-25,27,29.98
8,Amoxicillin-Clavulanate 625mg,Antibiotics,2026-03-26,19,29.98
8,Amoxicillin-Clavulanate 625mg,Antibiotics,2026-03-27,32,29.98
8,Amoxicillin-Clavulanate 625mg,Antibiotics,2026-03-28,14,29.98
8,Amoxicillin-Clavulanate 625mg,Antibiotics,2026-03-29,14,29.98
8,Amoxicillin-Clavulanate 625mg,Antibiotics,2026-03-30,28,29.98
8,Amoxicillin-Clavulanate 625mg,Antibiotics,2026-03-31,32,29.98
8,Amoxicillin-Clavulanate 625mg,Antibiotics,2026-04-01,22,29.98
8,Amoxicillin-Clavulanate 625mg,Antibiotics,2026-04-02,27,29.98
8,Amoxicillin-Clavulanate 625mg,Antibiotics,2026-04-03,29,29.98
8,Amoxicillin-Clavulanate 625mg,Antibiotics,2026-04-04,21,29.98
8,Amoxicillin-Clavulanate 625mg,Antibiotics,2026-04-05,19,29.98
8,Amoxicillin-Clavulanate 625mg,Antibiotics,2026-04-06,25,29.98
8,Amoxicillin-Clavulanate 625mg,Antibiotics,2026-04-07,23,29.98
8,Amoxicillin-Clavulanate 625mg,Antibiotics,2026-04-08,27,29.98
8,Amoxicillin-Clavulanate 625mg,Antibiotics,2026-04-09,22,29.98
8,Amoxicillin-Clavulanate 625mg,Antibiotics,2026-04-10,13,29.98
8,Amoxicillin-Clavulanate 625mg,Antibiotics,2026-04-11,20,29.98
8,Amoxicillin-Clavulanate 625mg,Antibiotics,2026-04-12,22,29.98
8,Amoxicillin-Clavulanate 625mg,Antibiotics,2026-04-13,16,29.98
8,Amoxicillin-Clavulanate 625mg,Antibiotics,2026-04-14,22,29.98
8,Amoxicillin-Clavulanate 625mg,Antibiotics,2026-04-15,30,29.98
8,Amoxicillin-Clavulanate 625mg,Antibiotics,2026-04-16,37,29.98
8,Amoxicillin-Clavulanate 625mg,Antibiotics,2026-04-17,27,29.98
8,Amoxicillin-Clavulanate 625mg,Antibiotics,2026-04-18,14,29.98
8,Amoxicillin-Clavulanate 625mg,Antibiotics,2026-04-19,17,29.98
8,Amoxicillin-Clavulanate 625mg,Antibiotics,2026-04-20,33,29.98
8,Amoxicillin-Clavulanate 625mg,Antibiotics,2026-04-21,24,29.98
8,Amoxicillin-Clavulanate 625mg,Antibiotics,2026-04-22,23,29.98
8,Amoxicillin-Clavulanate 625mg,Antibiotics,2026-04-23,25,29.98
8,Amoxicillin-Clavulanate 625mg,Antibiotics,2026-04-24,22,29.98
8,Amoxicillin-Clavulanate 625mg,Antibiotics,2026-04-25,18,29.98
8,Amoxicillin-Clavulanate 625mg,Antibiotics,2026-04-26,25,29.98
8,Amoxicillin-Clavulanate 625mg,Antibiotics,2026-04-27,28,29.98
8,Amoxicillin-Clavulanate 625mg,Antibiotics,2026-04-28,26,29.98
8,Amoxicillin-Clavulanate 625mg,Antibiotics,2026-04-29,26,29.98
8,Amoxicillin-Clavulanate 625mg,Antibiotics,2026-04-30,20,29.98
8,Amoxicillin-Clavulanate 625mg,Antibiotics,2026-05-01,31,29.98
8,Amoxicillin-Clavulanate 625mg,Antibiotics,2026-05-02,17,29.98
8,Amoxicillin-Clavulanate 625mg,Antibiotics,2026-05-03,17,29.98
8,Amoxicillin-Clavulanate 625mg,Antibiotics,2026-05-04,42,29.98
8,Amoxicillin-Clavulanate 625mg,Antibiotics,2026-05-05,28,29.98
8,Amoxicillin-Clavulanate 625mg,Antibiotics,2026-05-06,23,29.98
8,Amoxicillin-Clavulanate 625mg,Antibiotics,2026-05-07,25,29.98
8,Amoxicillin-Clavulanate 625mg,Antibiotics,2026-05-08,32,29.98
8,Amoxicillin-Clavulanate 625mg,Antibiotics,2026-05-09,18,29.98
8,Amoxicillin-Clavulanate 625mg,Antibiotics,2026-05-10,11,29.98
8,Amoxicillin-Clavulanate 625mg,Antibiotics,2026-05-11,31,29.98
8,Amoxicillin-Clavulanate 625mg,Antibiotics,2026-05-12,24,29.98
8,Amoxicillin-Clavulanate 625mg,Antibiotics,2026-05-13,36,29.98
8,Amoxicillin-Clavulanate 625mg,Antibiotics,2026-05-14,32,29.98
8,Amoxicillin-Clavulanate 625mg,Antibiotics,2026-05-15,25,29.98
8,Amoxicillin-Clavulanate 625mg,Antibiotics,2026-05-16,24,29.98
8,Amoxicillin-Clavulanate 625mg,Antibiotics,2026-05-17,18,29.98
8,Amoxicillin-Clavulanate 625mg,Antibiotics,2026-05-18,31,29.98
8,Amoxicillin-Clavulanate 625mg,Antibiotics,2026-05-19,29,29.98
8,Amoxicillin-Clavulanate 625mg,Antibiotics,2026-05-20,23,29.98
8,Amoxicillin-Clavulanate 625mg,Antibiotics,2026-05-21,24,29.98
8,Amoxicillin-Clavulanate 625mg,Antibiotics,2026-05-22,32,29.98
8,Amoxicillin-Clavulanate 625mg,Antibiotics,2026-05-23,16,29.98
8,Amoxicillin-Clavulanate 625mg,Antibiotics,2026-05-24,16,29.98
8,Amoxicillin-Clavulanate 625mg,Antibiotics,2026-05-25,22,29.98
8,Amoxicillin-Clavulanate 625mg,Antibiotics,2026-05-26,29,29.98
8,Amoxicillin-Clavulanate 625mg,Antibiotics,2026-05-27,37,29.98
8,Amoxicillin-Clavulanate 625mg,Antibiotics,2026-05-28,22,29.98
8,Amoxicillin-Clavulanate 625mg,Antibiotics,2026-05-29,27,29.98
8,Amoxicillin-Clavulanate 625mg,Antibiotics,2026-05-30,24,29.98
8,Amoxicillin-Clavulanate 625mg,Antibiotics,2026-05-31,17,29.98
8,Amoxicillin-Clavulanate 625mg,Antibiotics,2026-06-01,29,29.98
8,Amoxicillin-Clavulanate 625mg,Antibiotics,2026-06-02,22,29.98
8,Amoxicillin-Clavulanate 625mg,Antibiotics,2026-06-03,29,29.98
8,Amoxicillin-Clavulanate 625mg,Antibiotics,2026-06-04,26,29.98
8,Amoxicillin-Clavulanate 625mg,Antibiotics,2026-06-05,32,29.98
8,Amoxicillin-Clavulanate 625mg,Antibiotics,2026-06-06,23,29.98
8,Amoxicillin-Clavulanate 625mg,Antibiotics,2026-06-07,30,29.98
8,Amoxicillin-Clavulanate 625mg,Antibiotics,2026-06-08,30,29.98
8,Amoxicillin-Clavulanate 625mg,Antibiotics,2026-06-09,28,29.98
8,Amoxicillin-Clavulanate 625mg,Antibiotics,2026-06-10,28,29.98
8,Amoxicillin-Clavulanate 625mg,Antibiotics,2026-06-11,25,29.98
8,Amoxicillin-Clavulanate 625mg,Antibiotics,2026-06-12,29,29.98
8,Amoxicillin-Clavulanate 625mg,Antibiotics,2026-06-13,16,29.98
8,Amoxicillin-Clavulanate 625mg,Antibiotics,2026-06-14,19,29.98
8,Amoxicillin-Clavulanate 625mg,Antibiotics,2026-06-15,33,29.98
8,Amoxicillin-Clavulanate 625mg,Antibiotics,2026-06-16,22,29.98
8,Amoxicillin-Clavulanate 625mg,Antibiotics,2026-06-17,32,29.98
8,Amoxicillin-Clavulanate 625mg,Antibiotics,2026-06-18,33,29.98
8,Amoxicillin-Clavulanate 625mg,Antibiotics,2026-06-19,26,29.98
8,Amoxicillin-Clavulanate 625mg,Antibiotics,2026-06-20,8,29.98
8,Amoxicillin-Clavulanate 625mg,Antibiotics,2026-06-21,15,29.98
8,Amoxicillin-Clavulanate 625mg,Antibiotics,2026-06-22,33,29.98
8,Amoxicillin-Clavulanate 625mg,Antibiotics,2026-06-23,27,29.98
8,Amoxicillin-Clavulanate 625mg,Antibiotics,2026-06-24,22,29.98
8,Amoxicillin-Clavulanate 625mg,Antibiotics,2026-06-25,25,29.98
8,Amoxicillin-Clavulanate 625mg,Antibiotics,2026-06-26,31,29.98
8,Amoxicillin-Clavulanate 625mg,Antibiotics,2026-06-27,20,29.98
8,Amoxicillin-Clavulanate 625mg,Antibiotics,2026-06-28,17,29.98
8,Amoxicillin-Clavulanate 625mg,Antibiotics,2026-06-29,25,29.98
8,Amoxicillin-Clavulanate 625mg,Antibiotics,2026-06-30,25,29.98
8,Amoxicillin-Clavulanate 625mg,Antibiotics,2026-07-01,32,29.98
8,Amoxicillin-Clavulanate 625mg,Antibiotics,2026-07-02,44,29.98
8,Amoxicillin-Clavulanate 625mg,Antibiotics,2026-07-03,35,29.98
8,Amoxicillin-Clavulanate 625mg,Antibiotics,2026-07-04,30,29.98
8,Amoxicillin-Clavulanate 625mg,Antibiotics,2026-07-05,31,29.98
8,Amoxicillin-Clavulanate 625mg,Antibiotics,2026-07-06,41,29.98
8,Amoxicillin-Clavulanate 625mg,Antibiotics,2026-07-07,34,29.98
8,Amoxicillin-Clavulanate 625mg,Antibiotics,2026-07-08,38,29.98
8,Amoxicillin-Clavulanate 625mg,Antibiotics,2026-07-09,36,29.98
8,Amoxicillin-Clavulanate 625mg,Antibiotics,2026-07-10,32,29.98
8,Amoxicillin-Clavulanate 625mg,Antibiotics,2026-07-11,26,29.98
8,Amoxicillin-Clavulanate 625mg,Antibiotics,2026-07-12,19,29.98
8,Amoxicillin-Clavulanate 625mg,Antibiotics,2026-07-13,42,29.98
8,Amoxicillin-Clavulanate 625mg,Antibiotics,2026-07-14,34,29.98
8,Amoxicillin-Clavulanate 625mg,Antibiotics,2026-07-15,37,29.98
8,Amoxicillin-Clavulanate 625mg,Antibiotics,2026-07-16,38,29.98
8,Amoxicillin-Clavulanate 625mg,Antibiotics,2026-07-17,35,29.98
8,Amoxicillin-Clavulanate 625mg,Antibiotics,2026-07-18,27,29.98
8,Amoxicillin-Clavulanate 625mg,Antibiotics,2026-07-19,22,29.98
8,Amoxicillin-Clavulanate 625mg,Antibiotics,2026-07-20,41,29.98
8,Amoxicillin-Clavulanate 625mg,Antibiotics,2026-07-21,30,29.98
8,Amoxicillin-Clavulanate 625mg,Antibiotics,2026-07-22,37,29.98
8,Amoxicillin-Clavulanate 625mg,Antibiotics,2026-07-23,46,29.98
8,Amoxicillin-Clavulanate 625mg,Antibiotics,2026-07-24,32,29.98
8,Amoxicillin-Clavulanate 625mg,Antibiotics,2026-07-25,21,29.98
8,Amoxicillin-Clavulanate 625mg,Antibiotics,2026-07-26,27,29.98
8,Amoxicillin-Clavulanate 625mg,Antibiotics,2026-07-27,37,29.98
8,Amoxicillin-Clavulanate 625mg,Antibiotics,2026-07-28,38,29.98
8,Amoxicillin-Clavulanate 625mg,Antibiotics,2026-07-29,39,29.98
8,Amoxicillin-Clavulanate 625mg,Antibiotics,2026-07-30,40,29.98
8,Amoxicillin-Clavulanate 625mg,Antibiotics,2026-07-31,42,29.98
8,Amoxicillin-Clavulanate 625mg,Antibiotics,2026-08-01,26,29.98
8,Amoxicillin-Clavulanate 625mg,Antibiotics,2026-08-02,23,29.98
8,Amoxicillin-Clavulanate 625mg,Antibiotics,2026-08-03,40,29.98
8,Amoxicillin-Clavulanate 625mg,Antibiotics,2026-08-04,46,29.98
8,Amoxicillin-Clavulanate 625mg,Antibiotics,2026-08-05,36,29.98
8,Amoxicillin-Clavulanate 625mg,Antibiotics,2026-08-06,32,29.98
8,Amoxicillin-Clavulanate 625mg,Antibiotics,2026-08-07,42,29.98
8,Amoxicillin-Clavulanate 625mg,Antibiotics,2026-08-08,24,29.98
8,Amoxicillin-Clavulanate 625mg,Antibiotics,2026-08-09,14,29.98
8,Amoxicillin-Clavulanate 625mg,Antibiotics,2026-08-10,41,29.98
8,Amoxicillin-Clavulanate 625mg,Antibiotics,2026-08-11,34,29.98
8,Amoxicillin-Clavulanate 625mg,Antibiotics,2026-08-12,36,29.98
8,Amoxicillin-Clavulanate 625mg,Antibiotics,2026-08-13,38,29.98
8,Amoxicillin-Clavulanate 625mg,Antibiotics,2026-08-14,37,29.98
8,Amoxicillin-Clavulanate 625mg,Antibiotics,2026-08-15,28,29.98
8,Amoxicillin-Clavulanate 625mg,Antibiotics,2026-08-16,22,29.98
8,Amoxicillin-Clavulanate 625mg,Antibiotics,2026-08-17,39,29.98
8,Amoxicillin-Clavulanate 625mg,Antibiotics,2026-08-18,35,29.98
8,Amoxicillin-Clavulanate 625mg,Antibiotics,2026-08-19,40,29.98
8,Amoxicillin-Clavulanate 625mg,Antibiotics,2026-08-20,39,29.98
8,Amoxicillin-Clavulanate 625mg,Antibiotics,2026-08-21,32,29.98
8,Amoxicillin-Clavulanate 625mg,Antibiotics,2026-08-22,29,29.98
8,Amoxicillin-Clavulanate 625mg,Antibiotics,2026-08-23,22,29.98
8,Amoxicillin-Clavulanate 625mg,Antibiotics,2026-08-24,40,29.98
8,Amoxicillin-Clavulanate 625mg,Antibiotics,2026-08-25,38,29.98
8,Amoxicillin-Clavulanate 625mg,Antibiotics,2026-08-26,45,29.98
8,Amoxicillin-Clavulanate 625mg,Antibiotics,2026-08-27,35,29.98
8,Amoxicillin-Clavulanate 625mg,Antibiotics,2026-08-28,35,29.98
8,Amoxicillin-Clavulanate 625mg,Antibiotics,2026-08-29,24,29.98
8,Amoxicillin-Clavulanate 625mg,Antibiotics,2026-08-30,23,29.98
8,Amoxicillin-Clavulanate 625mg,Antibiotics,2026-08-31,40,29.98
8,Amoxicillin-Clavulanate 625mg,Antibiotics,2026-09-01,19,29.98
8,Amoxicillin-Clavulanate 625mg,Antibiotics,2026-09-02,22,29.98
8,Amoxicillin-Clavulanate 625mg,Antibiotics,2026-09-03,22,29.98
8,Amoxicillin-Clavulanate 625mg,Antibiotics,2026-09-04,31,29.98
8,Amoxicillin-Clavulanate 625mg,Antibiotics,2026-09-05,26,29.98
8,Amoxicillin-Clavulanate 625mg,Antibiotics,2026-09-06,17,29.98
8,Amoxicillin-Clavulanate 625mg,Antibiotics,2026-09-07,26,29.98
8,Amoxicillin-Clavulanate 625mg,Antibiotics,2026-09-08,27,29.98
8,Amoxicillin-Clavulanate 625mg,Antibiotics,2026-09-09,32,29.98
8,Amoxicillin-Clavulanate 625mg,Antibiotics,2026-09-10,23,29.98
8,Amoxicillin-Clavulanate 625mg,Antibiotics,2026-09-11,28,29.98
8,Amoxicillin-Clavulanate 625mg,Antibiotics,2026-09-12,22,29.98
8,Amoxicillin-Clavulanate 625mg,Antibiotics,2026-09-13,20,29.98
8,Amoxicillin-Clavulanate 625mg,Antibiotics,2026-09-14,28,29.98
8,Amoxicillin-Clavulanate 625mg,Antibiotics,2026-09-15,32,29.98
8,Amoxicillin-Clavulanate 625mg,Antibiotics,2026-09-16,14,29.98
8,Amoxicillin-Clavulanate 625mg,Antibiotics,2026-09-17,30,29.98
8,Amoxicillin-Clavulanate 625mg,Antibiotics,2026-09-18,24,29.98
8,Amoxicillin-Clavulanate 625mg,Antibiotics,2026-09-19,9,29.98
8,Amoxicillin-Clavulanate 625mg,Antibiotics,2026-09-20,20,29.98
8,Amoxicillin-Clavulanate 625mg,Antibiotics,2026-09-21,33,29.98
8,Amoxicillin-Clavulanate 625mg,Antibiotics,2026-09-22,26,29.98
8,Amoxicillin-Clavulanate 625mg,Antibiotics,2026-09-23,31,29.98
8,Amoxicillin-Clavulanate 625mg,Antibiotics,2026-09-24,35,29.98
8,Amoxicillin-Clavulanate 625mg,Antibiotics,2026-09-25,33,29.98
9,Paracetamol 500mg,Analgesics & Antipyretics,2026-02-18,65,20.8
9,Paracetamol 500mg,Analgesics & Antipyretics,2026-02-19,55,20.8
9,Paracetamol 500mg,Analgesics & Antipyretics,2026-02-20,47,20.8
9,Paracetamol 500mg,Analgesics & Antipyretics,2026-02-21,12,20.8
9,Paracetamol 500mg,Analgesics & Antipyretics,2026-02-22,28,20.8
9,Paracetamol 500mg,Analgesics & Antipyretics,2026-02-23,36,20.8
9,Paracetamol 500mg,Analgesics & Antipyretics,2026-02-24,71,20.8
9,Paracetamol 500mg,Analgesics & Antipyretics,2026-02-25,44,20.8
9,Paracetamol 500mg,Analgesics & Antipyretics,2026-02-26,48,20.8
9,Paracetamol 500mg,Analgesics & Antipyretics,2026-02-27,52,20.8
9,Paracetamol 500mg,Analgesics & Antipyretics,2026-02-28,31,20.8
9,Paracetamol 500mg,Analgesics & Antipyretics,2026-03-01,50,20.8
9,Paracetamol 500mg,Analgesics & Antipyretics,2026-03-02,39,20.8
9,Paracetamol 500mg,Analgesics & Antipyretics,2026-03-03,48,20.8
9,Paracetamol 500mg,Analgesics & Antipyretics,2026-03-04,38,20.8
9,Paracetamol 500mg,Analgesics & Antipyretics,2026-03-05,31,20.8
9,Paracetamol 500mg,Analgesics & Antipyretics,2026-03-06,39,20.8
9,Paracetamol 500mg,Analgesics & Antipyretics,2026-03-07,30,20.8
9,Paracetamol 500mg,Analgesics & Antipyretics,2026-03-08,26,20.8
9,Paracetamol 500mg,Analgesics & Antipyretics,2026-03-09,38,20.8
9,Paracetamol 500mg,Analgesics & Antipyretics,2026-03-10,30,20.8
9,Paracetamol 500mg,Analgesics & Antipyretics,2026-03-11,45,20.8
9,Paracetamol 500mg,Analgesics & Antipyretics,2026-03-12,29,20.8
9,Paracetamol 500mg,Analgesics & Antipyretics,2026-03-13,55,20.8
9,Paracetamol 500mg,Analgesics & Antipyretics,2026-03-14,32,20.8
9,Paracetamol 500mg,Analgesics & Antipyretics,2026-03-15,14,20.8
9,Paracetamol 500mg,Analgesics & Antipyretics,2026-03-16,43,20.8
9,Paracetamol 500mg,Analgesics & Antipyretics,2026-03-17,37,20.8
9,Paracetamol 500mg,Analgesics & Antipyretics,2026-03-18,50,20.8
9,Paracetamol 500mg,Analgesics & Antipyretics,2026-03-19,62,20.8
9,Paracetamol 500mg,Analgesics & Antipyretics,2026-03-20,25,20.8
9,Paracetamol 500mg,Analgesics & Antipyretics,2026-03-21,32,20.8
9,Paracetamol 500mg,Analgesics & Antipyretics,2026-03-22,29,20.8
9,Paracetamol 500mg,Analgesics & Antipyretics,2026-03-23,54,20.8
9,Paracetamol 500mg,Analgesics & Antipyretics,2026-03-24,49,20.8
9,Paracetamol 500mg,Analgesics & Antipyretics,2026-03-25,37,20.8
9,Paracetamol 500mg,Analgesics & Antipyretics,2026-03-26,42,20.8
9,Paracetamol 500mg,Analgesics & Antipyretics,2026-03-27,37,20.8
9,Paracetamol 500mg,Analgesics & Antipyretics,2026-03-28,43,20.8
9,Paracetamol 500mg,Analgesics & Antipyretics,2026-03-29,31,20.8
9,Paracetamol 500mg,Analgesics & Antipyretics,2026-03-30,68,20.8
9,Paracetamol 500mg,Analgesics & Antipyretics,2026-03-31,45,20.8
9,Paracetamol 500mg,Analgesics & Antipyretics,2026-04-01,38,20.8
9,Paracetamol 500mg,Analgesics & Antipyretics,2026-04-02,29,20.8
9,Paracetamol 500mg,Analgesics & Antipyretics,2026-04-03,25,20.8
9,Paracetamol 500mg,Analgesics & Antipyretics,2026-04-04,12,20.8
9,Paracetamol 500mg,Analgesics & Antipyretics,2026-04-05,34,20.8
9,Paracetamol 500mg,Analgesics & Antipyretics,2026-04-06,52,20.8
9,Paracetamol 500mg,Analgesics & Antipyretics,2026-04-07,28,20.8
9,Paracetamol 500mg,Analgesics & Antipyretics,2026-04-08,56,20.8
9,Paracetamol 500mg,Analgesics & Antipyretics,2026-04-09,41,20.8
9,Paracetamol 500mg,Analgesics & Antipyretics,2026-04-10,48,20.8
9,Paracetamol 500mg,Analgesics & Antipyretics,2026-04-11,49,20.8
9,Paracetamol 500mg,Analgesics & Antipyretics,2026-04-12,41,20.8
9,Paracetamol 500mg,Analgesics & Antipyretics,2026-04-13,43,20.8
9,Paracetamol 500mg,Analgesics & Antipyretics,2026-04-14,36,20.8
9,Paracetamol 500mg,Analgesics & Antipyretics,2026-04-15,21,20.8
9,Paracetamol 500mg,Analgesics & Antipyretics,2026-04-16,38,20.8
9,Paracetamol 500mg,Analgesics & Antipyretics,2026-04-17,44,20.8
9,Paracetamol 500mg,Analgesics & Antipyretics,2026-04-18,19,20.8
9,Paracetamol 500mg,Analgesics & Antipyretics,2026-04-19,29,20.8
9,Paracetamol 500mg,Analgesics & Antipyretics,2026-04-20,47,20.8
9,Paracetamol 500mg,Analgesics & Antipyretics,2026-04-21,44,20.8
9,Paracetamol 500mg,Analgesics & Antipyretics,2026-04-22,39,20.8
9,Paracetamol 500mg,Analgesics & Antipyretics,2026-04-23,48,20.8
9,Paracetamol 500mg,Analgesics & Antipyretics,2026-04-24,51,20.8
9,Paracetamol 500mg,Analgesics & Antipyretics,2026-04-25,18,20.8
9,Paracetamol 500mg,Analgesics & Antipyretics,2026-04-26,47,20.8
9,Paracetamol 500mg,Analgesics & Antipyretics,2026-04-27,45,20.8
9,Paracetamol 500mg,Analgesics & Antipyretics,2026-04-28,46,20.8
9,Paracetamol 500mg,Analgesics & Antipyretics,2026-04-29,54,20.8
9,Paracetamol 500mg,Analgesics & Antipyretics,2026-04-30,49,20.8
9,Paracetamol 500mg,Analgesics & Antipyretics,2026-05-01,57,20.8
9,Paracetamol 500mg,Analgesics & Antipyretics,2026-05-02,34,20.8
9,Paracetamol 500mg,Analgesics & Antipyretics,2026-05-03,24,20.8
9,Paracetamol 500mg,Analgesics & Antipyretics,2026-05-04,50,20.8
9,Paracetamol 500mg,Analgesics & Antipyretics,2026-05-05,33,20.8
9,Paracetamol 500mg,Analgesics & Antipyretics,2026-05-06,47,20.8
9,Paracetamol 500mg,Analgesics & Antipyretics,2026-05-07,46,20.8
9,Paracetamol 500mg,Analgesics & Antipyretics,2026-05-08,44,20.8
9,Paracetamol 500mg,Analgesics & Antipyretics,2026-05-09,29,20.8
9,Paracetamol 500mg,Analgesics & Antipyretics,2026-05-10,9,20.8
9,Paracetamol 500mg,Analgesics & Antipyretics,2026-05-11,40,20.8
9,Paracetamol 500mg,Analgesics & Antipyretics,2026-05-12,47,20.8
9,Paracetamol 500mg,Analgesics & Antipyretics,2026-05-13,48,20.8
9,Paracetamol 500mg,Analgesics & Antipyretics,2026-05-14,34,20.8
9,Paracetamol 500mg,Analgesics & Antipyretics,2026-05-15,61,20.8
9,Paracetamol 500mg,Analgesics & Antipyretics,2026-05-16,21,20.8
9,Paracetamol 500mg,Analgesics & Antipyretics,2026-05-17,42,20.8
9,Paracetamol 500mg,Analgesics & Antipyretics,2026-05-18,51,20.8
9,Paracetamol 500mg,Analgesics & Antipyretics,2026-05-19,39,20.8
9,Paracetamol 500mg,Analgesics & Antipyretics,2026-05-20,67,20.8
9,Paracetamol 500mg,Analgesics & Antipyretics,2026-05-21,32,20.8
9,Paracetamol 500mg,Analgesics & Antipyretics,2026-05-22,57,20.8
9,Paracetamol 500mg,Analgesics & Antipyretics,2026-05-23,42,20.8
9,Paracetamol 500mg,Analgesics & Antipyretics,2026-05-24,23,20.8
9,Paracetamol 500mg,Analgesics & Antipyretics,2026-05-25,62,20.8
9,Paracetamol 500mg,Analgesics & Antipyretics,2026-05-26,43,20.8
9,Paracetamol 500mg,Analgesics & Antipyretics,2026-05-27,49,20.8
9,Paracetamol 500mg,Analgesics & Antipyretics,2026-05-28,49,20.8
9,Paracetamol 500mg,Analgesics & Antipyretics,2026-05-29,45,20.8
9,Paracetamol 500mg,Analgesics & Antipyretics,2026-05-30,40,20.8
9,Paracetamol 500mg,Analgesics & Antipyretics,2026-05-31,40,20.8
9,Paracetamol 500mg,Analgesics & Antipyretics,2026-06-01,42,20.8
9,Paracetamol 500mg,Analgesics & Antipyretics,2026-06-02,77,20.8
9,Paracetamol 500mg,Analgesics & Antipyretics,2026-06-03,43,20.8
9,Paracetamol 500mg,Analgesics & Antipyretics,2026-06-04,74,20.8
9,Paracetamol 500mg,Analgesics & Antipyretics,2026-06-05,75,20.8
9,Paracetamol 500mg,Analgesics & Antipyretics,2026-06-06,29,20.8
9,Paracetamol 500mg,Analgesics & Antipyretics,2026-06-07,37,20.8
9,Paracetamol 500mg,Analgesics & Antipyretics,2026-06-08,50,20.8
9,Paracetamol 500mg,Analgesics & Antipyretics,2026-06-09,60,20.8
9,Paracetamol 500mg,Analgesics & Antipyretics,2026-06-10,59,20.8
9,Paracetamol 500mg,Analgesics & Antipyretics,2026-06-11,71,20.8
9,Paracetamol 500mg,Analgesics & Antipyretics,2026-06-12,78,20.8
9,Paracetamol 500mg,Analgesics & Antipyretics,2026-06-13,58,20.8
9,Paracetamol 500mg,Analgesics & Antipyretics,2026-06-14,35,20.8
9,Paracetamol 500mg,Analgesics & Antipyretics,2026-06-15,60,20.8
9,Paracetamol 500mg,Analgesics & Antipyretics,2026-06-16,43,20.8
9,Paracetamol 500mg,Analgesics & Antipyretics,2026-06-17,53,20.8
9,Paracetamol 500mg,Analgesics & Antipyretics,2026-06-18,74,20.8
9,Paracetamol 500mg,Analgesics & Antipyretics,2026-06-19,81,20.8
9,Paracetamol 500mg,Analgesics & Antipyretics,2026-06-20,27,20.8
9,Paracetamol 500mg,Analgesics & Antipyretics,2026-06-21,35,20.8
9,Paracetamol 500mg,Analgesics & Antipyretics,2026-06-22,62,20.8
9,Paracetamol 500mg,Analgesics & Antipyretics,2026-06-23,66,20.8
9,Paracetamol 500mg,Analgesics & Antipyretics,2026-06-24,53,20.8
9,Paracetamol 500mg,Analgesics & Antipyretics,2026-06-25,67,20.8
9,Paracetamol 500mg,Analgesics & Antipyretics,2026-06-26,57,20.8
9,Paracetamol 500mg,Analgesics & Antipyretics,2026-06-27,41,20.8
9,Paracetamol 500mg,Analgesics & Antipyretics,2026-06-28,48,20.8
9,Paracetamol 500mg,Analgesics & Antipyretics,2026-06-29,63,20.8
9,Paracetamol 500mg,Analgesics & Antipyretics,2026-06-30,57,20.8
9,Paracetamol 500mg,Analgesics & Antipyretics,2026-07-01,61,20.8
9,Paracetamol 500mg,Analgesics & Antipyretics,2026-07-02,61,20.8
9,Paracetamol 500mg,Analgesics & Antipyretics,2026-07-03,58,20.8
9,Paracetamol 500mg,Analgesics & Antipyretics,2026-07-04,38,20.8
9,Paracetamol 500mg,Analgesics & Antipyretics,2026-07-05,60,20.8
9,Paracetamol 500mg,Analgesics & Antipyretics,2026-07-06,69,20.8
9,Paracetamol 500mg,Analgesics & Antipyretics,2026-07-07,59,20.8
9,Paracetamol 500mg,Analgesics & Antipyretics,2026-07-08,70,20.8
9,Paracetamol 500mg,Analgesics & Antipyretics,2026-07-09,59,20.8
9,Paracetamol 500mg,Analgesics & Antipyretics,2026-07-10,76,20.8
9,Paracetamol 500mg,Analgesics & Antipyretics,2026-07-11,46,20.8
9,Paracetamol 500mg,Analgesics & Antipyretics,2026-07-12,40,20.8
9,Paracetamol 500mg,Analgesics & Antipyretics,2026-07-13,68,20.8
9,Paracetamol 500mg,Analgesics & Antipyretics,2026-07-14,44,20.8
9,Paracetamol 500mg,Analgesics & Antipyretics,2026-07-15,49,20.8
9,Paracetamol 500mg,Analgesics & Antipyretics,2026-07-16,49,20.8
9,Paracetamol 500mg,Analgesics & Antipyretics,2026-07-17,64,20.8
9,Paracetamol 500mg,Analgesics & Antipyretics,2026-07-18,61,20.8
9,Paracetamol 500mg,Analgesics & Antipyretics,2026-07-19,67,20.8
9,Paracetamol 500mg,Analgesics & Antipyretics,2026-07-20,70,20.8
9,Paracetamol 500mg,Analgesics & Antipyretics,2026-07-21,68,20.8
9,Paracetamol 500mg,Analgesics & Antipyretics,2026-07-22,42,20.8
9,Paracetamol 500mg,Analgesics & Antipyretics,2026-07-23,56,20.8
9,Paracetamol 500mg,Analgesics & Antipyretics,2026-07-24,53,20.8
9,Paracetamol 500mg,Analgesics & Antipyretics,2026-07-25,34,20.8
9,Paracetamol 500mg,Analgesics & Antipyretics,2026-07-26,40,20.8
9,Paracetamol 500mg,Analgesics & Antipyretics,2026-07-27,57,20.8
9,Paracetamol 500mg,Analgesics & Antipyretics,2026-07-28,40,20.8
9,Paracetamol 500mg,Analgesics & Antipyretics,2026-07-29,71,20.8
9,Paracetamol 500mg,Analgesics & Antipyretics,2026-07-30,50,20.8
9,Paracetamol 500mg,Analgesics & Antipyretics,2026-07-31,65,20.8
9,Paracetamol 500mg,Analgesics & Antipyretics,2026-08-01,65,20.8
9,Paracetamol 500mg,Analgesics & Antipyretics,2026-08-02,31,20.8
9,Paracetamol 500mg,Analgesics & Antipyretics,2026-08-03,33,20.8
9,Paracetamol 500mg,Analgesics & Antipyretics,2026-08-04,59,20.8
9,Paracetamol 500mg,Analgesics & Antipyretics,2026-08-05,75,20.8
9,Paracetamol 500mg,Analgesics & Antipyretics,2026-08-06,85,20.8
9,Paracetamol 500mg,Analgesics & Antipyretics,2026-08-07,48,20.8
9,Paracetamol 500mg,Analgesics & Antipyretics,2026-08-08,47,20.8
9,Paracetamol 500mg,Analgesics & Antipyretics,2026-08-09,36,20.8
9,Paracetamol 500mg,Analgesics & Antipyretics,2026-08-10,61,20.8
9,Paracetamol 500mg,Analgesics & Antipyretics,2026-08-11,93,20.8
9,Paracetamol 500mg,Analgesics & Antipyretics,2026-08-12,45,20.8
9,Paracetamol 500mg,Analgesics & Antipyretics,2026-08-13,65,20.8
9,Paracetamol 500mg,Analgesics & Antipyretics,2026-08-14,68,20.8
9,Paracetamol 500mg,Analgesics & Antipyretics,2026-08-15,54,20.8
9,Paracetamol 500mg,Analgesics & Antipyretics,2026-08-16,43,20.8
9,Paracetamol 500mg,Analgesics & Antipyretics,2026-08-17,66,20.8
9,Paracetamol 500mg,Analgesics & Antipyretics,2026-08-18,58,20.8
9,Paracetamol 500mg,Analgesics & Antipyretics,2026-08-19,66,20.8
9,Paracetamol 500mg,Analgesics & Antipyretics,2026-08-20,59,20.8
9,Paracetamol 500mg,Analgesics & Antipyretics,2026-08-21,70,20.8
9,Paracetamol 500mg,Analgesics & Antipyretics,2026-08-22,37,20.8
9,Paracetamol 500mg,Analgesics & Antipyretics,2026-08-23,46,20.8
9,Paracetamol 500mg,Analgesics & Antipyretics,2026-08-24,62,20.8
9,Paracetamol 500mg,Analgesics & Antipyretics,2026-08-25,75,20.8
9,Paracetamol 500mg,Analgesics & Antipyretics,2026-08-26,62,20.8
9,Paracetamol 500mg,Analgesics & Antipyretics,2026-08-27,42,20.8
9,Paracetamol 500mg,Analgesics & Antipyretics,2026-08-28,77,20.8
9,Paracetamol 500mg,Analgesics & Antipyretics,2026-08-29,31,20.8
9,Paracetamol 500mg,Analgesics & Antipyretics,2026-08-30,34,20.8
9,Paracetamol 500mg,Analgesics & Antipyretics,2026-08-31,56,20.8
9,Paracetamol 500mg,Analgesics & Antipyretics,2026-09-01,62,20.8
9,Paracetamol 500mg,Analgesics & Antipyretics,2026-09-02,22,20.8
9,Paracetamol 500mg,Analgesics & Antipyretics,2026-09-03,82,20.8
9,Paracetamol 500mg,Analgesics & Antipyretics,2026-09-04,58,20.8
9,Paracetamol 500mg,Analgesics & Antipyretics,2026-09-05,33,20.8
9,Paracetamol 500mg,Analgesics & Antipyretics,2026-09-06,30,20.8
9,Paracetamol 500mg,Analgesics & Antipyretics,2026-09-07,49,20.8
9,Paracetamol 500mg,Analgesics & Antipyretics,2026-09-08,52,20.8
9,Paracetamol 500mg,Analgesics & Antipyretics,2026-09-09,54,20.8
9,Paracetamol 500mg,Analgesics & Antipyretics,2026-09-10,53,20.8
9,Paracetamol 500mg,Analgesics & Antipyretics,2026-09-11,47,20.8
9,Paracetamol 500mg,Analgesics & Antipyretics,2026-09-12,28,20.8
9,Paracetamol 500mg,Analgesics & Antipyretics,2026-09-13,29,20.8
9,Paracetamol 500mg,Analgesics & Antipyretics,2026-09-14,44,20.8
9,Paracetamol 500mg,Analgesics & Antipyretics,2026-09-15,59,20.8
9,Paracetamol 500mg,Analgesics & Antipyretics,2026-09-16,53,20.8
9,Paracetamol 500mg,Analgesics & Antipyretics,2026-09-17,12,20.8
9,Paracetamol 500mg,Analgesics & Antipyretics,2026-09-18,54,20.8
9,Paracetamol 500mg,Analgesics & Antipyretics,2026-09-19,33,20.8
9,Paracetamol 500mg,Analgesics & Antipyretics,2026-09-20,30,20.8
9,Paracetamol 500mg,Analgesics & Antipyretics,2026-09-21,42,20.8
9,Paracetamol 500mg,Analgesics & Antipyretics,2026-09-22,59,20.8
9,Paracetamol 500mg,Analgesics & Antipyretics,2026-09-23,57,20.8
9,Paracetamol 500mg,Analgesics & Antipyretics,2026-09-24,37,20.8
9,Paracetamol 500mg,Analgesics & Antipyretics,2026-09-25,51,20.8
10,Ibuprofen 400mg,Analgesics & Antipyretics,2026-02-18,56,10.21
10,Ibuprofen 400mg,Analgesics & Antipyretics,2026-02-19,48,10.21
10,Ibuprofen 400mg,Analgesics & Antipyretics,2026-02-20,63,10.21
10,Ibuprofen 400mg,Analgesics & Antipyretics,2026-02-21,68,10.21
10,Ibuprofen 400mg,Analgesics & Antipyretics,2026-02-22,69,10.21
10,Ibuprofen 400mg,Analgesics & Antipyretics,2026-02-23,86,10.21
10,Ibuprofen 400mg,Analgesics & Antipyretics,2026-02-24,90,10.21
10,Ibuprofen 400mg,Analgesics & Antipyretics,2026-02-25,86,10.21
10,Ibuprofen 400mg,Analgesics & Antipyretics,2026-02-26,63,10.21
10,Ibuprofen 400mg,Analgesics & Antipyretics,2026-02-27,84,10.21
10,Ibuprofen 400mg,Analgesics & Antipyretics,2026-02-28,66,10.21
10,Ibuprofen 400mg,Analgesics & Antipyretics,2026-03-01,66,10.21
10,Ibuprofen 400mg,Analgesics & Antipyretics,2026-03-02,100,10.21
10,Ibuprofen 400mg,Analgesics & Antipyretics,2026-03-03,90,10.21
10,Ibuprofen 400mg,Analgesics & Antipyretics,2026-03-04,83,10.21
10,Ibuprofen 400mg,Analgesics & Antipyretics,2026-03-05,97,10.21
10,Ibuprofen 400mg,Analgesics & Antipyretics,2026-03-06,75,10.21
10,Ibuprofen 400mg,Analgesics & Antipyretics,2026-03-07,33,10.21
10,Ibuprofen 400mg,Analgesics & Antipyretics,2026-03-08,47,10.21
10,Ibuprofen 400mg,Analgesics & Antipyretics,2026-03-09,61,10.21
10,Ibuprofen 400mg,Analgesics & Antipyretics,2026-03-10,62,10.21
10,Ibuprofen 400mg,Analgesics & Antipyretics,2026-03-11,73,10.21
10,Ibuprofen 400mg,Analgesics & Antipyretics,2026-03-12,60,10.21
10,Ibuprofen 400mg,Analgesics & Antipyretics,2026-03-13,70,10.21
10,Ibuprofen 400mg,Analgesics & Antipyretics,2026-03-14,12,10.21
10,Ibuprofen 400mg,Analgesics & Antipyretics,2026-03-15,55,10.21
10,Ibuprofen 400mg,Analgesics & Antipyretics,2026-03-16,76,10.21
10,Ibuprofen 400mg,Analgesics & Antipyretics,2026-03-17,59,10.21
10,Ibuprofen 400mg,Analgesics & Antipyretics,2026-03-18,89,10.21
10,Ibuprofen 400mg,Analgesics & Antipyretics,2026-03-19,95,10.21
10,Ibuprofen 400mg,Analgesics & Antipyretics,2026-03-20,44,10.21
10,Ibuprofen 400mg,Analgesics & Antipyretics,2026-03-21,35,10.21
10,Ibuprofen 400mg,Analgesics & Antipyretics,2026-03-22,35,10.21
10,Ibuprofen 400mg,Analgesics & Antipyretics,2026-03-23,57,10.21
10,Ibuprofen 400mg,Analgesics & Antipyretics,2026-03-24,92,10.21
10,Ibuprofen 400mg,Analgesics & Antipyretics,2026-03-25,72,10.21
10,Ibuprofen 400mg,Analgesics & Antipyretics,2026-03-26,70,10.21
10,Ibuprofen 400mg,Analgesics & Antipyretics,2026-03-27,36,10.21
10,Ibuprofen 400mg,Analgesics & Antipyretics,2026-03-28,63,10.21
10,Ibuprofen 400mg,Analgesics & Antipyretics,2026-03-29,25,10.21
10,Ibuprofen 400mg,Analgesics & Antipyretics,2026-03-30,77,10.21
10,Ibuprofen 400mg,Analgesics & Antipyretics,2026-03-31,81,10.21
10,Ibuprofen 400mg,Analgesics & Antipyretics,2026-04-01,103,10.21
10,Ibuprofen 400mg,Analgesics & Antipyretics,2026-04-02,50,10.21
10,Ibuprofen 400mg,Analgesics & Antipyretics,2026-04-03,15,10.21
10,Ibuprofen 400mg,Analgesics & Antipyretics,2026-04-04,54,10.21
10,Ibuprofen 400mg,Analgesics & Antipyretics,2026-04-05,87,10.21
10,Ibuprofen 400mg,Analgesics & Antipyretics,2026-04-06,101,10.21
10,Ibuprofen 400mg,Analgesics & Antipyretics,2026-04-07,80,10.21
10,Ibuprofen 400mg,Analgesics & Antipyretics,2026-04-08,66,10.21
10,Ibuprofen 400mg,Analgesics & Antipyretics,2026-04-09,92,10.21
10,Ibuprofen 400mg,Analgesics & Antipyretics,2026-04-10,56,10.21
10,Ibuprofen 400mg,Analgesics & Antipyretics,2026-04-11,60,10.21
10,Ibuprofen 400mg,Analgesics & Antipyretics,2026-04-12,61,10.21
10,Ibuprofen 400mg,Analgesics & Antipyretics,2026-04-13,97,10.21
10,Ibuprofen 400mg,Analgesics & Antipyretics,2026-04-14,131,10.21
10,Ibuprofen 400mg,Analgesics & Antipyretics,2026-04-15,84,10.21
10,Ibuprofen 400mg,Analgesics & Antipyretics,2026-04-16,66,10.21
10,Ibuprofen 400mg,Analgesics & Antipyretics,2026-04-17,75,10.21
10,Ibuprofen 400mg,Analgesics & Antipyretics,2026-04-18,15,10.21
10,Ibuprofen 400mg,Analgesics & Antipyretics,2026-04-19,36,10.21
10,Ibuprofen 400mg,Analgesics & Antipyretics,2026-04-20,68,10.21
10,Ibuprofen 400mg,Analgesics & Antipyretics,2026-04-21,65,10.21
10,Ibuprofen 400mg,Analgesics & Antipyretics,2026-04-22,79,10.21
10,Ibuprofen 400mg,Analgesics & Antipyretics,2026-04-23,59,10.21
10,Ibuprofen 400mg,Analgesics & Antipyretics,2026-04-24,98,10.21
10,Ibuprofen 400mg,Analgesics & Antipyretics,2026-04-25,50,10.21
10,Ibuprofen 400mg,Analgesics & Antipyretics,2026-04-26,50,10.21
10,Ibuprofen 400mg,Analgesics & Antipyretics,2026-04-27,69,10.21
10,Ibuprofen 400mg,Analgesics & Antipyretics,2026-04-28,79,10.21
10,Ibuprofen 400mg,Analgesics & Antipyretics,2026-04-29,92,10.21
10,Ibuprofen 400mg,Analgesics & Antipyretics,2026-04-30,58,10.21
10,Ibuprofen 400mg,Analgesics & Antipyretics,2026-05-01,63,10.21
10,Ibuprofen 400mg,Analgesics & Antipyretics,2026-05-02,44,10.21
10,Ibuprofen 400mg,Analgesics & Antipyretics,2026-05-03,23,10.21
10,Ibuprofen 400mg,Analgesics & Antipyretics,2026-05-04,59,10.21
10,Ibuprofen 400mg,Analgesics & Antipyretics,2026-05-05,66,10.21
10,Ibuprofen 400mg,Analgesics & Antipyretics,2026-05-06,93,10.21
10,Ibuprofen 400mg,Analgesics & Antipyretics,2026-05-07,81,10.21
10,Ibuprofen 400mg,Analgesics & Antipyretics,2026-05-08,80,10.21
10,Ibuprofen 400mg,Analgesics & Antipyretics,2026-05-09,67,10.21
10,Ibuprofen 400mg,Analgesics & Antipyretics,2026-05-10,48,10.21
10,Ibuprofen 400mg,Analgesics & Antipyretics,2026-05-11,84,10.21
10,Ibuprofen 400mg,Analgesics & Antipyretics,2026-05-12,74,10.21
10,Ibuprofen 400mg,Analgesics & Antipyretics,2026-05-13,81,10.21
10,Ibuprofen 400mg,Analgesics & Antipyretics,2026-05-14,64,10.21
10,Ibuprofen 400mg,Analgesics & Antipyretics,2026-05-15,27,10.21
10,Ibuprofen 400mg,Analgesics & Antipyretics,2026-05-16,48,10.21
10,Ibuprofen 400mg,Analgesics & Antipyretics,2026-05-17,79,10.21
10,Ibuprofen 400mg,Analgesics & Antipyretics,2026-05-18,94,10.21
10,Ibuprofen 400mg,Analgesics & Antipyretics,2026-05-19,95,10.21
10,Ibuprofen 400mg,Analgesics & Antipyretics,2026-05-20,101,10.21
10,Ibuprofen 400mg,Analgesics & Antipyretics,2026-05-21,78,10.21
10,Ibuprofen 400mg,Analgesics & Antipyretics,2026-05-22,80,10.21
10,Ibuprofen 400mg,Analgesics & Antipyretics,2026-05-23,38,10.21
10,Ibuprofen 400mg,Analgesics & Antipyretics,2026-05-24,44,10.21
10,Ibuprofen 400mg,Analgesics & Antipyretics,2026-05-25,88,10.21
10,Ibuprofen 400mg,Analgesics & Antipyretics,2026-05-26,100,10.21
10,Ibuprofen 400mg,Analgesics & Antipyretics,2026-05-27,73,10.21
10,Ibuprofen 400mg,Analgesics & Antipyretics,2026-05-28,67,10.21
10,Ibuprofen 400mg,Analgesics & Antipyretics,2026-05-29,76,10.21
10,Ibuprofen 400mg,Analgesics & Antipyretics,2026-05-30,62,10.21
10,Ibuprofen 400mg,Analgesics & Antipyretics,2026-05-31,21,10.21
10,Ibuprofen 400mg,Analgesics & Antipyretics,2026-06-01,56,10.21
10,Ibuprofen 400mg,Analgesics & Antipyretics,2026-06-02,91,10.21
10,Ibuprofen 400mg,Analgesics & Antipyretics,2026-06-03,78,10.21
10,Ibuprofen 400mg,Analgesics & Antipyretics,2026-06-04,92,10.21
10,Ibuprofen 400mg,Analgesics & Antipyretics,2026-06-05,100,10.21
10,Ibuprofen 400mg,Analgesics & Antipyretics,2026-06-06,59,10.21
10,Ibuprofen 400mg,Analgesics & Antipyretics,2026-06-07,97,10.21
10,Ibuprofen 400mg,Analgesics & Antipyretics,2026-06-08,109,10.21
10,Ibuprofen 400mg,Analgesics & Antipyretics,2026-06-09,109,10.21
10,Ibuprofen 400mg,Analgesics & Antipyretics,2026-06-10,115,10.21
10,Ibuprofen 400mg,Analgesics & Antipyretics,2026-06-11,80,10.21
10,Ibuprofen 400mg,Analgesics & Antipyretics,2026-06-12,123,10.21
10,Ibuprofen 400mg,Analgesics & Antipyretics,2026-06-13,67,10.21
10,Ibuprofen 400mg,Analgesics & Antipyretics,2026-06-14,82,10.21
10,Ibuprofen 400mg,Analgesics & Antipyretics,2026-06-15,81,10.21
10,Ibuprofen 400mg,Analgesics & Antipyretics,2026-06-16,71,10.21
10,Ibuprofen 400mg,Analgesics & Antipyretics,2026-06-17,119,10.21
10,Ibuprofen 400mg,Analgesics & Antipyretics,2026-06-18,110,10.21
10,Ibuprofen 400mg,Analgesics & Antipyretics,2026-06-19,84,10.21
10,Ibuprofen 400mg,Analgesics & Antipyretics,2026-06-20,51,10.21
10,Ibuprofen 400mg,Analgesics & Antipyretics,2026-06-21,91,10.21
10,Ibuprofen 400mg,Analgesics & Antipyretics,2026-06-22,79,10.21
10,Ibuprofen 400mg,Analgesics & Antipyretics,2026-06-23,135,10.21
10,Ibuprofen 400mg,Analgesics & Antipyretics,2026-06-24,84,10.21
10,Ibuprofen 400mg,Analgesics & Antipyretics,2026-06-25,115,10.21
10,Ibuprofen 400mg,Analgesics & Antipyretics,2026-06-26,96,10.21
10,Ibuprofen 400mg,Analgesics & Antipyretics,2026-06-27,80,10.21
10,Ibuprofen 400mg,Analgesics & Antipyretics,2026-06-28,57,10.21
10,Ibuprofen 400mg,Analgesics & Antipyretics,2026-06-29,99,10.21
10,Ibuprofen 400mg,Analgesics & Antipyretics,2026-06-30,103,10.21
10,Ibuprofen 400mg,Analgesics & Antipyretics,2026-07-01,82,10.21
10,Ibuprofen 400mg,Analgesics & Antipyretics,2026-07-02,117,10.21
10,Ibuprofen 400mg,Analgesics & Antipyretics,2026-07-03,92,10.21
10,Ibuprofen 400mg,Analgesics & Antipyretics,2026-07-04,64,10.21
10,Ibuprofen 400mg,Analgesics & Antipyretics,2026-07-05,48,10.21
10,Ibuprofen 400mg,Analgesics & Antipyretics,2026-07-06,51,10.21
10,Ibuprofen 400mg,Analgesics & Antipyretics,2026-07-07,99,10.21
10,Ibuprofen 400mg,Analgesics & Antipyretics,2026-07-08,151,10.21
10,Ibuprofen 400mg,Analgesics & Antipyretics,2026-07-09,118,10.21
10,Ibuprofen 400mg,Analgesics & Antipyretics,2026-07-10,102,10.21
10,Ibuprofen 400mg,Analgesics & Antipyretics,2026-07-11,63,10.21
10,Ibuprofen 400mg,Analgesics & Antipyretics,2026-07-12,69,10.21
10,Ibuprofen 400mg,Analgesics & Antipyretics,2026-07-13,113,10.21
10,Ibuprofen 400mg,Analgesics & Antipyretics,2026-07-14,79,10.21
10,Ibuprofen 400mg,Analgesics & Antipyretics,2026-07-15,125,10.21
10,Ibuprofen 400mg,Analgesics & Antipyretics,2026-07-16,117,10.21
10,Ibuprofen 400mg,Analgesics & Antipyretics,2026-07-17,117,10.21
10,Ibuprofen 400mg,Analgesics & Antipyretics,2026-07-18,77,10.21
10,Ibuprofen 400mg,Analgesics & Antipyretics,2026-07-19,69,10.21
10,Ibuprofen 400mg,Analgesics & Antipyretics,2026-07-20,116,10.21
10,Ibuprofen 400mg,Analgesics & Antipyretics,2026-07-21,114,10.21
10,Ibuprofen 400mg,Analgesics & Antipyretics,2026-07-22,95,10.21
10,Ibuprofen 400mg,Analgesics & Antipyretics,2026-07-23,91,10.21
10,Ibuprofen 400mg,Analgesics & Antipyretics,2026-07-24,105,10.21
10,Ibuprofen 400mg,Analgesics & Antipyretics,2026-07-25,99,10.21
10,Ibuprofen 400mg,Analgesics & Antipyretics,2026-07-26,43,10.21
10,Ibuprofen 400mg,Analgesics & Antipyretics,2026-07-27,73,10.21
10,Ibuprofen 400mg,Analgesics & Antipyretics,2026-07-28,106,10.21
10,Ibuprofen 400mg,Analgesics & Antipyretics,2026-07-29,104,10.21
10,Ibuprofen 400mg,Analgesics & Antipyretics,2026-07-30,106,10.21
10,Ibuprofen 400mg,Analgesics & Antipyretics,2026-07-31,107,10.21
10,Ibuprofen 400mg,Analgesics & Antipyretics,2026-08-01,64,10.21
10,Ibuprofen 400mg,Analgesics & Antipyretics,2026-08-02,98,10.21
10,Ibuprofen 400mg,Analgesics & Antipyretics,2026-08-03,70,10.21
10,Ibuprofen 400mg,Analgesics & Antipyretics,2026-08-04,86,10.21
10,Ibuprofen 400mg,Analgesics & Antipyretics,2026-08-05,100,10.21
10,Ibuprofen 400mg,Analgesics & Antipyretics,2026-08-06,69,10.21
10,Ibuprofen 400mg,Analgesics & Antipyretics,2026-08-07,99,10.21
10,Ibuprofen 400mg,Analgesics & Antipyretics,2026-08-08,102,10.21
10,Ibuprofen 400mg,Analgesics & Antipyretics,2026-08-09,69,10.21
10,Ibuprofen 400mg,Analgesics & Antipyretics,2026-08-10,107,10.21
10,Ibuprofen 400mg,Analgesics & Antipyretics,2026-08-11,77,10.21
10,Ibuprofen 400mg,Analgesics & Antipyretics,2026-08-12,90,10.21
10,Ibuprofen 400mg,Analgesics & Antipyretics,2026-08-13,95,10.21
10,Ibuprofen 400mg,Analgesics & Antipyretics,2026-08-14,96,10.21
10,Ibuprofen 400mg,Analgesics & Antipyretics,2026-08-15,94,10.21
10,Ibuprofen 400mg,Analgesics & Antipyretics,2026-08-16,79,10.21
10,Ibuprofen 400mg,Analgesics & Antipyretics,2026-08-17,80,10.21
10,Ibuprofen 400mg,Analgesics & Antipyretics,2026-08-18,107,10.21
10,Ibuprofen 400mg,Analgesics & Antipyretics,2026-08-19,112,10.21
10,Ibuprofen 400mg,Analgesics & Antipyretics,2026-08-20,125,10.21
10,Ibuprofen 400mg,Analgesics & Antipyretics,2026-08-21,134,10.21
10,Ibuprofen 400mg,Analgesics & Antipyretics,2026-08-22,48,10.21
10,Ibuprofen 400mg,Analgesics & Antipyretics,2026-08-23,52,10.21
10,Ibuprofen 400mg,Analgesics & Antipyretics,2026-08-24,77,10.21
10,Ibuprofen 400mg,Analgesics & Antipyretics,2026-08-25,98,10.21
10,Ibuprofen 400mg,Analgesics & Antipyretics,2026-08-26,112,10.21
10,Ibuprofen 400mg,Analgesics & Antipyretics,2026-08-27,122,10.21
10,Ibuprofen 400mg,Analgesics & Antipyretics,2026-08-28,101,10.21
10,Ibuprofen 400mg,Analgesics & Antipyretics,2026-08-29,62,10.21
10,Ibuprofen 400mg,Analgesics & Antipyretics,2026-08-30,71,10.21
10,Ibuprofen 400mg,Analgesics & Antipyretics,2026-08-31,86,10.21
10,Ibuprofen 400mg,Analgesics & Antipyretics,2026-09-01,118,10.21
10,Ibuprofen 400mg,Analgesics & Antipyretics,2026-09-02,43,10.21
10,Ibuprofen 400mg,Analgesics & Antipyretics,2026-09-03,79,10.21
10,Ibuprofen 400mg,Analgesics & Antipyretics,2026-09-04,116,10.21
10,Ibuprofen 400mg,Analgesics & Antipyretics,2026-09-05,50,10.21
10,Ibuprofen 400mg,Analgesics & Antipyretics,2026-09-06,47,10.21
10,Ibuprofen 400mg,Analgesics & Antipyretics,2026-09-07,69,10.21
10,Ibuprofen 400mg,Analgesics & Antipyretics,2026-09-08,72,10.21
10,Ibuprofen 400mg,Analgesics & Antipyretics,2026-09-09,103,10.21
10,Ibuprofen 400mg,Analgesics & Antipyretics,2026-09-10,31,10.21
10,Ibuprofen 400mg,Analgesics & Antipyretics,2026-09-11,107,10.21
10,Ibuprofen 400mg,Analgesics & Antipyretics,2026-09-12,22,10.21
10,Ibuprofen 400mg,Analgesics & Antipyretics,2026-09-13,45,10.21
10,Ibuprofen 400mg,Analgesics & Antipyretics,2026-09-14,67,10.21
10,Ibuprofen 400mg,Analgesics & Antipyretics,2026-09-15,88,10.21
10,Ibuprofen 400mg,Analgesics & Antipyretics,2026-09-16,44,10.21
10,Ibuprofen 400mg,Analgesics & Antipyretics,2026-09-17,85,10.21
10,Ibuprofen 400mg,Analgesics & Antipyretics,2026-09-18,116,10.21
10,Ibuprofen 400mg,Analgesics & Antipyretics,2026-09-19,23,10.21
10,Ibuprofen 400mg,Analgesics & Antipyretics,2026-09-20,54,10.21
10,Ibuprofen 400mg,Analgesics & Antipyretics,2026-09-21,62,10.21
10,Ibuprofen 400mg,Analgesics & Antipyretics,2026-09-22,84,10.21
10,Ibuprofen 400mg,Analgesics & Antipyretics,2026-09-23,76,10.21
10,Ibuprofen 400mg,Analgesics & Antipyretics,2026-09-24,63,10.21
10,Ibuprofen 400mg,Analgesics & Antipyretics,2026-09-25,86,10.21
11,Tramadol 50mg,Analgesics & Antipyretics,2026-02-18,60,18.61
11,Tramadol 50mg,Analgesics & Antipyretics,2026-02-19,38,18.61
11,Tramadol 50mg,Analgesics & Antipyretics,2026-02-20,48,18.61
11,Tramadol 50mg,Analgesics & Antipyretics,2026-02-21,12,18.61
11,Tramadol 50mg,Analgesics & Antipyretics,2026-02-22,16,18.61
11,Tramadol 50mg,Analgesics & Antipyretics,2026-02-23,45,18.61
11,Tramadol 50mg,Analgesics & Antipyretics,2026-02-24,57,18.61
11,Tramadol 50mg,Analgesics & Antipyretics,2026-02-25,44,18.61
11,Tramadol 50mg,Analgesics & Antipyretics,2026-02-26,37,18.61
11,Tramadol 50mg,Analgesics & Antipyretics,2026-02-27,40,18.61
11,Tramadol 50mg,Analgesics & Antipyretics,2026-02-28,13,18.61
11,Tramadol 50mg,Analgesics & Antipyretics,2026-03-01,33,18.61
11,Tramadol 50mg,Analgesics & Antipyretics,2026-03-02,50,18.61
11,Tramadol 50mg,Analgesics & Antipyretics,2026-03-03,35,18.61
11,Tramadol 50mg,Analgesics & Antipyretics,2026-03-04,35,18.61
11,Tramadol 50mg,Analgesics & Antipyretics,2026-03-05,43,18.61
11,Tramadol 50mg,Analgesics & Antipyretics,2026-03-06,35,18.61
11,Tramadol 50mg,Analgesics & Antipyretics,2026-03-07,26,18.61
11,Tramadol 50mg,Analgesics & Antipyretics,2026-03-08,50,18.61
11,Tramadol 50mg,Analgesics & Antipyretics,2026-03-09,37,18.61
11,Tramadol 50mg,Analgesics & Antipyretics,2026-03-10,36,18.61
11,Tramadol 50mg,Analgesics & Antipyretics,2026-03-11,33,18.61
11,Tramadol 50mg,Analgesics & Antipyretics,2026-03-12,48,18.61
11,Tramadol 50mg,Analgesics & Antipyretics,2026-03-13,38,18.61
11,Tramadol 50mg,Analgesics & Antipyretics,2026-03-14,19,18.61
11,Tramadol 50mg,Analgesics & Antipyretics,2026-03-15,41,18.61
11,Tramadol 50mg,Analgesics & Antipyretics,2026-03-16,56,18.61
11,Tramadol 50mg,Analgesics & Antipyretics,2026-03-17,33,18.61
11,Tramadol 50mg,Analgesics & Antipyretics,2026-03-18,19,18.61
11,Tramadol 50mg,Analgesics & Antipyretics,2026-03-19,51,18.61
11,Tramadol 50mg,Analgesics & Antipyretics,2026-03-20,32,18.61
11,Tramadol 50mg,Analgesics & Antipyretics,2026-03-21,35,18.61
11,Tramadol 50mg,Analgesics & Antipyretics,2026-03-22,5,18.61
11,Tramadol 50mg,Analgesics & Antipyretics,2026-03-23,50,18.61
11,Tramadol 50mg,Analgesics & Antipyretics,2026-03-24,27,18.61
11,Tramadol 50mg,Analgesics & Antipyretics,2026-03-25,48,18.61
11,Tramadol 50mg,Analgesics & Antipyretics,2026-03-26,40,18.61
11,Tramadol 50mg,Analgesics & Antipyretics,2026-03-27,29,18.61
11,Tramadol 50mg,Analgesics & Antipyretics,2026-03-28,22,18.61
11,Tramadol 50mg,Analgesics & Antipyretics,2026-03-29,34,18.61
11,Tramadol 50mg,Analgesics & Antipyretics,2026-03-30,41,18.61
11,Tramadol 50mg,Analgesics & Antipyretics,2026-03-31,47,18.61
11,Tramadol 50mg,Analgesics & Antipyretics,2026-04-01,62,18.61
11,Tramadol 50mg,Analgesics & Antipyretics,2026-04-02,23,18.61
11,Tramadol 50mg,Analgesics & Antipyretics,2026-04-03,58,18.61
11,Tramadol 50mg,Analgesics & Antipyretics,2026-04-04,28,18.61
11,Tramadol 50mg,Analgesics & Antipyretics,2026-04-05,17,18.61
11,Tramadol 50mg,Analgesics & Antipyretics,2026-04-06,25,18.61
11,Tramadol 50mg,Analgesics & Antipyretics,2026-04-07,38,18.61
11,Tramadol 50mg,Analgesics & Antipyretics,2026-04-08,50,18.61
11,Tramadol 50mg,Analgesics & Antipyretics,2026-04-09,39,18.61
11,Tramadol 50mg,Analgesics & Antipyretics,2026-04-10,57,18.61
11,Tramadol 50mg,Analgesics & Antipyretics,2026-04-11,10,18.61
11,Tramadol 50mg,Analgesics & Antipyretics,2026-04-12,26,18.61
11,Tramadol 50mg,Analgesics & Antipyretics,2026-04-13,26,18.61
11,Tramadol 50mg,Analgesics & Antipyretics,2026-04-14,44,18.61
11,Tramadol 50mg,Analgesics & Antipyretics,2026-04-15,50,18.61
11,Tramadol 50mg,Analgesics & Antipyretics,2026-04-16,35,18.61
11,Tramadol 50mg,Analgesics & Antipyretics,2026-04-17,11,18.61
11,Tramadol 50mg,Analgesics & Antipyretics,2026-04-18,29,18.61
11,Tramadol 50mg,Analgesics & Antipyretics,2026-04-19,31,18.61
11,Tramadol 50mg,Analgesics & Antipyretics,2026-04-20,45,18.61
11,Tramadol 50mg,Analgesics & Antipyretics,2026-04-21,54,18.61
11,Tramadol 50mg,Analgesics & Antipyretics,2026-04-22,28,18.61
11,Tramadol 50mg,Analgesics & Antipyretics,2026-04-23,48,18.61
11,Tramadol 50mg,Analgesics & Antipyretics,2026-04-24,53,18.61
11,Tramadol 50mg,Analgesics & Antipyretics,2026-04-25,7,18.61
11,Tramadol 50mg,Analgesics & Antipyretics,2026-04-26,30,18.61
11,Tramadol 50mg,Analgesics & Antipyretics,2026-04-27,34,18.61
11,Tramadol 50mg,Analgesics & Antipyretics,2026-04-28,39,18.61
11,Tramadol 50mg,Analgesics & Antipyretics,2026-04-29,44,18.61
11,Tramadol 50mg,Analgesics & Antipyretics,2026-04-30,35,18.61
11,Tramadol 50mg,Analgesics & Antipyretics,2026-05-01,33,18.61
11,Tramadol 50mg,Analgesics & Antipyretics,2026-05-02,27,18.61
11,Tramadol 50mg,Analgesics & Antipyretics,2026-05-03,14,18.61
11,Tramadol 50mg,Analgesics & Antipyretics,2026-05-04,28,18.61
11,Tramadol 50mg,Analgesics & Antipyretics,2026-05-05,48,18.61
11,Tramadol 50mg,Analgesics & Antipyretics,2026-05-06,27,18.61
11,Tramadol 50mg,Analgesics & Antipyretics,2026-05-07,47,18.61
11,Tramadol 50mg,Analgesics & Antipyretics,2026-05-08,45,18.61
11,Tramadol 50mg,Analgesics & Antipyretics,2026-05-09,7,18.61
11,Tramadol 50mg,Analgesics & Antipyretics,2026-05-10,19,18.61
11,Tramadol 50mg,Analgesics & Antipyretics,2026-05-11,53,18.61
11,Tramadol 50mg,Analgesics & Antipyretics,2026-05-12,29,18.61
11,Tramadol 50mg,Analgesics & Antipyretics,2026-05-13,35,18.61
11,Tramadol 50mg,Analgesics & Antipyretics,2026-05-14,45,18.61
11,Tramadol 50mg,Analgesics & Antipyretics,2026-05-15,49,18.61
11,Tramadol 50mg,Analgesics & Antipyretics,2026-05-16,24,18.61
11,Tramadol 50mg,Analgesics & Antipyretics,2026-05-17,20,18.61
11,Tramadol 50mg,Analgesics & Antipyretics,2026-05-18,56,18.61
11,Tramadol 50mg,Analgesics & Antipyretics,2026-05-19,59,18.61
11,Tramadol 50mg,Analgesics & Antipyretics,2026-05-20,51,18.61
11,Tramadol 50mg,Analgesics & Antipyretics,2026-05-21,41,18.61
11,Tramadol 50mg,Analgesics & Antipyretics,2026-05-22,31,18.61
11,Tramadol 50mg,Analgesics & Antipyretics,2026-05-23,17,18.61
11,Tramadol 50mg,Analgesics & Antipyretics,2026-05-24,32,18.61
11,Tramadol 50mg,Analgesics & Antipyretics,2026-05-25,45,18.61
11,Tramadol 50mg,Analgesics & Antipyretics,2026-05-26,56,18.61
11,Tramadol 50mg,Analgesics & Antipyretics,2026-05-27,47,18.61
11,Tramadol 50mg,Analgesics & Antipyretics,2026-05-28,23,18.61
11,Tramadol 50mg,Analgesics & Antipyretics,2026-05-29,52,18.61
11,Tramadol 50mg,Analgesics & Antipyretics,2026-05-30,15,18.61
11,Tramadol 50mg,Analgesics & Antipyretics,2026-05-31,22,18.61
11,Tramadol 50mg,Analgesics & Antipyretics,2026-06-01,57,18.61
11,Tramadol 50mg,Analgesics & Antipyretics,2026-06-02,76,18.61
11,Tramadol 50mg,Analgesics & Antipyretics,2026-06-03,89,18.61
11,Tramadol 50mg,Analgesics & Antipyretics,2026-06-04,61,18.61
11,Tramadol 50mg,Analgesics & Antipyretics,2026-06-05,52,18.61
11,Tramadol 50mg,Analgesics & Antipyretics,2026-06-06,42,18.61
11,Tramadol 50mg,Analgesics & Antipyretics,2026-06-07,46,18.61
11,Tramadol 50mg,Analgesics & Antipyretics,2026-06-08,51,18.61
11,Tramadol 50mg,Analgesics & Antipyretics,2026-06-09,74,18.61
11,Tramadol 50mg,Analgesics & Antipyretics,2026-06-10,57,18.61
11,Tramadol 50mg,Analgesics & Antipyretics,2026-06-11,60,18.61
11,Tramadol 50mg,Analgesics & Antipyretics,2026-06-12,62,18.61
11,Tramadol 50mg,Analgesics & Antipyretics,2026-06-13,41,18.61
11,Tramadol 50mg,Analgesics & Antipyretics,2026-06-14,45,18.61
11,Tramadol 50mg,Analgesics & Antipyretics,2026-06-15,47,18.61
11,Tramadol 50mg,Analgesics & Antipyretics,2026-06-16,48,18.61
11,Tramadol 50mg,Analgesics & Antipyretics,2026-06-17,42,18.61
11,Tramadol 50mg,Analgesics & Antipyretics,2026-06-18,59,18.61
11,Tramadol 50mg,Analgesics & Antipyretics,2026-06-19,63,18.61
11,Tramadol 50mg,Analgesics & Antipyretics,2026-06-20,41,18.61
11,Tramadol 50mg,Analgesics & Antipyretics,2026-06-21,55,18.61
11,Tramadol 50mg,Analgesics & Antipyretics,2026-06-22,54,18.61
11,Tramadol 50mg,Analgesics & Antipyretics,2026-06-23,62,18.61
11,Tramadol 50mg,Analgesics & Antipyretics,2026-06-24,42,18.61
11,Tramadol 50mg,Analgesics & Antipyretics,2026-06-25,50,18.61
11,Tramadol 50mg,Analgesics & Antipyretics,2026-06-26,62,18.61
11,Tramadol 50mg,Analgesics & Antipyretics,2026-06-27,45,18.61
11,Tramadol 50mg,Analgesics & Antipyretics,2026-06-28,33,18.61
11,Tramadol 50mg,Analgesics & Antipyretics,2026-06-29,53,18.61
11,Tramadol 50mg,Analgesics & Antipyretics,2026-06-30,37,18.61
11,Tramadol 50mg,Analgesics & Antipyretics,2026-07-01,50,18.61
11,Tramadol 50mg,Analgesics & Antipyretics,2026-07-02,64,18.61
11,Tramadol 50mg,Analgesics & Antipyretics,2026-07-03,61,18.61
11,Tramadol 50mg,Analgesics & Antipyretics,2026-07-04,42,18.61
11,Tramadol 50mg,Analgesics & Antipyretics,2026-07-05,37,18.61
11,Tramadol 50mg,Analgesics & Antipyretics,2026-07-06,54,18.61
11,Tramadol 50mg,Analgesics & Antipyretics,2026-07-07,47,18.61
11,Tramadol 50mg,Analgesics & Antipyretics,2026-07-08,62,18.61
11,Tramadol 50mg,Analgesics & Antipyretics,2026-07-09,59,18.61
11,Tramadol 50mg,Analgesics & Antipyretics,2026-07-10,60,18.61
11,Tramadol 50mg,Analgesics & Antipyretics,2026-07-11,30,18.61
11,Tramadol 50mg,Analgesics & Antipyretics,2026-07-12,12,18.61
11,Tramadol 50mg,Analgesics & Antipyretics,2026-07-13,66,18.61
11,Tramadol 50mg,Analgesics & Antipyretics,2026-07-14,49,18.61
11,Tramadol 50mg,Analgesics & Antipyretics,2026-07-15,45,18.61
11,Tramadol 50mg,Analgesics & Antipyretics,2026-07-16,62,18.61
11,Tramadol 50mg,Analgesics & Antipyretics,2026-07-17,50,18.61
11,Tramadol 50mg,Analgesics & Antipyretics,2026-07-18,48,18.61
11,Tramadol 50mg,Analgesics & Antipyretics,2026-07-19,43,18.61
11,Tramadol 50mg,Analgesics & Antipyretics,2026-07-20,62,18.61
11,Tramadol 50mg,Analgesics & Antipyretics,2026-07-21,39,18.61
11,Tramadol 50mg,Analgesics & Antipyretics,2026-07-22,68,18.61
11,Tramadol 50mg,Analgesics & Antipyretics,2026-07-23,57,18.61
11,Tramadol 50mg,Analgesics & Antipyretics,2026-07-24,50,18.61
11,Tramadol 50mg,Analgesics & Antipyretics,2026-07-25,38,18.61
11,Tramadol 50mg,Analgesics & Antipyretics,2026-07-26,16,18.61
11,Tramadol 50mg,Analgesics & Antipyretics,2026-07-27,59,18.61
11,Tramadol 50mg,Analgesics & Antipyretics,2026-07-28,43,18.61
11,Tramadol 50mg,Analgesics & Antipyretics,2026-07-29,39,18.61
11,Tramadol 50mg,Analgesics & Antipyretics,2026-07-30,37,18.61
11,Tramadol 50mg,Analgesics & Antipyretics,2026-07-31,67,18.61
11,Tramadol 50mg,Analgesics & Antipyretics,2026-08-01,29,18.61
11,Tramadol 50mg,Analgesics & Antipyretics,2026-08-02,53,18.61
11,Tramadol 50mg,Analgesics & Antipyretics,2026-08-03,48,18.61
11,Tramadol 50mg,Analgesics & Antipyretics,2026-08-04,35,18.61
11,Tramadol 50mg,Analgesics & Antipyretics,2026-08-05,42,18.61
11,Tramadol 50mg,Analgesics & Antipyretics,2026-08-06,68,18.61
11,Tramadol 50mg,Analgesics & Antipyretics,2026-08-07,53,18.61
11,Tramadol 50mg,Analgesics & Antipyretics,2026-08-08,30,18.61
11,Tramadol 50mg,Analgesics & Antipyretics,2026-08-09,38,18.61
11,Tramadol 50mg,Analgesics & Antipyretics,2026-08-10,60,18.61
11,Tramadol 50mg,Analgesics & Antipyretics,2026-08-11,67,18.61
11,Tramadol 50mg,Analgesics & Antipyretics,2026-08-12,70,18.61
11,Tramadol 50mg,Analgesics & Antipyretics,2026-08-13,50,18.61
11,Tramadol 50mg,Analgesics & Antipyretics,2026-08-14,40,18.61
11,Tramadol 50mg,Analgesics & Antipyretics,2026-08-15,31,18.61
11,Tramadol 50mg,Analgesics & Antipyretics,2026-08-16,39,18.61
11,Tramadol 50mg,Analgesics & Antipyretics,2026-08-17,44,18.61
11,Tramadol 50mg,Analgesics & Antipyretics,2026-08-18,44,18.61
11,Tramadol 50mg,Analgesics & Antipyretics,2026-08-19,58,18.61
11,Tramadol 50mg,Analgesics & Antipyretics,2026-08-20,54,18.61
11,Tramadol 50mg,Analgesics & Antipyretics,2026-08-21,55,18.61
11,Tramadol 50mg,Analgesics & Antipyretics,2026-08-22,28,18.61
11,Tramadol 50mg,Analgesics & Antipyretics,2026-08-23,33,18.61
11,Tramadol 50mg,Analgesics & Antipyretics,2026-08-24,44,18.61
11,Tramadol 50mg,Analgesics & Antipyretics,2026-08-25,64,18.61
11,Tramadol 50mg,Analgesics & Antipyretics,2026-08-26,66,18.61
11,Tramadol 50mg,Analgesics & Antipyretics,2026-08-27,34,18.61
11,Tramadol 50mg,Analgesics & Antipyretics,2026-08-28,44,18.61
11,Tramadol 50mg,Analgesics & Antipyretics,2026-08-29,19,18.61
11,Tramadol 50mg,Analgesics & Antipyretics,2026-08-30,29,18.61
11,Tramadol 50mg,Analgesics & Antipyretics,2026-08-31,53,18.61
11,Tramadol 50mg,Analgesics & Antipyretics,2026-09-01,24,18.61
11,Tramadol 50mg,Analgesics & Antipyretics,2026-09-02,30,18.61
11,Tramadol 50mg,Analgesics & Antipyretics,2026-09-03,29,18.61
11,Tramadol 50mg,Analgesics & Antipyretics,2026-09-04,42,18.61
11,Tramadol 50mg,Analgesics & Antipyretics,2026-09-05,27,18.61
11,Tramadol 50mg,Analgesics & Antipyretics,2026-09-06,19,18.61
11,Tramadol 50mg,Analgesics & Antipyretics,2026-09-07,42,18.61
11,Tramadol 50mg,Analgesics & Antipyretics,2026-09-08,34,18.61
11,Tramadol 50mg,Analgesics & Antipyretics,2026-09-09,37,18.61
11,Tramadol 50mg,Analgesics & Antipyretics,2026-09-10,59,18.61
11,Tramadol 50mg,Analgesics & Antipyretics,2026-09-11,55,18.61
11,Tramadol 50mg,Analgesics & Antipyretics,2026-09-12,12,18.61
11,Tramadol 50mg,Analgesics & Antipyretics,2026-09-13,36,18.61
11,Tramadol 50mg,Analgesics & Antipyretics,2026-09-14,49,18.61
11,Tramadol 50mg,Analgesics & Antipyretics,2026-09-15,27,18.61
11,Tramadol 50mg,Analgesics & Antipyretics,2026-09-16,49,18.61
11,Tramadol 50mg,Analgesics & Antipyretics,2026-09-17,57,18.61
11,Tramadol 50mg,Analgesics & Antipyretics,2026-09-18,28,18.61
11,Tramadol 50mg,Analgesics & Antipyretics,2026-09-19,16,18.61
11,Tramadol 50mg,Analgesics & Antipyretics,2026-09-20,38,18.61
11,Tramadol 50mg,Analgesics & Antipyretics,2026-09-21,43,18.61
11,Tramadol 50mg,Analgesics & Antipyretics,2026-09-22,46,18.61
11,Tramadol 50mg,Analgesics & Antipyretics,2026-09-23,44,18.61
11,Tramadol 50mg,Analgesics & Antipyretics,2026-09-24,44,18.61
11,Tramadol 50mg,Analgesics & Antipyretics,2026-09-25,25,18.61
12,Diclofenac 50mg,Analgesics & Antipyretics,2026-02-18,52,7.04
12,Diclofenac 50mg,Analgesics & Antipyretics,2026-02-19,53,7.04
12,Diclofenac 50mg,Analgesics & Antipyretics,2026-02-20,43,7.04
12,Diclofenac 50mg,Analgesics & Antipyretics,2026-02-21,29,7.04
12,Diclofenac 50mg,Analgesics & Antipyretics,2026-02-22,18,7.04
12,Diclofenac 50mg,Analgesics & Antipyretics,2026-02-23,48,7.04
12,Diclofenac 50mg,Analgesics & Antipyretics,2026-02-24,49,7.04
12,Diclofenac 50mg,Analgesics & Antipyretics,2026-02-25,44,7.04
12,Diclofenac 50mg,Analgesics & Antipyretics,2026-02-26,53,7.04
12,Diclofenac 50mg,Analgesics & Antipyretics,2026-02-27,42,7.04
12,Diclofenac 50mg,Analgesics & Antipyretics,2026-02-28,34,7.04
12,Diclofenac 50mg,Analgesics & Antipyretics,2026-03-01,22,7.04
12,Diclofenac 50mg,Analgesics & Antipyretics,2026-03-02,44,7.04
12,Diclofenac 50mg,Analgesics & Antipyretics,2026-03-03,43,7.04
12,Diclofenac 50mg,Analgesics & Antipyretics,2026-03-04,46,7.04
12,Diclofenac 50mg,Analgesics & Antipyretics,2026-03-05,42,7.04
12,Diclofenac 50mg,Analgesics & Antipyretics,2026-03-06,44,7.04
12,Diclofenac 50mg,Analgesics & Antipyretics,2026-03-07,36,7.04
12,Diclofenac 50mg,Analgesics & Antipyretics,2026-03-08,26,7.04
12,Diclofenac 50mg,Analgesics & Antipyretics,2026-03-09,33,7.04
12,Diclofenac 50mg,Analgesics & Antipyretics,2026-03-10,57,7.04
12,Diclofenac 50mg,Analgesics & Antipyretics,2026-03-11,55,7.04
12,Diclofenac 50mg,Analgesics & Antipyretics,2026-03-12,35,7.04
12,Diclofenac 50mg,Analgesics & Antipyretics,2026-03-13,50,7.04
12,Diclofenac 50mg,Analgesics & Antipyretics,2026-03-14,26,7.04
12,Diclofenac 50mg,Analgesics & Antipyretics,2026-03-15,31,7.04
12,Diclofenac 50mg,Analgesics & Antipyretics,2026-03-16,47,7.04
12,Diclofenac 50mg,Analgesics & Antipyretics,2026-03-17,43,7.04
12,Diclofenac 50mg,Analgesics & Antipyretics,2026-03-18,39,7.04
12,Diclofenac 50mg,Analgesics & Antipyretics,2026-03-19,39,7.04
12,Diclofenac 50mg,Analgesics & Antipyretics,2026-03-20,38,7.04
12,Diclofenac 50mg,Analgesics & Antipyretics,2026-03-21,23,7.04
12,Diclofenac 50mg,Analgesics & Antipyretics,2026-03-22,29,7.04
12,Diclofenac 50mg,Analgesics & Antipyretics,2026-03-23,39,7.04
12,Diclofenac 50mg,Analgesics & Antipyretics,2026-03-24,49,7.04
12,Diclofenac 50mg,Analgesics & Antipyretics,2026-03-25,55,7.04
12,Diclofenac 50mg,Analgesics & Antipyretics,2026-03-26,40,7.04
12,Diclofenac 50mg,Analgesics & Antipyretics,2026-03-27,46,7.04
12,Diclofenac 50mg,Analgesics & Antipyretics,2026-03-28,33,7.04
12,Diclofenac 50mg,Analgesics & Antipyretics,2026-03-29,33,7.04
12,Diclofenac 50mg,Analgesics & Antipyretics,2026-03-30,45,7.04
12,Diclofenac 50mg,Analgesics & Antipyretics,2026-03-31,50,7.04
12,Diclofenac 50mg,Analgesics & Antipyretics,2026-04-01,48,7.04
12,Diclofenac 50mg,Analgesics & Antipyretics,2026-04-02,35,7.04
12,Diclofenac 50mg,Analgesics & Antipyretics,2026-04-03,51,7.04
12,Diclofenac 50mg,Analgesics & Antipyretics,2026-04-04,36,7.04
12,Diclofenac 50mg,Analgesics & Antipyretics,2026-04-05,24,7.04
12,Diclofenac 50mg,Analgesics & Antipyretics,2026-04-06,45,7.04
12,Diclofenac 50mg,Analgesics & Antipyretics,2026-04-07,50,7.04
12,Diclofenac 50mg,Analgesics & Antipyretics,2026-04-08,43,7.04
12,Diclofenac 50mg,Analgesics & Antipyretics,2026-04-09,52,7.04
12,Diclofenac 50mg,Analgesics & Antipyretics,2026-04-10,62,7.04
12,Diclofenac 50mg,Analgesics & Antipyretics,2026-04-11,24,7.04
12,Diclofenac 50mg,Analgesics & Antipyretics,2026-04-12,19,7.04
12,Diclofenac 50mg,Analgesics & Antipyretics,2026-04-13,47,7.04
12,Diclofenac 50mg,Analgesics & Antipyretics,2026-04-14,50,7.04
12,Diclofenac 50mg,Analgesics & Antipyretics,2026-04-15,43,7.04
12,Diclofenac 50mg,Analgesics & Antipyretics,2026-04-16,55,7.04
12,Diclofenac 50mg,Analgesics & Antipyretics,2026-04-17,35,7.04
12,Diclofenac 50mg,Analgesics & Antipyretics,2026-04-18,35,7.04
12,Diclofenac 50mg,Analgesics & Antipyretics,2026-04-19,25,7.04
12,Diclofenac 50mg,Analgesics & Antipyretics,2026-04-20,57,7.04
12,Diclofenac 50mg,Analgesics & Antipyretics,2026-04-21,59,7.04
12,Diclofenac 50mg,Analgesics & Antipyretics,2026-04-22,39,7.04
12,Diclofenac 50mg,Analgesics & Antipyretics,2026-04-23,40,7.04
12,Diclofenac 50mg,Analgesics & Antipyretics,2026-04-24,51,7.04
12,Diclofenac 50mg,Analgesics & Antipyretics,2026-04-25,27,7.04
12,Diclofenac 50mg,Analgesics & Antipyretics,2026-04-26,29,7.04
12,Diclofenac 50mg,Analgesics & Antipyretics,2026-04-27,45,7.04
12,Diclofenac 50mg,Analgesics & Antipyretics,2026-04-28,30,7.04
12,Diclofenac 50mg,Analgesics & Antipyretics,2026-04-29,44,7.04
12,Diclofenac 50mg,Analgesics & Antipyretics,2026-04-30,39,7.04
12,Diclofenac 50mg,Analgesics & Antipyretics,2026-05-01,41,7.04
12,Diclofenac 50mg,Analgesics & Antipyretics,2026-05-02,40,7.04
12,Diclofenac 50mg,Analgesics & Antipyretics,2026-05-03,20,7.04
12,Diclofenac 50mg,Analgesics & Antipyretics,2026-05-04,50,7.04
12,Diclofenac 50mg,Analgesics & Antipyretics,2026-05-05,42,7.04
12,Diclofenac 50mg,Analgesics & Antipyretics,2026-05-06,42,7.04
12,Diclofenac 50mg,Analgesics & Antipyretics,2026-05-07,50,7.04
12,Diclofenac 50mg,Analgesics & Antipyretics,2026-05-08,47,7.04
12,Diclofenac 50mg,Analgesics & Antipyretics,2026-05-09,34,7.04
12,Diclofenac 50mg,Analgesics & Antipyretics,2026-05-10,37,7.04
12,Diclofenac 50mg,Analgesics & Antipyretics,2026-05-11,42,7.04
12,Diclofenac 50mg,Analgesics & Antipyretics,2026-05-12,40,7.04
12,Diclofenac 50mg,Analgesics & Antipyretics,2026-05-13,37,7.04
12,Diclofenac 50mg,Analgesics & Antipyretics,2026-05-14,38,7.04
12,Diclofenac 50mg,Analgesics & Antipyretics,2026-05-15,66,7.04
12,Diclofenac 50mg,Analgesics & Antipyretics,2026-05-16,39,7.04
12,Diclofenac 50mg,Analgesics & Antipyretics,2026-05-17,20,7.04
12,Diclofenac 50mg,Analgesics & Antipyretics,2026-05-18,35,7.04
12,Diclofenac 50mg,Analgesics & Antipyretics,2026-05-19,48,7.04
12,Diclofenac 50mg,Analgesics & Antipyretics,2026-05-20,49,7.04
12,Diclofenac 50mg,Analgesics & Antipyretics,2026-05-21,49,7.04
12,Diclofenac 50mg,Analgesics & Antipyretics,2026-05-22,43,7.04
12,Diclofenac 50mg,Analgesics & Antipyretics,2026-05-23,29,7.04
12,Diclofenac 50mg,Analgesics & Antipyretics,2026-05-24,32,7.04
12,Diclofenac 50mg,Analgesics & Antipyretics,2026-05-25,45,7.04
12,Diclofenac 50mg,Analgesics & Antipyretics,2026-05-26,28,7.04
12,Diclofenac 50mg,Analgesics & Antipyretics,2026-05-27,43,7.04
12,Diclofenac 50mg,Analgesics & Antipyretics,2026-05-28,38,7.04
12,Diclofenac 50mg,Analgesics & Antipyretics,2026-05-29,46,7.04
12,Diclofenac 50mg,Analgesics & Antipyretics,2026-05-30,51,7.04
12,Diclofenac 50mg,Analgesics & Antipyretics,2026-05-31,32,7.04
12,Diclofenac 50mg,Analgesics & Antipyretics,2026-06-01,58,7.04
12,Diclofenac 50mg,Analgesics & Antipyretics,2026-06-02,67,7.04
12,Diclofenac 50mg,Analgesics & Antipyretics,2026-06-03,64,7.04
12,Diclofenac 50mg,Analgesics & Antipyretics,2026-06-04,63,7.04
12,Diclofenac 50mg,Analgesics & Antipyretics,2026-06-05,65,7.04
12,Diclofenac 50mg,Analgesics & Antipyretics,2026-06-06,55,7.04
12,Diclofenac 50mg,Analgesics & Antipyretics,2026-06-07,32,7.04
12,Diclofenac 50mg,Analgesics & Antipyretics,2026-06-08,64,7.04
12,Diclofenac 50mg,Analgesics & Antipyretics,2026-06-09,53,7.04
12,Diclofenac 50mg,Analgesics & Antipyretics,2026-06-10,64,7.04
12,Diclofenac 50mg,Analgesics & Antipyretics,2026-06-11,54,7.04
12,Diclofenac 50mg,Analgesics & Antipyretics,2026-06-12,57,7.04
12,Diclofenac 50mg,Analgesics & Antipyretics,2026-06-13,38,7.04
12,Diclofenac 50mg,Analgesics & Antipyretics,2026-06-14,47,7.04
12,Diclofenac 50mg,Analgesics & Antipyretics,2026-06-15,67,7.04
12,Diclofenac 50mg,Analgesics & Antipyretics,2026-06-16,51,7.04
12,Diclofenac 50mg,Analgesics & Antipyretics,2026-06-17,61,7.04
12,Diclofenac 50mg,Analgesics & Antipyretics,2026-06-18,55,7.04
12,Diclofenac 50mg,Analgesics & Antipyretics,2026-06-19,51,7.04
12,Diclofenac 50mg,Analgesics & Antipyretics,2026-06-20,38,7.04
12,Diclofenac 50mg,Analgesics & Antipyretics,2026-06-21,38,7.04
12,Diclofenac 50mg,Analgesics & Antipyretics,2026-06-22,78,7.04
12,Diclofenac 50mg,Analgesics & Antipyretics,2026-06-23,63,7.04
12,Diclofenac 50mg,Analgesics & Antipyretics,2026-06-24,50,7.04
12,Diclofenac 50mg,Analgesics & Antipyretics,2026-06-25,56,7.04
12,Diclofenac 50mg,Analgesics & Antipyretics,2026-06-26,68,7.04
12,Diclofenac 50mg,Analgesics & Antipyretics,2026-06-27,55,7.04
12,Diclofenac 50mg,Analgesics & Antipyretics,2026-06-28,28,7.04
12,Diclofenac 50mg,Analgesics & Antipyretics,2026-06-29,46,7.04
12,Diclofenac 50mg,Analgesics & Antipyretics,2026-06-30,74,7.04
12,Diclofenac 50mg,Analgesics & Antipyretics,2026-07-01,63,7.04
12,Diclofenac 50mg,Analgesics & Antipyretics,2026-07-02,54,7.04
12,Diclofenac 50mg,Analgesics & Antipyretics,2026-07-03,64,7.04
12,Diclofenac 50mg,Analgesics & Antipyretics,2026-07-04,21,7.04
12,Diclofenac 50mg,Analgesics & Antipyretics,2026-07-05,40,7.04
12,Diclofenac 50mg,Analgesics & Antipyretics,2026-07-06,63,7.04
12,Diclofenac 50mg,Analgesics & Antipyretics,2026-07-07,67,7.04
12,Diclofenac 50mg,Analgesics & Antipyretics,2026-07-08,53,7.04
12,Diclofenac 50mg,Analgesics & Antipyretics,2026-07-09,61,7.04
12,Diclofenac 50mg,Analgesics & Antipyretics,2026-07-10,53,7.04
12,Diclofenac 50mg,Analgesics & Antipyretics,2026-07-11,42,7.04
12,Diclofenac 50mg,Analgesics & Antipyretics,2026-07-12,33,7.04
12,Diclofenac 50mg,Analgesics & Antipyretics,2026-07-13,57,7.04
12,Diclofenac 50mg,Analgesics & Antipyretics,2026-07-14,53,7.04
12,Diclofenac 50mg,Analgesics & Antipyretics,2026-07-15,65,7.04
12,Diclofenac 50mg,Analgesics & Antipyretics,2026-07-16,67,7.04
12,Diclofenac 50mg,Analgesics & Antipyretics,2026-07-17,59,7.04
12,Diclofenac 50mg,Analgesics & Antipyretics,2026-07-18,40,7.04
12,Diclofenac 50mg,Analgesics & Antipyretics,2026-07-19,29,7.04
12,Diclofenac 50mg,Analgesics & Antipyretics,2026-07-20,58,7.04
12,Diclofenac 50mg,Analgesics & Antipyretics,2026-07-21,60,7.04
12,Diclofenac 50mg,Analgesics & Antipyretics,2026-07-22,79,7.04
12,Diclofenac 50mg,Analgesics & Antipyretics,2026-07-23,52,7.04
12,Diclofenac 50mg,Analgesics & Antipyretics,2026-07-24,71,7.04
12,Diclofenac 50mg,Analgesics & Antipyretics,2026-07-25,47,7.04
12,Diclofenac 50mg,Analgesics & Antipyretics,2026-07-26,42,7.04
12,Diclofenac 50mg,Analgesics & Antipyretics,2026-07-27,73,7.04
12,Diclofenac 50mg,Analgesics & Antipyretics,2026-07-28,63,7.04
12,Diclofenac 50mg,Analgesics & Antipyretics,2026-07-29,63,7.04
12,Diclofenac 50mg,Analgesics & Antipyretics,2026-07-30,60,7.04
12,Diclofenac 50mg,Analgesics & Antipyretics,2026-07-31,69,7.04
12,Diclofenac 50mg,Analgesics & Antipyretics,2026-08-01,48,7.04
12,Diclofenac 50mg,Analgesics & Antipyretics,2026-08-02,35,7.04
12,Diclofenac 50mg,Analgesics & Antipyretics,2026-08-03,51,7.04
12,Diclofenac 50mg,Analgesics & Antipyretics,2026-08-04,59,7.04
12,Diclofenac 50mg,Analgesics & Antipyretics,2026-08-05,54,7.04
12,Diclofenac 50mg,Analgesics & Antipyretics,2026-08-06,60,7.04
12,Diclofenac 50mg,Analgesics & Antipyretics,2026-08-07,69,7.04
12,Diclofenac 50mg,Analgesics & Antipyretics,2026-08-08,37,7.04
12,Diclofenac 50mg,Analgesics & Antipyretics,2026-08-09,40,7.04
12,Diclofenac 50mg,Analgesics & Antipyretics,2026-08-10,61,7.04
12,Diclofenac 50mg,Analgesics & Antipyretics,2026-08-11,66,7.04
12,Diclofenac 50mg,Analgesics & Antipyretics,2026-08-12,44,7.04
12,Diclofenac 50mg,Analgesics & Antipyretics,2026-08-13,56,7.04
12,Diclofenac 50mg,Analgesics & Antipyretics,2026-08-14,62,7.04
12,Diclofenac 50mg,Analgesics & Antipyretics,2026-08-15,49,7.04
12,Diclofenac 50mg,Analgesics & Antipyretics,2026-08-16,36,7.04
12,Diclofenac 50mg,Analgesics & Antipyretics,2026-08-17,47,7.04
12,Diclofenac 50mg,Analgesics & Antipyretics,2026-08-18,65,7.04
12,Diclofenac 50mg,Analgesics & Antipyretics,2026-08-19,56,7.04
12,Diclofenac 50mg,Analgesics & Antipyretics,2026-08-20,52,7.04
12,Diclofenac 50mg,Analgesics & Antipyretics,2026-08-21,56,7.04
12,Diclofenac 50mg,Analgesics & Antipyretics,2026-08-22,39,7.04
12,Diclofenac 50mg,Analgesics & Antipyretics,2026-08-23,36,7.04
12,Diclofenac 50mg,Analgesics & Antipyretics,2026-08-24,44,7.04
12,Diclofenac 50mg,Analgesics & Antipyretics,2026-08-25,67,7.04
12,Diclofenac 50mg,Analgesics & Antipyretics,2026-08-26,70,7.04
12,Diclofenac 50mg,Analgesics & Antipyretics,2026-08-27,65,7.04
12,Diclofenac 50mg,Analgesics & Antipyretics,2026-08-28,52,7.04
12,Diclofenac 50mg,Analgesics & Antipyretics,2026-08-29,39,7.04
12,Diclofenac 50mg,Analgesics & Antipyretics,2026-08-30,40,7.04
12,Diclofenac 50mg,Analgesics & Antipyretics,2026-08-31,65,7.04
12,Diclofenac 50mg,Analgesics & Antipyretics,2026-09-01,49,7.04
12,Diclofenac 50mg,Analgesics & Antipyretics,2026-09-02,39,7.04
12,Diclofenac 50mg,Analgesics & Antipyretics,2026-09-03,45,7.04
12,Diclofenac 50mg,Analgesics & Antipyretics,2026-09-04,48,7.04
12,Diclofenac 50mg,Analgesics & Antipyretics,2026-09-05,40,7.04
12,Diclofenac 50mg,Analgesics & Antipyretics,2026-09-06,35,7.04
12,Diclofenac 50mg,Analgesics & Antipyretics,2026-09-07,50,7.04
12,Diclofenac 50mg,Analgesics & Antipyretics,2026-09-08,45,7.04
12,Diclofenac 50mg,Analgesics & Antipyretics,2026-09-09,55,7.04
12,Diclofenac 50mg,Analgesics & Antipyretics,2026-09-10,48,7.04
12,Diclofenac 50mg,Analgesics & Antipyretics,2026-09-11,38,7.04
12,Diclofenac 50mg,Analgesics & Antipyretics,2026-09-12,40,7.04
12,Diclofenac 50mg,Analgesics & Antipyretics,2026-09-13,35,7.04
12,Diclofenac 50mg,Analgesics & Antipyretics,2026-09-14,41,7.04
12,Diclofenac 50mg,Analgesics & Antipyretics,2026-09-15,41,7.04
12,Diclofenac 50mg,Analgesics & Antipyretics,2026-09-16,47,7.04
12,Diclofenac 50mg,Analgesics & Antipyretics,2026-09-17,48,7.04
12,Diclofenac 50mg,Analgesics & Antipyretics,2026-09-18,46,7.04
12,Diclofenac 50mg,Analgesics & Antipyretics,2026-09-19,32,7.04
12,Diclofenac 50mg,Analgesics & Antipyretics,2026-09-20,42,7.04
12,Diclofenac 50mg,Analgesics & Antipyretics,2026-09-21,52,7.04
12,Diclofenac 50mg,Analgesics & Antipyretics,2026-09-22,46,7.04
12,Diclofenac 50mg,Analgesics & Antipyretics,2026-09-23,51,7.04
12,Diclofenac 50mg,Analgesics & Antipyretics,2026-09-24,37,7.04
12,Diclofenac 50mg,Analgesics & Antipyretics,2026-09-25,47,7.04
13,Aspirin 75mg Gastro-resistant,Analgesics & Antipyretics,2026-02-18,87,7.99
13,Aspirin 75mg Gastro-resistant,Analgesics & Antipyretics,2026-02-19,54,7.99
13,Aspirin 75mg Gastro-resistant,Analgesics & Antipyretics,2026-02-20,43,7.99
13,Aspirin 75mg Gastro-resistant,Analgesics & Antipyretics,2026-02-21,27,7.99
13,Aspirin 75mg Gastro-resistant,Analgesics & Antipyretics,2026-02-22,20,7.99
13,Aspirin 75mg Gastro-resistant,Analgesics & Antipyretics,2026-02-23,44,7.99
13,Aspirin 75mg Gastro-resistant,Analgesics & Antipyretics,2026-02-24,51,7.99
13,Aspirin 75mg Gastro-resistant,Analgesics & Antipyretics,2026-02-25,34,7.99
13,Aspirin 75mg Gastro-resistant,Analgesics & Antipyretics,2026-02-26,57,7.99
13,Aspirin 75mg Gastro-resistant,Analgesics & Antipyretics,2026-02-27,72,7.99
13,Aspirin 75mg Gastro-resistant,Analgesics & Antipyretics,2026-02-28,23,7.99
13,Aspirin 75mg Gastro-resistant,Analgesics & Antipyretics,2026-03-01,63,7.99
13,Aspirin 75mg Gastro-resistant,Analgesics & Antipyretics,2026-03-02,66,7.99
13,Aspirin 75mg Gastro-resistant,Analgesics & Antipyretics,2026-03-03,74,7.99
13,Aspirin 75mg Gastro-resistant,Analgesics & Antipyretics,2026-03-04,46,7.99
13,Aspirin 75mg Gastro-resistant,Analgesics & Antipyretics,2026-03-05,71,7.99
13,Aspirin 75mg Gastro-resistant,Analgesics & Antipyretics,2026-03-06,39,7.99
13,Aspirin 75mg Gastro-resistant,Analgesics & Antipyretics,2026-03-07,53,7.99
13,Aspirin 75mg Gastro-resistant,Analgesics & Antipyretics,2026-03-08,41,7.99
13,Aspirin 75mg Gastro-resistant,Analgesics & Antipyretics,2026-03-09,66,7.99
13,Aspirin 75mg Gastro-resistant,Analgesics & Antipyretics,2026-03-10,38,7.99
13,Aspirin 75mg Gastro-resistant,Analgesics & Antipyretics,2026-03-11,42,7.99
13,Aspirin 75mg Gastro-resistant,Analgesics & Antipyretics,2026-03-12,67,7.99
13,Aspirin 75mg Gastro-resistant,Analgesics & Antipyretics,2026-03-13,42,7.99
13,Aspirin 75mg Gastro-resistant,Analgesics & Antipyretics,2026-03-14,46,7.99
13,Aspirin 75mg Gastro-resistant,Analgesics & Antipyretics,2026-03-15,15,7.99
13,Aspirin 75mg Gastro-resistant,Analgesics & Antipyretics,2026-03-16,71,7.99
13,Aspirin 75mg Gastro-resistant,Analgesics & Antipyretics,2026-03-17,37,7.99
13,Aspirin 75mg Gastro-resistant,Analgesics & Antipyretics,2026-03-18,66,7.99
13,Aspirin 75mg Gastro-resistant,Analgesics & Antipyretics,2026-03-19,67,7.99
13,Aspirin 75mg Gastro-resistant,Analgesics & Antipyretics,2026-03-20,46,7.99
13,Aspirin 75mg Gastro-resistant,Analgesics & Antipyretics,2026-03-21,48,7.99
13,Aspirin 75mg Gastro-resistant,Analgesics & Antipyretics,2026-03-22,42,7.99
13,Aspirin 75mg Gastro-resistant,Analgesics & Antipyretics,2026-03-23,48,7.99
13,Aspirin 75mg Gastro-resistant,Analgesics & Antipyretics,2026-03-24,41,7.99
13,Aspirin 75mg Gastro-resistant,Analgesics & Antipyretics,2026-03-25,25,7.99
13,Aspirin 75mg Gastro-resistant,Analgesics & Antipyretics,2026-03-26,63,7.99
13,Aspirin 75mg Gastro-resistant,Analgesics & Antipyretics,2026-03-27,31,7.99
13,Aspirin 75mg Gastro-resistant,Analgesics & Antipyretics,2026-03-28,40,7.99
13,Aspirin 75mg Gastro-resistant,Analgesics & Antipyretics,2026-03-29,34,7.99
13,Aspirin 75mg Gastro-resistant,Analgesics & Antipyretics,2026-03-30,68,7.99
13,Aspirin 75mg Gastro-resistant,Analgesics & Antipyretics,2026-03-31,52,7.99
13,Aspirin 75mg Gastro-resistant,Analgesics & Antipyretics,2026-04-01,52,7.99
13,Aspirin 75mg Gastro-resistant,Analgesics & Antipyretics,2026-04-02,69,7.99
13,Aspirin 75mg Gastro-resistant,Analgesics & Antipyretics,2026-04-03,63,7.99
13,Aspirin 75mg Gastro-resistant,Analgesics & Antipyretics,2026-04-04,43,7.99
13,Aspirin 75mg Gastro-resistant,Analgesics & Antipyretics,2026-04-05,46,7.99
13,Aspirin 75mg Gastro-resistant,Analgesics & Antipyretics,2026-04-06,32,7.99
13,Aspirin 75mg Gastro-resistant,Analgesics & Antipyretics,2026-04-07,70,7.99
13,Aspirin 75mg Gastro-resistant,Analgesics & Antipyretics,2026-04-08,67,7.99
13,Aspirin 75mg Gastro-resistant,Analgesics & Antipyretics,2026-04-09,40,7.99
13,Aspirin 75mg Gastro-resistant,Analgesics & Antipyretics,2026-04-10,53,7.99
13,Aspirin 75mg Gastro-resistant,Analgesics & Antipyretics,2026-04-11,37,7.99
13,Aspirin 75mg Gastro-resistant,Analgesics & Antipyretics,2026-04-12,36,7.99
13,Aspirin 75mg Gastro-resistant,Analgesics & Antipyretics,2026-04-13,63,7.99
13,Aspirin 75mg Gastro-resistant,Analgesics & Antipyretics,2026-04-14,81,7.99
13,Aspirin 75mg Gastro-resistant,Analgesics & Antipyretics,2026-04-15,75,7.99
13,Aspirin 75mg Gastro-resistant,Analgesics & Antipyretics,2026-04-16,36,7.99
13,Aspirin 75mg Gastro-resistant,Analgesics & Antipyretics,2026-04-17,67,7.99
13,Aspirin 75mg Gastro-resistant,Analgesics & Antipyretics,2026-04-18,60,7.99
13,Aspirin 75mg Gastro-resistant,Analgesics & Antipyretics,2026-04-19,44,7.99
13,Aspirin 75mg Gastro-resistant,Analgesics & Antipyretics,2026-04-20,75,7.99
13,Aspirin 75mg Gastro-resistant,Analgesics & Antipyretics,2026-04-21,90,7.99
13,Aspirin 75mg Gastro-resistant,Analgesics & Antipyretics,2026-04-22,74,7.99
13,Aspirin 75mg Gastro-resistant,Analgesics & Antipyretics,2026-04-23,61,7.99
13,Aspirin 75mg Gastro-resistant,Analgesics & Antipyretics,2026-04-24,74,7.99
13,Aspirin 75mg Gastro-resistant,Analgesics & Antipyretics,2026-04-25,40,7.99
13,Aspirin 75mg Gastro-resistant,Analgesics & Antipyretics,2026-04-26,38,7.99
13,Aspirin 75mg Gastro-resistant,Analgesics & Antipyretics,2026-04-27,51,7.99
13,Aspirin 75mg Gastro-resistant,Analgesics & Antipyretics,2026-04-28,83,7.99
13,Aspirin 75mg Gastro-resistant,Analgesics & Antipyretics,2026-04-29,44,7.99
13,Aspirin 75mg Gastro-resistant,Analgesics & Antipyretics,2026-04-30,82,7.99
13,Aspirin 75mg Gastro-resistant,Analgesics & Antipyretics,2026-05-01,65,7.99
13,Aspirin 75mg Gastro-resistant,Analgesics & Antipyretics,2026-05-02,15,7.99
13,Aspirin 75mg Gastro-resistant,Analgesics & Antipyretics,2026-05-03,44,7.99
13,Aspirin 75mg Gastro-resistant,Analgesics & Antipyretics,2026-05-04,23,7.99
13,Aspirin 75mg Gastro-resistant,Analgesics & Antipyretics,2026-05-05,67,7.99
13,Aspirin 75mg Gastro-resistant,Analgesics & Antipyretics,2026-05-06,72,7.99
13,Aspirin 75mg Gastro-resistant,Analgesics & Antipyretics,2026-05-07,47,7.99
13,Aspirin 75mg Gastro-resistant,Analgesics & Antipyretics,2026-05-08,59,7.99
13,Aspirin 75mg Gastro-resistant,Analgesics & Antipyretics,2026-05-09,70,7.99
13,Aspirin 75mg Gastro-resistant,Analgesics & Antipyretics,2026-05-10,30,7.99
13,Aspirin 75mg Gastro-resistant,Analgesics & Antipyretics,2026-05-11,40,7.99
13,Aspirin 75mg Gastro-resistant,Analgesics & Antipyretics,2026-05-12,82,7.99
13,Aspirin 75mg Gastro-resistant,Analgesics & Antipyretics,2026-05-13,89,7.99
13,Aspirin 75mg Gastro-resistant,Analgesics & Antipyretics,2026-05-14,57,7.99
13,Aspirin 75mg Gastro-resistant,Analgesics & Antipyretics,2026-05-15,74,7.99
13,Aspirin 75mg Gastro-resistant,Analgesics & Antipyretics,2026-05-16,60,7.99
13,Aspirin 75mg Gastro-resistant,Analgesics & Antipyretics,2026-05-17,26,7.99
13,Aspirin 75mg Gastro-resistant,Analgesics & Antipyretics,2026-05-18,49,7.99
13,Aspirin 75mg Gastro-resistant,Analgesics & Antipyretics,2026-05-19,77,7.99
13,Aspirin 75mg Gastro-resistant,Analgesics & Antipyretics,2026-05-20,85,7.99
13,Aspirin 75mg Gastro-resistant,Analgesics & Antipyretics,2026-05-21,66,7.99
13,Aspirin 75mg Gastro-resistant,Analgesics & Antipyretics,2026-05-22,43,7.99
13,Aspirin 75mg Gastro-resistant,Analgesics & Antipyretics,2026-05-23,71,7.99
13,Aspirin 75mg Gastro-resistant,Analgesics & Antipyretics,2026-05-24,29,7.99
13,Aspirin 75mg Gastro-resistant,Analgesics & Antipyretics,2026-05-25,52,7.99
13,Aspirin 75mg Gastro-resistant,Analgesics & Antipyretics,2026-05-26,63,7.99
13,Aspirin 75mg Gastro-resistant,Analgesics & Antipyretics,2026-05-27,83,7.99
13,Aspirin 75mg Gastro-resistant,Analgesics & Antipyretics,2026-05-28,71,7.99
13,Aspirin 75mg Gastro-resistant,Analgesics & Antipyretics,2026-05-29,64,7.99
13,Aspirin 75mg Gastro-resistant,Analgesics & Antipyretics,2026-05-30,46,7.99
13,Aspirin 75mg Gastro-resistant,Analgesics & Antipyretics,2026-05-31,39,7.99
13,Aspirin 75mg Gastro-resistant,Analgesics & Antipyretics,2026-06-01,87,7.99
13,Aspirin 75mg Gastro-resistant,Analgesics & Antipyretics,2026-06-02,36,7.99
13,Aspirin 75mg Gastro-resistant,Analgesics & Antipyretics,2026-06-03,72,7.99
13,Aspirin 75mg Gastro-resistant,Analgesics & Antipyretics,2026-06-04,81,7.99
13,Aspirin 75mg Gastro-resistant,Analgesics & Antipyretics,2026-06-05,58,7.99
13,Aspirin 75mg Gastro-resistant,Analgesics & Antipyretics,2026-06-06,58,7.99
13,Aspirin 75mg Gastro-resistant,Analgesics & Antipyretics,2026-06-07,48,7.99
13,Aspirin 75mg Gastro-resistant,Analgesics & Antipyretics,2026-06-08,106,7.99
13,Aspirin 75mg Gastro-resistant,Analgesics & Antipyretics,2026-06-09,103,7.99
13,Aspirin 75mg Gastro-resistant,Analgesics & Antipyretics,2026-06-10,70,7.99
13,Aspirin 75mg Gastro-resistant,Analgesics & Antipyretics,2026-06-11,75,7.99
13,Aspirin 75mg Gastro-resistant,Analgesics & Antipyretics,2026-06-12,76,7.99
13,Aspirin 75mg Gastro-resistant,Analgesics & Antipyretics,2026-06-13,44,7.99
13,Aspirin 75mg Gastro-resistant,Analgesics & Antipyretics,2026-06-14,55,7.99
13,Aspirin 75mg Gastro-resistant,Analgesics & Antipyretics,2026-06-15,65,7.99
13,Aspirin 75mg Gastro-resistant,Analgesics & Antipyretics,2026-06-16,59,7.99
13,Aspirin 75mg Gastro-resistant,Analgesics & Antipyretics,2026-06-17,88,7.99
13,Aspirin 75mg Gastro-resistant,Analgesics & Antipyretics,2026-06-18,88,7.99
13,Aspirin 75mg Gastro-resistant,Analgesics & Antipyretics,2026-06-19,64,7.99
13,Aspirin 75mg Gastro-resistant,Analgesics & Antipyretics,2026-06-20,66,7.99
13,Aspirin 75mg Gastro-resistant,Analgesics & Antipyretics,2026-06-21,41,7.99
13,Aspirin 75mg Gastro-resistant,Analgesics & Antipyretics,2026-06-22,81,7.99
13,Aspirin 75mg Gastro-resistant,Analgesics & Antipyretics,2026-06-23,91,7.99
13,Aspirin 75mg Gastro-resistant,Analgesics & Antipyretics,2026-06-24,77,7.99
13,Aspirin 75mg Gastro-resistant,Analgesics & Antipyretics,2026-06-25,85,7.99
13,Aspirin 75mg Gastro-resistant,Analgesics & Antipyretics,2026-06-26,69,7.99
13,Aspirin 75mg Gastro-resistant,Analgesics & Antipyretics,2026-06-27,48,7.99
13,Aspirin 75mg Gastro-resistant,Analgesics & Antipyretics,2026-06-28,48,7.99
13,Aspirin 75mg Gastro-resistant,Analgesics & Antipyretics,2026-06-29,65,7.99
13,Aspirin 75mg Gastro-resistant,Analgesics & Antipyretics,2026-06-30,74,7.99
13,Aspirin 75mg Gastro-resistant,Analgesics & Antipyretics,2026-07-01,52,7.99
13,Aspirin 75mg Gastro-resistant,Analgesics & Antipyretics,2026-07-02,69,7.99
13,Aspirin 75mg Gastro-resistant,Analgesics & Antipyretics,2026-07-03,73,7.99
13,Aspirin 75mg Gastro-resistant,Analgesics & Antipyretics,2026-07-04,47,7.99
13,Aspirin 75mg Gastro-resistant,Analgesics & Antipyretics,2026-07-05,47,7.99
13,Aspirin 75mg Gastro-resistant,Analgesics & Antipyretics,2026-07-06,76,7.99
13,Aspirin 75mg Gastro-resistant,Analgesics & Antipyretics,2026-07-07,85,7.99
13,Aspirin 75mg Gastro-resistant,Analgesics & Antipyretics,2026-07-08,92,7.99
13,Aspirin 75mg Gastro-resistant,Analgesics & Antipyretics,2026-07-09,67,7.99
13,Aspirin 75mg Gastro-resistant,Analgesics & Antipyretics,2026-07-10,58,7.99
13,Aspirin 75mg Gastro-resistant,Analgesics & Antipyretics,2026-07-11,34,7.99
13,Aspirin 75mg Gastro-resistant,Analgesics & Antipyretics,2026-07-12,43,7.99
13,Aspirin 75mg Gastro-resistant,Analgesics & Antipyretics,2026-07-13,72,7.99
13,Aspirin 75mg Gastro-resistant,Analgesics & Antipyretics,2026-07-14,65,7.99
13,Aspirin 75mg Gastro-resistant,Analgesics & Antipyretics,2026-07-15,56,7.99
13,Aspirin 75mg Gastro-resistant,Analgesics & Antipyretics,2026-07-16,70,7.99
13,Aspirin 75mg Gastro-resistant,Analgesics & Antipyretics,2026-07-17,80,7.99
13,Aspirin 75mg Gastro-resistant,Analgesics & Antipyretics,2026-07-18,61,7.99
13,Aspirin 75mg Gastro-resistant,Analgesics & Antipyretics,2026-07-19,42,7.99
13,Aspirin 75mg Gastro-resistant,Analgesics & Antipyretics,2026-07-20,71,7.99
13,Aspirin 75mg Gastro-resistant,Analgesics & Antipyretics,2026-07-21,62,7.99
13,Aspirin 75mg Gastro-resistant,Analgesics & Antipyretics,2026-07-22,77,7.99
13,Aspirin 75mg Gastro-resistant,Analgesics & Antipyretics,2026-07-23,63,7.99
13,Aspirin 75mg Gastro-resistant,Analgesics & Antipyretics,2026-07-24,87,7.99
13,Aspirin 75mg Gastro-resistant,Analgesics & Antipyretics,2026-07-25,22,7.99
13,Aspirin 75mg Gastro-resistant,Analgesics & Antipyretics,2026-07-26,45,7.99
13,Aspirin 75mg Gastro-resistant,Analgesics & Antipyretics,2026-07-27,82,7.99
13,Aspirin 75mg Gastro-resistant,Analgesics & Antipyretics,2026-07-28,80,7.99
13,Aspirin 75mg Gastro-resistant,Analgesics & Antipyretics,2026-07-29,122,7.99
13,Aspirin 75mg Gastro-resistant,Analgesics & Antipyretics,2026-07-30,83,7.99
13,Aspirin 75mg Gastro-resistant,Analgesics & Antipyretics,2026-07-31,61,7.99
13,Aspirin 75mg Gastro-resistant,Analgesics & Antipyretics,2026-08-01,50,7.99
13,Aspirin 75mg Gastro-resistant,Analgesics & Antipyretics,2026-08-02,22,7.99
13,Aspirin 75mg Gastro-resistant,Analgesics & Antipyretics,2026-08-03,76,7.99
13,Aspirin 75mg Gastro-resistant,Analgesics & Antipyretics,2026-08-04,64,7.99
13,Aspirin 75mg Gastro-resistant,Analgesics & Antipyretics,2026-08-05,92,7.99
13,Aspirin 75mg Gastro-resistant,Analgesics & Antipyretics,2026-08-06,68,7.99
13,Aspirin 75mg Gastro-resistant,Analgesics & Antipyretics,2026-08-07,75,7.99
13,Aspirin 75mg Gastro-resistant,Analgesics & Antipyretics,2026-08-08,41,7.99
13,Aspirin 75mg Gastro-resistant,Analgesics & Antipyretics,2026-08-09,80,7.99
13,Aspirin 75mg Gastro-resistant,Analgesics & Antipyretics,2026-08-10,72,7.99
13,Aspirin 75mg Gastro-resistant,Analgesics & Antipyretics,2026-08-11,107,7.99
13,Aspirin 75mg Gastro-resistant,Analgesics & Antipyretics,2026-08-12,91,7.99
13,Aspirin 75mg Gastro-resistant,Analgesics & Antipyretics,2026-08-13,85,7.99
13,Aspirin 75mg Gastro-resistant,Analgesics & Antipyretics,2026-08-14,83,7.99
13,Aspirin 75mg Gastro-resistant,Analgesics & Antipyretics,2026-08-15,58,7.99
13,Aspirin 75mg Gastro-resistant,Analgesics & Antipyretics,2026-08-16,20,7.99
13,Aspirin 75mg Gastro-resistant,Analgesics & Antipyretics,2026-08-17,73,7.99
13,Aspirin 75mg Gastro-resistant,Analgesics & Antipyretics,2026-08-18,91,7.99
13,Aspirin 75mg Gastro-resistant,Analgesics & Antipyretics,2026-08-19,77,7.99
13,Aspirin 75mg Gastro-resistant,Analgesics & Antipyretics,2026-08-20,54,7.99
13,Aspirin 75mg Gastro-resistant,Analgesics & Antipyretics,2026-08-21,76,7.99
13,Aspirin 75mg Gastro-resistant,Analgesics & Antipyretics,2026-08-22,79,7.99
13,Aspirin 75mg Gastro-resistant,Analgesics & Antipyretics,2026-08-23,72,7.99
13,Aspirin 75mg Gastro-resistant,Analgesics & Antipyretics,2026-08-24,76,7.99
13,Aspirin 75mg Gastro-resistant,Analgesics & Antipyretics,2026-08-25,93,7.99
13,Aspirin 75mg Gastro-resistant,Analgesics & Antipyretics,2026-08-26,71,7.99
13,Aspirin 75mg Gastro-resistant,Analgesics & Antipyretics,2026-08-27,49,7.99
13,Aspirin 75mg Gastro-resistant,Analgesics & Antipyretics,2026-08-28,62,7.99
13,Aspirin 75mg Gastro-resistant,Analgesics & Antipyretics,2026-08-29,77,7.99
13,Aspirin 75mg Gastro-resistant,Analgesics & Antipyretics,2026-08-30,47,7.99
13,Aspirin 75mg Gastro-resistant,Analgesics & Antipyretics,2026-08-31,73,7.99
13,Aspirin 75mg Gastro-resistant,Analgesics & Antipyretics,2026-09-01,52,7.99
13,Aspirin 75mg Gastro-resistant,Analgesics & Antipyretics,2026-09-02,88,7.99
13,Aspirin 75mg Gastro-resistant,Analgesics & Antipyretics,2026-09-03,84,7.99
13,Aspirin 75mg Gastro-resistant,Analgesics & Antipyretics,2026-09-04,94,7.99
13,Aspirin 75mg Gastro-resistant,Analgesics & Antipyretics,2026-09-05,35,7.99
13,Aspirin 75mg Gastro-resistant,Analgesics & Antipyretics,2026-09-06,43,7.99
13,Aspirin 75mg Gastro-resistant,Analgesics & Antipyretics,2026-09-07,32,7.99
13,Aspirin 75mg Gastro-resistant,Analgesics & Antipyretics,2026-09-08,81,7.99
13,Aspirin 75mg Gastro-resistant,Analgesics & Antipyretics,2026-09-09,38,7.99
13,Aspirin 75mg Gastro-resistant,Analgesics & Antipyretics,2026-09-10,61,7.99
13,Aspirin 75mg Gastro-resistant,Analgesics & Antipyretics,2026-09-11,39,7.99
13,Aspirin 75mg Gastro-resistant,Analgesics & Antipyretics,2026-09-12,28,7.99
13,Aspirin 75mg Gastro-resistant,Analgesics & Antipyretics,2026-09-13,24,7.99
13,Aspirin 75mg Gastro-resistant,Analgesics & Antipyretics,2026-09-14,47,7.99
13,Aspirin 75mg Gastro-resistant,Analgesics & Antipyretics,2026-09-15,48,7.99
13,Aspirin 75mg Gastro-resistant,Analgesics & Antipyretics,2026-09-16,48,7.99
13,Aspirin 75mg Gastro-resistant,Analgesics & Antipyretics,2026-09-17,71,7.99
13,Aspirin 75mg Gastro-resistant,Analgesics & Antipyretics,2026-09-18,39,7.99
13,Aspirin 75mg Gastro-resistant,Analgesics & Antipyretics,2026-09-19,42,7.99
13,Aspirin 75mg Gastro-resistant,Analgesics & Antipyretics,2026-09-20,58,7.99
13,Aspirin 75mg Gastro-resistant,Analgesics & Antipyretics,2026-09-21,49,7.99
13,Aspirin 75mg Gastro-resistant,Analgesics & Antipyretics,2026-09-22,45,7.99
13,Aspirin 75mg Gastro-resistant,Analgesics & Antipyretics,2026-09-23,53,7.99
13,Aspirin 75mg Gastro-resistant,Analgesics & Antipyretics,2026-09-24,77,7.99
13,Aspirin 75mg Gastro-resistant,Analgesics & Antipyretics,2026-09-25,60,7.99
14,Naproxen 250mg,Analgesics & Antipyretics,2026-02-18,63,12.38
14,Naproxen 250mg,Analgesics & Antipyretics,2026-02-19,82,12.38
14,Naproxen 250mg,Analgesics & Antipyretics,2026-02-20,52,12.38
14,Naproxen 250mg,Analgesics & Antipyretics,2026-02-21,61,12.38
14,Naproxen 250mg,Analgesics & Antipyretics,2026-02-22,56,12.38
14,Naproxen 250mg,Analgesics & Antipyretics,2026-02-23,67,12.38
14,Naproxen 250mg,Analgesics & Antipyretics,2026-02-24,57,12.38
14,Naproxen 250mg,Analgesics & Antipyretics,2026-02-25,56,12.38
14,Naproxen 250mg,Analgesics & Antipyretics,2026-02-26,82,12.38
14,Naproxen 250mg,Analgesics & Antipyretics,2026-02-27,95,12.38
14,Naproxen 250mg,Analgesics & Antipyretics,2026-02-28,36,12.38
14,Naproxen 250mg,Analgesics & Antipyretics,2026-03-01,57,12.38
14,Naproxen 250mg,Analgesics & Antipyretics,2026-03-02,33,12.38
14,Naproxen 250mg,Analgesics & Antipyretics,2026-03-03,62,12.38
14,Naproxen 250mg,Analgesics & Antipyretics,2026-03-04,72,12.38
14,Naproxen 250mg,Analgesics & Antipyretics,2026-03-05,55,12.38
14,Naproxen 250mg,Analgesics & Antipyretics,2026-03-06,55,12.38
14,Naproxen 250mg,Analgesics & Antipyretics,2026-03-07,36,12.38
14,Naproxen 250mg,Analgesics & Antipyretics,2026-03-08,54,12.38
14,Naproxen 250mg,Analgesics & Antipyretics,2026-03-09,69,12.38
14,Naproxen 250mg,Analgesics & Antipyretics,2026-03-10,31,12.38
14,Naproxen 250mg,Analgesics & Antipyretics,2026-03-11,33,12.38
14,Naproxen 250mg,Analgesics & Antipyretics,2026-03-12,61,12.38
14,Naproxen 250mg,Analgesics & Antipyretics,2026-03-13,81,12.38
14,Naproxen 250mg,Analgesics & Antipyretics,2026-03-14,0,12.38
14,Naproxen 250mg,Analgesics & Antipyretics,2026-03-15,39,12.38
14,Naproxen 250mg,Analgesics & Antipyretics,2026-03-16,63,12.38
14,Naproxen 250mg,Analgesics & Antipyretics,2026-03-17,98,12.38
14,Naproxen 250mg,Analgesics & Antipyretics,2026-03-18,65,12.38
14,Naproxen 250mg,Analgesics & Antipyretics,2026-03-19,80,12.38
14,Naproxen 250mg,Analgesics & Antipyretics,2026-03-20,75,12.38
14,Naproxen 250mg,Analgesics & Antipyretics,2026-03-21,8,12.38
14,Naproxen 250mg,Analgesics & Antipyretics,2026-03-22,63,12.38
14,Naproxen 250mg,Analgesics & Antipyretics,2026-03-23,77,12.38
14,Naproxen 250mg,Analgesics & Antipyretics,2026-03-24,82,12.38
14,Naproxen 250mg,Analgesics & Antipyretics,2026-03-25,146,12.38
14,Naproxen 250mg,Analgesics & Antipyretics,2026-03-26,34,12.38
14,Naproxen 250mg,Analgesics & Antipyretics,2026-03-27,105,12.38
14,Naproxen 250mg,Analgesics & Antipyretics,2026-03-28,43,12.38
14,Naproxen 250mg,Analgesics & Antipyretics,2026-03-29,54,12.38
14,Naproxen 250mg,Analgesics & Antipyretics,2026-03-30,72,12.38
14,Naproxen 250mg,Analgesics & Antipyretics,2026-03-31,65,12.38
14,Naproxen 250mg,Analgesics & Antipyretics,2026-04-01,62,12.38
14,Naproxen 250mg,Analgesics & Antipyretics,2026-04-02,79,12.38
14,Naproxen 250mg,Analgesics & Antipyretics,2026-04-03,44,12.38
14,Naproxen 250mg,Analgesics & Antipyretics,2026-04-04,62,12.38
14,Naproxen 250mg,Analgesics & Antipyretics,2026-04-05,40,12.38
14,Naproxen 250mg,Analgesics & Antipyretics,2026-04-06,51,12.38
14,Naproxen 250mg,Analgesics & Antipyretics,2026-04-07,64,12.38
14,Naproxen 250mg,Analgesics & Antipyretics,2026-04-08,96,12.38
14,Naproxen 250mg,Analgesics & Antipyretics,2026-04-09,62,12.38
14,Naproxen 250mg,Analgesics & Antipyretics,2026-04-10,79,12.38
14,Naproxen 250mg,Analgesics & Antipyretics,2026-04-11,34,12.38
14,Naproxen 250mg,Analgesics & Antipyretics,2026-04-12,62,12.38
14,Naproxen 250mg,Analgesics & Antipyretics,2026-04-13,85,12.38
14,Naproxen 250mg,Analgesics & Antipyretics,2026-04-14,107,12.38
14,Naproxen 250mg,Analgesics & Antipyretics,2026-04-15,69,12.38
14,Naproxen 250mg,Analgesics & Antipyretics,2026-04-16,85,12.38
14,Naproxen 250mg,Analgesics & Antipyretics,2026-04-17,74,12.38
14,Naproxen 250mg,Analgesics & Antipyretics,2026-04-18,72,12.38
14,Naproxen 250mg,Analgesics & Antipyretics,2026-04-19,35,12.38
14,Naproxen 250mg,Analgesics & Antipyretics,2026-04-20,86,12.38
14,Naproxen 250mg,Analgesics & Antipyretics,2026-04-21,69,12.38
14,Naproxen 250mg,Analgesics & Antipyretics,2026-04-22,71,12.38
14,Naproxen 250mg,Analgesics & Antipyretics,2026-04-23,74,12.38
14,Naproxen 250mg,Analgesics & Antipyretics,2026-04-24,77,12.38
14,Naproxen 250mg,Analgesics & Antipyretics,2026-04-25,46,12.38
14,Naproxen 250mg,Analgesics & Antipyretics,2026-04-26,52,12.38
14,Naproxen 250mg,Analgesics & Antipyretics,2026-04-27,102,12.38
14,Naproxen 250mg,Analgesics & Antipyretics,2026-04-28,91,12.38
14,Naproxen 250mg,Analgesics & Antipyretics,2026-04-29,89,12.38
14,Naproxen 250mg,Analgesics & Antipyretics,2026-04-30,64,12.38
14,Naproxen 250mg,Analgesics & Antipyretics,2026-05-01,56,12.38
14,Naproxen 250mg,Analgesics & Antipyretics,2026-05-02,66,12.38
14,Naproxen 250mg,Analgesics & Antipyretics,2026-05-03,65,12.38
14,Naproxen 250mg,Analgesics & Antipyretics,2026-05-04,100,12.38
14,Naproxen 250mg,Analgesics & Antipyretics,2026-05-05,61,12.38
14,Naproxen 250mg,Analgesics & Antipyretics,2026-05-06,68,12.38
14,Naproxen 250mg,Analgesics & Antipyretics,2026-05-07,42,12.38
14,Naproxen 250mg,Analgesics & Antipyretics,2026-05-08,65,12.38
14,Naproxen 250mg,Analgesics & Antipyretics,2026-05-09,67,12.38
14,Naproxen 250mg,Analgesics & Antipyretics,2026-05-10,39,12.38
14,Naproxen 250mg,Analgesics & Antipyretics,2026-05-11,84,12.38
14,Naproxen 250mg,Analgesics & Antipyretics,2026-05-12,69,12.38
14,Naproxen 250mg,Analgesics & Antipyretics,2026-05-13,79,12.38
14,Naproxen 250mg,Analgesics & Antipyretics,2026-05-14,51,12.38
14,Naproxen 250mg,Analgesics & Antipyretics,2026-05-15,74,12.38
14,Naproxen 250mg,Analgesics & Antipyretics,2026-05-16,0,12.38
14,Naproxen 250mg,Analgesics & Antipyretics,2026-05-17,45,12.38
14,Naproxen 250mg,Analgesics & Antipyretics,2026-05-18,42,12.38
14,Naproxen 250mg,Analgesics & Antipyretics,2026-05-19,95,12.38
14,Naproxen 250mg,Analgesics & Antipyretics,2026-05-20,87,12.38
14,Naproxen 250mg,Analgesics & Antipyretics,2026-05-21,81,12.38
14,Naproxen 250mg,Analgesics & Antipyretics,2026-05-22,101,12.38
14,Naproxen 250mg,Analgesics & Antipyretics,2026-05-23,30,12.38
14,Naproxen 250mg,Analgesics & Antipyretics,2026-05-24,81,12.38
14,Naproxen 250mg,Analgesics & Antipyretics,2026-05-25,90,12.38
14,Naproxen 250mg,Analgesics & Antipyretics,2026-05-26,68,12.38
14,Naproxen 250mg,Analgesics & Antipyretics,2026-05-27,94,12.38
14,Naproxen 250mg,Analgesics & Antipyretics,2026-05-28,52,12.38
14,Naproxen 250mg,Analgesics & Antipyretics,2026-05-29,57,12.38
14,Naproxen 250mg,Analgesics & Antipyretics,2026-05-30,37,12.38
14,Naproxen 250mg,Analgesics & Antipyretics,2026-05-31,38,12.38
14,Naproxen 250mg,Analgesics & Antipyretics,2026-06-01,78,12.38
14,Naproxen 250mg,Analgesics & Antipyretics,2026-06-02,121,12.38
14,Naproxen 250mg,Analgesics & Antipyretics,2026-06-03,93,12.38
14,Naproxen 250mg,Analgesics & Antipyretics,2026-06-04,105,12.38
14,Naproxen 250mg,Analgesics & Antipyretics,2026-06-05,87,12.38
14,Naproxen 250mg,Analgesics & Antipyretics,2026-06-06,31,12.38
14,Naproxen 250mg,Analgesics & Antipyretics,2026-06-07,70,12.38
14,Naproxen 250mg,Analgesics & Antipyretics,2026-06-08,62,12.38
14,Naproxen 250mg,Analgesics & Antipyretics,2026-06-09,97,12.38
14,Naproxen 250mg,Analgesics & Antipyretics,2026-06-10,72,12.38
14,Naproxen 250mg,Analgesics & Antipyretics,2026-06-11,135,12.38
14,Naproxen 250mg,Analgesics & Antipyretics,2026-06-12,115,12.38
14,Naproxen 250mg,Analgesics & Antipyretics,2026-06-13,67,12.38
14,Naproxen 250mg,Analgesics & Antipyretics,2026-06-14,89,12.38
14,Naproxen 250mg,Analgesics & Antipyretics,2026-06-15,82,12.38
14,Naproxen 250mg,Analgesics & Antipyretics,2026-06-16,108,12.38
14,Naproxen 250mg,Analgesics & Antipyretics,2026-06-17,102,12.38
14,Naproxen 250mg,Analgesics & Antipyretics,2026-06-18,103,12.38
14,Naproxen 250mg,Analgesics & Antipyretics,2026-06-19,122,12.38
14,Naproxen 250mg,Analgesics & Antipyretics,2026-06-20,79,12.38
14,Naproxen 250mg,Analgesics & Antipyretics,2026-06-21,71,12.38
14,Naproxen 250mg,Analgesics & Antipyretics,2026-06-22,67,12.38
14,Naproxen 250mg,Analgesics & Antipyretics,2026-06-23,80,12.38
14,Naproxen 250mg,Analgesics & Antipyretics,2026-06-24,96,12.38
14,Naproxen 250mg,Analgesics & Antipyretics,2026-06-25,100,12.38
14,Naproxen 250mg,Analgesics & Antipyretics,2026-06-26,77,12.38
14,Naproxen 250mg,Analgesics & Antipyretics,2026-06-27,110,12.38
14,Naproxen 250mg,Analgesics & Antipyretics,2026-06-28,94,12.38
14,Naproxen 250mg,Analgesics & Antipyretics,2026-06-29,109,12.38
14,Naproxen 250mg,Analgesics & Antipyretics,2026-06-30,99,12.38
14,Naproxen 250mg,Analgesics & Antipyretics,2026-07-01,94,12.38
14,Naproxen 250mg,Analgesics & Antipyretics,2026-07-02,80,12.38
14,Naproxen 250mg,Analgesics & Antipyretics,2026-07-03,99,12.38
14,Naproxen 250mg,Analgesics & Antipyretics,2026-07-04,70,12.38
14,Naproxen 250mg,Analgesics & Antipyretics,2026-07-05,42,12.38
14,Naproxen 250mg,Analgesics & Antipyretics,2026-07-06,104,12.38
14,Naproxen 250mg,Analgesics & Antipyretics,2026-07-07,95,12.38
14,Naproxen 250mg,Analgesics & Antipyretics,2026-07-08,62,12.38
14,Naproxen 250mg,Analgesics & Antipyretics,2026-07-09,82,12.38
14,Naproxen 250mg,Analgesics & Antipyretics,2026-07-10,90,12.38
14,Naproxen 250mg,Analgesics & Antipyretics,2026-07-11,100,12.38
14,Naproxen 250mg,Analgesics & Antipyretics,2026-07-12,76,12.38
14,Naproxen 250mg,Analgesics & Antipyretics,2026-07-13,73,12.38
14,Naproxen 250mg,Analgesics & Antipyretics,2026-07-14,107,12.38
14,Naproxen 250mg,Analgesics & Antipyretics,2026-07-15,69,12.38
14,Naproxen 250mg,Analgesics & Antipyretics,2026-07-16,118,12.38
14,Naproxen 250mg,Analgesics & Antipyretics,2026-07-17,89,12.38
14,Naproxen 250mg,Analgesics & Antipyretics,2026-07-18,63,12.38
14,Naproxen 250mg,Analgesics & Antipyretics,2026-07-19,90,12.38
14,Naproxen 250mg,Analgesics & Antipyretics,2026-07-20,74,12.38
14,Naproxen 250mg,Analgesics & Antipyretics,2026-07-21,72,12.38
14,Naproxen 250mg,Analgesics & Antipyretics,2026-07-22,87,12.38
14,Naproxen 250mg,Analgesics & Antipyretics,2026-07-23,117,12.38
14,Naproxen 250mg,Analgesics & Antipyretics,2026-07-24,70,12.38
14,Naproxen 250mg,Analgesics & Antipyretics,2026-07-25,12,12.38
14,Naproxen 250mg,Analgesics & Antipyretics,2026-07-26,57,12.38
14,Naproxen 250mg,Analgesics & Antipyretics,2026-07-27,108,12.38
14,Naproxen 250mg,Analgesics & Antipyretics,2026-07-28,120,12.38
14,Naproxen 250mg,Analgesics & Antipyretics,2026-07-29,89,12.38
14,Naproxen 250mg,Analgesics & Antipyretics,2026-07-30,90,12.38
14,Naproxen 250mg,Analgesics & Antipyretics,2026-07-31,120,12.38
14,Naproxen 250mg,Analgesics & Antipyretics,2026-08-01,30,12.38
14,Naproxen 250mg,Analgesics & Antipyretics,2026-08-02,58,12.38
14,Naproxen 250mg,Analgesics & Antipyretics,2026-08-03,102,12.38
14,Naproxen 250mg,Analgesics & Antipyretics,2026-08-04,106,12.38
14,Naproxen 250mg,Analgesics & Antipyretics,2026-08-05,89,12.38
14,Naproxen 250mg,Analgesics & Antipyretics,2026-08-06,99,12.38
14,Naproxen 250mg,Analgesics & Antipyretics,2026-08-07,52,12.38
14,Naproxen 250mg,Analgesics & Antipyretics,2026-08-08,53,12.38
14,Naproxen 250mg,Analgesics & Antipyretics,2026-08-09,74,12.38
14,Naproxen 250mg,Analgesics & Antipyretics,2026-08-10,80,12.38
14,Naproxen 250mg,Analgesics & Antipyretics,2026-08-11,99,12.38
14,Naproxen 250mg,Analgesics & Antipyretics,2026-08-12,106,12.38
14,Naproxen 250mg,Analgesics & Antipyretics,2026-08-13,92,12.38
14,Naproxen 250mg,Analgesics & Antipyretics,2026-08-14,101,12.38
14,Naproxen 250mg,Analgesics & Antipyretics,2026-08-15,47,12.38
14,Naproxen 250mg,Analgesics & Antipyretics,2026-08-16,61,12.38
14,Naproxen 250mg,Analgesics & Antipyretics,2026-08-17,109,12.38
14,Naproxen 250mg,Analgesics & Antipyretics,2026-08-18,101,12.38
14,Naproxen 250mg,Analgesics & Antipyretics,2026-08-19,87,12.38
14,Naproxen 250mg,Analgesics & Antipyretics,2026-08-20,102,12.38
14,Naproxen 250mg,Analgesics & Antipyretics,2026-08-21,111,12.38
14,Naproxen 250mg,Analgesics & Antipyretics,2026-08-22,27,12.38
14,Naproxen 250mg,Analgesics & Antipyretics,2026-08-23,87,12.38
14,Naproxen 250mg,Analgesics & Antipyretics,2026-08-24,92,12.38
14,Naproxen 250mg,Analgesics & Antipyretics,2026-08-25,106,12.38
14,Naproxen 250mg,Analgesics & Antipyretics,2026-08-26,120,12.38
14,Naproxen 250mg,Analgesics & Antipyretics,2026-08-27,72,12.38
14,Naproxen 250mg,Analgesics & Antipyretics,2026-08-28,85,12.38
14,Naproxen 250mg,Analgesics & Antipyretics,2026-08-29,60,12.38
14,Naproxen 250mg,Analgesics & Antipyretics,2026-08-30,51,12.38
14,Naproxen 250mg,Analgesics & Antipyretics,2026-08-31,130,12.38
14,Naproxen 250mg,Analgesics & Antipyretics,2026-09-01,56,12.38
14,Naproxen 250mg,Analgesics & Antipyretics,2026-09-02,62,12.38
14,Naproxen 250mg,Analgesics & Antipyretics,2026-09-03,76,12.38
14,Naproxen 250mg,Analgesics & Antipyretics,2026-09-04,50,12.38
14,Naproxen 250mg,Analgesics & Antipyretics,2026-09-05,41,12.38
14,Naproxen 250mg,Analgesics & Antipyretics,2026-09-06,54,12.38
14,Naproxen 250mg,Analgesics & Antipyretics,2026-09-07,66,12.38
14,Naproxen 250mg,Analgesics & Antipyretics,2026-09-08,71,12.38
14,Naproxen 250mg,Analgesics & Antipyretics,2026-09-09,63,12.38
14,Naproxen 250mg,Analgesics & Antipyretics,2026-09-10,44,12.38
14,Naproxen 250mg,Analgesics & Antipyretics,2026-09-11,78,12.38
14,Naproxen 250mg,Analgesics & Antipyretics,2026-09-12,81,12.38
14,Naproxen 250mg,Analgesics & Antipyretics,2026-09-13,49,12.38
14,Naproxen 250mg,Analgesics & Antipyretics,2026-09-14,77,12.38
14,Naproxen 250mg,Analgesics & Antipyretics,2026-09-15,85,12.38
14,Naproxen 250mg,Analgesics & Antipyretics,2026-09-16,49,12.38
14,Naproxen 250mg,Analgesics & Antipyretics,2026-09-17,104,12.38
14,Naproxen 250mg,Analgesics & Antipyretics,2026-09-18,76,12.38
14,Naproxen 250mg,Analgesics & Antipyretics,2026-09-19,79,12.38
14,Naproxen 250mg,Analgesics & Antipyretics,2026-09-20,34,12.38
14,Naproxen 250mg,Analgesics & Antipyretics,2026-09-21,106,12.38
14,Naproxen 250mg,Analgesics & Antipyretics,2026-09-22,87,12.38
14,Naproxen 250mg,Analgesics & Antipyretics,2026-09-23,83,12.38
14,Naproxen 250mg,Analgesics & Antipyretics,2026-09-24,77,12.38
14,Naproxen 250mg,Analgesics & Antipyretics,2026-09-25,68,12.38
15,Ketorolac 10mg Inj,Analgesics & Antipyretics,2026-02-18,122,4.21
15,Ketorolac 10mg Inj,Analgesics & Antipyretics,2026-02-19,96,4.21
15,Ketorolac 10mg Inj,Analgesics & Antipyretics,2026-02-20,44,4.21
15,Ketorolac 10mg Inj,Analgesics & Antipyretics,2026-02-21,34,4.21
15,Ketorolac 10mg Inj,Analgesics & Antipyretics,2026-02-22,57,4.21
15,Ketorolac 10mg Inj,Analgesics & Antipyretics,2026-02-23,100,4.21
15,Ketorolac 10mg Inj,Analgesics & Antipyretics,2026-02-24,91,4.21
15,Ketorolac 10mg Inj,Analgesics & Antipyretics,2026-02-25,122,4.21
15,Ketorolac 10mg Inj,Analgesics & Antipyretics,2026-02-26,44,4.21
15,Ketorolac 10mg Inj,Analgesics & Antipyretics,2026-02-27,96,4.21
15,Ketorolac 10mg Inj,Analgesics & Antipyretics,2026-02-28,17,4.21
15,Ketorolac 10mg Inj,Analgesics & Antipyretics,2026-03-01,80,4.21
15,Ketorolac 10mg Inj,Analgesics & Antipyretics,2026-03-02,90,4.21
15,Ketorolac 10mg Inj,Analgesics & Antipyretics,2026-03-03,103,4.21
15,Ketorolac 10mg Inj,Analgesics & Antipyretics,2026-03-04,71,4.21
15,Ketorolac 10mg Inj,Analgesics & Antipyretics,2026-03-05,124,4.21
15,Ketorolac 10mg Inj,Analgesics & Antipyretics,2026-03-06,118,4.21
15,Ketorolac 10mg Inj,Analgesics & Antipyretics,2026-03-07,76,4.21
15,Ketorolac 10mg Inj,Analgesics & Antipyretics,2026-03-08,58,4.21
15,Ketorolac 10mg Inj,Analgesics & Antipyretics,2026-03-09,107,4.21
15,Ketorolac 10mg Inj,Analgesics & Antipyretics,2026-03-10,75,4.21
15,Ketorolac 10mg Inj,Analgesics & Antipyretics,2026-03-11,113,4.21
15,Ketorolac 10mg Inj,Analgesics & Antipyretics,2026-03-12,133,4.21
15,Ketorolac 10mg Inj,Analgesics & Antipyretics,2026-03-13,119,4.21
15,Ketorolac 10mg Inj,Analgesics & Antipyretics,2026-03-14,43,4.21
15,Ketorolac 10mg Inj,Analgesics & Antipyretics,2026-03-15,70,4.21
15,Ketorolac 10mg Inj,Analgesics & Antipyretics,2026-03-16,60,4.21
15,Ketorolac 10mg Inj,Analgesics & Antipyretics,2026-03-17,106,4.21
15,Ketorolac 10mg Inj,Analgesics & Antipyretics,2026-03-18,103,4.21
15,Ketorolac 10mg Inj,Analgesics & Antipyretics,2026-03-19,46,4.21
15,Ketorolac 10mg Inj,Analgesics & Antipyretics,2026-03-20,64,4.21
15,Ketorolac 10mg Inj,Analgesics & Antipyretics,2026-03-21,54,4.21
15,Ketorolac 10mg Inj,Analgesics & Antipyretics,2026-03-22,54,4.21
15,Ketorolac 10mg Inj,Analgesics & Antipyretics,2026-03-23,62,4.21
15,Ketorolac 10mg Inj,Analgesics & Antipyretics,2026-03-24,102,4.21
15,Ketorolac 10mg Inj,Analgesics & Antipyretics,2026-03-25,99,4.21
15,Ketorolac 10mg Inj,Analgesics & Antipyretics,2026-03-26,88,4.21
15,Ketorolac 10mg Inj,Analgesics & Antipyretics,2026-03-27,74,4.21
15,Ketorolac 10mg Inj,Analgesics & Antipyretics,2026-03-28,87,4.21
15,Ketorolac 10mg Inj,Analgesics & Antipyretics,2026-03-29,102,4.21
15,Ketorolac 10mg Inj,Analgesics & Antipyretics,2026-03-30,80,4.21
15,Ketorolac 10mg Inj,Analgesics & Antipyretics,2026-03-31,77,4.21
15,Ketorolac 10mg Inj,Analgesics & Antipyretics,2026-04-01,104,4.21
15,Ketorolac 10mg Inj,Analgesics & Antipyretics,2026-04-02,83,4.21
15,Ketorolac 10mg Inj,Analgesics & Antipyretics,2026-04-03,89,4.21
15,Ketorolac 10mg Inj,Analgesics & Antipyretics,2026-04-04,80,4.21
15,Ketorolac 10mg Inj,Analgesics & Antipyretics,2026-04-05,14,4.21
15,Ketorolac 10mg Inj,Analgesics & Antipyretics,2026-04-06,125,4.21
15,Ketorolac 10mg Inj,Analgesics & Antipyretics,2026-04-07,94,4.21
15,Ketorolac 10mg Inj,Analgesics & Antipyretics,2026-04-08,82,4.21
15,Ketorolac 10mg Inj,Analgesics & Antipyretics,2026-04-09,90,4.21
15,Ketorolac 10mg Inj,Analgesics & Antipyretics,2026-04-10,91,4.21
15,Ketorolac 10mg Inj,Analgesics & Antipyretics,2026-04-11,19,4.21
15,Ketorolac 10mg Inj,Analgesics & Antipyretics,2026-04-12,98,4.21
15,Ketorolac 10mg Inj,Analgesics & Antipyretics,2026-04-13,93,4.21
15,Ketorolac 10mg Inj,Analgesics & Antipyretics,2026-04-14,103,4.21
15,Ketorolac 10mg Inj,Analgesics & Antipyretics,2026-04-15,116,4.21
15,Ketorolac 10mg Inj,Analgesics & Antipyretics,2026-04-16,67,4.21
15,Ketorolac 10mg Inj,Analgesics & Antipyretics,2026-04-17,104,4.21
15,Ketorolac 10mg Inj,Analgesics & Antipyretics,2026-04-18,55,4.21
15,Ketorolac 10mg Inj,Analgesics & Antipyretics,2026-04-19,82,4.21
15,Ketorolac 10mg Inj,Analgesics & Antipyretics,2026-04-20,40,4.21
15,Ketorolac 10mg Inj,Analgesics & Antipyretics,2026-04-21,90,4.21
15,Ketorolac 10mg Inj,Analgesics & Antipyretics,2026-04-22,77,4.21
15,Ketorolac 10mg Inj,Analgesics & Antipyretics,2026-04-23,103,4.21
15,Ketorolac 10mg Inj,Analgesics & Antipyretics,2026-04-24,104,4.21
15,Ketorolac 10mg Inj,Analgesics & Antipyretics,2026-04-25,44,4.21
15,Ketorolac 10mg Inj,Analgesics & Antipyretics,2026-04-26,44,4.21
15,Ketorolac 10mg Inj,Analgesics & Antipyretics,2026-04-27,90,4.21
15,Ketorolac 10mg Inj,Analgesics & Antipyretics,2026-04-28,70,4.21
15,Ketorolac 10mg Inj,Analgesics & Antipyretics,2026-04-29,113,4.21
15,Ketorolac 10mg Inj,Analgesics & Antipyretics,2026-04-30,83,4.21
15,Ketorolac 10mg Inj,Analgesics & Antipyretics,2026-05-01,21,4.21
15,Ketorolac 10mg Inj,Analgesics & Antipyretics,2026-05-02,52,4.21
15,Ketorolac 10mg Inj,Analgesics & Antipyretics,2026-05-03,36,4.21
15,Ketorolac 10mg Inj,Analgesics & Antipyretics,2026-05-04,52,4.21
15,Ketorolac 10mg Inj,Analgesics & Antipyretics,2026-05-05,62,4.21
15,Ketorolac 10mg Inj,Analgesics & Antipyretics,2026-05-06,95,4.21
15,Ketorolac 10mg Inj,Analgesics & Antipyretics,2026-05-07,125,4.21
15,Ketorolac 10mg Inj,Analgesics & Antipyretics,2026-05-08,100,4.21
15,Ketorolac 10mg Inj,Analgesics & Antipyretics,2026-05-09,46,4.21
15,Ketorolac 10mg Inj,Analgesics & Antipyretics,2026-05-10,73,4.21
15,Ketorolac 10mg Inj,Analgesics & Antipyretics,2026-05-11,81,4.21
15,Ketorolac 10mg Inj,Analgesics & Antipyretics,2026-05-12,75,4.21
15,Ketorolac 10mg Inj,Analgesics & Antipyretics,2026-05-13,64,4.21
15,Ketorolac 10mg Inj,Analgesics & Antipyretics,2026-05-14,49,4.21
15,Ketorolac 10mg Inj,Analgesics & Antipyretics,2026-05-15,83,4.21
15,Ketorolac 10mg Inj,Analgesics & Antipyretics,2026-05-16,65,4.21
15,Ketorolac 10mg Inj,Analgesics & Antipyretics,2026-05-17,59,4.21
15,Ketorolac 10mg Inj,Analgesics & Antipyretics,2026-05-18,82,4.21
15,Ketorolac 10mg Inj,Analgesics & Antipyretics,2026-05-19,69,4.21
15,Ketorolac 10mg Inj,Analgesics & Antipyretics,2026-05-20,107,4.21
15,Ketorolac 10mg Inj,Analgesics & Antipyretics,2026-05-21,60,4.21
15,Ketorolac 10mg Inj,Analgesics & Antipyretics,2026-05-22,111,4.21
15,Ketorolac 10mg Inj,Analgesics & Antipyretics,2026-05-23,37,4.21
15,Ketorolac 10mg Inj,Analgesics & Antipyretics,2026-05-24,43,4.21
15,Ketorolac 10mg Inj,Analgesics & Antipyretics,2026-05-25,56,4.21
15,Ketorolac 10mg Inj,Analgesics & Antipyretics,2026-05-26,80,4.21
15,Ketorolac 10mg Inj,Analgesics & Antipyretics,2026-05-27,116,4.21
15,Ketorolac 10mg Inj,Analgesics & Antipyretics,2026-05-28,105,4.21
15,Ketorolac 10mg Inj,Analgesics & Antipyretics,2026-05-29,116,4.21
15,Ketorolac 10mg Inj,Analgesics & Antipyretics,2026-05-30,74,4.21
15,Ketorolac 10mg Inj,Analgesics & Antipyretics,2026-05-31,34,4.21
15,Ketorolac 10mg Inj,Analgesics & Antipyretics,2026-06-01,117,4.21
15,Ketorolac 10mg Inj,Analgesics & Antipyretics,2026-06-02,106,4.21
15,Ketorolac 10mg Inj,Analgesics & Antipyretics,2026-06-03,158,4.21
15,Ketorolac 10mg Inj,Analgesics & Antipyretics,2026-06-04,95,4.21
15,Ketorolac 10mg Inj,Analgesics & Antipyretics,2026-06-05,147,4.21
15,Ketorolac 10mg Inj,Analgesics & Antipyretics,2026-06-06,105,4.21
15,Ketorolac 10mg Inj,Analgesics & Antipyretics,2026-06-07,128,4.21
15,Ketorolac 10mg Inj,Analgesics & Antipyretics,2026-06-08,115,4.21
15,Ketorolac 10mg Inj,Analgesics & Antipyretics,2026-06-09,142,4.21
15,Ketorolac 10mg Inj,Analgesics & Antipyretics,2026-06-10,181,4.21
15,Ketorolac 10mg Inj,Analgesics & Antipyretics,2026-06-11,110,4.21
15,Ketorolac 10mg Inj,Analgesics & Antipyretics,2026-06-12,87,4.21
15,Ketorolac 10mg Inj,Analgesics & Antipyretics,2026-06-13,37,4.21
15,Ketorolac 10mg Inj,Analgesics & Antipyretics,2026-06-14,101,4.21
15,Ketorolac 10mg Inj,Analgesics & Antipyretics,2026-06-15,78,4.21
15,Ketorolac 10mg Inj,Analgesics & Antipyretics,2026-06-16,116,4.21
15,Ketorolac 10mg Inj,Analgesics & Antipyretics,2026-06-17,136,4.21
15,Ketorolac 10mg Inj,Analgesics & Antipyretics,2026-06-18,129,4.21
15,Ketorolac 10mg Inj,Analgesics & Antipyretics,2026-06-19,135,4.21
15,Ketorolac 10mg Inj,Analgesics & Antipyretics,2026-06-20,89,4.21
15,Ketorolac 10mg Inj,Analgesics & Antipyretics,2026-06-21,115,4.21
15,Ketorolac 10mg Inj,Analgesics & Antipyretics,2026-06-22,101,4.21
15,Ketorolac 10mg Inj,Analgesics & Antipyretics,2026-06-23,108,4.21
15,Ketorolac 10mg Inj,Analgesics & Antipyretics,2026-06-24,106,4.21
15,Ketorolac 10mg Inj,Analgesics & Antipyretics,2026-06-25,145,4.21
15,Ketorolac 10mg Inj,Analgesics & Antipyretics,2026-06-26,147,4.21
15,Ketorolac 10mg Inj,Analgesics & Antipyretics,2026-06-27,94,4.21
15,Ketorolac 10mg Inj,Analgesics & Antipyretics,2026-06-28,112,4.21
15,Ketorolac 10mg Inj,Analgesics & Antipyretics,2026-06-29,96,4.21
15,Ketorolac 10mg Inj,Analgesics & Antipyretics,2026-06-30,166,4.21
15,Ketorolac 10mg Inj,Analgesics & Antipyretics,2026-07-01,162,4.21
15,Ketorolac 10mg Inj,Analgesics & Antipyretics,2026-07-02,143,4.21
15,Ketorolac 10mg Inj,Analgesics & Antipyretics,2026-07-03,169,4.21
15,Ketorolac 10mg Inj,Analgesics & Antipyretics,2026-07-04,42,4.21
15,Ketorolac 10mg Inj,Analgesics & Antipyretics,2026-07-05,70,4.21
15,Ketorolac 10mg Inj,Analgesics & Antipyretics,2026-07-06,107,4.21
15,Ketorolac 10mg Inj,Analgesics & Antipyretics,2026-07-07,143,4.21
15,Ketorolac 10mg Inj,Analgesics & Antipyretics,2026-07-08,99,4.21
15,Ketorolac 10mg Inj,Analgesics & Antipyretics,2026-07-09,144,4.21
15,Ketorolac 10mg Inj,Analgesics & Antipyretics,2026-07-10,159,4.21
15,Ketorolac 10mg Inj,Analgesics & Antipyretics,2026-07-11,100,4.21
15,Ketorolac 10mg Inj,Analgesics & Antipyretics,2026-07-12,90,4.21
15,Ketorolac 10mg Inj,Analgesics & Antipyretics,2026-07-13,100,4.21
15,Ketorolac 10mg Inj,Analgesics & Antipyretics,2026-07-14,104,4.21
15,Ketorolac 10mg Inj,Analgesics & Antipyretics,2026-07-15,156,4.21
15,Ketorolac 10mg Inj,Analgesics & Antipyretics,2026-07-16,144,4.21
15,Ketorolac 10mg Inj,Analgesics & Antipyretics,2026-07-17,124,4.21
15,Ketorolac 10mg Inj,Analgesics & Antipyretics,2026-07-18,73,4.21
15,Ketorolac 10mg Inj,Analgesics & Antipyretics,2026-07-19,33,4.21
15,Ketorolac 10mg Inj,Analgesics & Antipyretics,2026-07-20,98,4.21
15,Ketorolac 10mg Inj,Analgesics & Antipyretics,2026-07-21,172,4.21
15,Ketorolac 10mg Inj,Analgesics & Antipyretics,2026-07-22,93,4.21
15,Ketorolac 10mg Inj,Analgesics & Antipyretics,2026-07-23,129,4.21
15,Ketorolac 10mg Inj,Analgesics & Antipyretics,2026-07-24,150,4.21
15,Ketorolac 10mg Inj,Analgesics & Antipyretics,2026-07-25,52,4.21
15,Ketorolac 10mg Inj,Analgesics & Antipyretics,2026-07-26,88,4.21
15,Ketorolac 10mg Inj,Analgesics & Antipyretics,2026-07-27,148,4.21
15,Ketorolac 10mg Inj,Analgesics & Antipyretics,2026-07-28,125,4.21
15,Ketorolac 10mg Inj,Analgesics & Antipyretics,2026-07-29,196,4.21
15,Ketorolac 10mg Inj,Analgesics & Antipyretics,2026-07-30,84,4.21
15,Ketorolac 10mg Inj,Analgesics & Antipyretics,2026-07-31,151,4.21
15,Ketorolac 10mg Inj,Analgesics & Antipyretics,2026-08-01,79,4.21
15,Ketorolac 10mg Inj,Analgesics & Antipyretics,2026-08-02,102,4.21
15,Ketorolac 10mg Inj,Analgesics & Antipyretics,2026-08-03,136,4.21
15,Ketorolac 10mg Inj,Analgesics & Antipyretics,2026-08-04,107,4.21
15,Ketorolac 10mg Inj,Analgesics & Antipyretics,2026-08-05,130,4.21
15,Ketorolac 10mg Inj,Analgesics & Antipyretics,2026-08-06,79,4.21
15,Ketorolac 10mg Inj,Analgesics & Antipyretics,2026-08-07,140,4.21
15,Ketorolac 10mg Inj,Analgesics & Antipyretics,2026-08-08,90,4.21
15,Ketorolac 10mg Inj,Analgesics & Antipyretics,2026-08-09,99,4.21
15,Ketorolac 10mg Inj,Analgesics & Antipyretics,2026-08-10,151,4.21
15,Ketorolac 10mg Inj,Analgesics & Antipyretics,2026-08-11,134,4.21
15,Ketorolac 10mg Inj,Analgesics & Antipyretics,2026-08-12,128,4.21
15,Ketorolac 10mg Inj,Analgesics & Antipyretics,2026-08-13,103,4.21
15,Ketorolac 10mg Inj,Analgesics & Antipyretics,2026-08-14,107,4.21
15,Ketorolac 10mg Inj,Analgesics & Antipyretics,2026-08-15,112,4.21
15,Ketorolac 10mg Inj,Analgesics & Antipyretics,2026-08-16,118,4.21
15,Ketorolac 10mg Inj,Analgesics & Antipyretics,2026-08-17,119,4.21
15,Ketorolac 10mg Inj,Analgesics & Antipyretics,2026-08-18,126,4.21
15,Ketorolac 10mg Inj,Analgesics & Antipyretics,2026-08-19,102,4.21
15,Ketorolac 10mg Inj,Analgesics & Antipyretics,2026-08-20,154,4.21
15,Ketorolac 10mg Inj,Analgesics & Antipyretics,2026-08-21,141,4.21
15,Ketorolac 10mg Inj,Analgesics & Antipyretics,2026-08-22,131,4.21
15,Ketorolac 10mg Inj,Analgesics & Antipyretics,2026-08-23,61,4.21
15,Ketorolac 10mg Inj,Analgesics & Antipyretics,2026-08-24,115,4.21
15,Ketorolac 10mg Inj,Analgesics & Antipyretics,2026-08-25,131,4.21
15,Ketorolac 10mg Inj,Analgesics & Antipyretics,2026-08-26,141,4.21
15,Ketorolac 10mg Inj,Analgesics & Antipyretics,2026-08-27,119,4.21
15,Ketorolac 10mg Inj,Analgesics & Antipyretics,2026-08-28,103,4.21
15,Ketorolac 10mg Inj,Analgesics & Antipyretics,2026-08-29,105,4.21
15,Ketorolac 10mg Inj,Analgesics & Antipyretics,2026-08-30,101,4.21
15,Ketorolac 10mg Inj,Analgesics & Antipyretics,2026-08-31,102,4.21
15,Ketorolac 10mg Inj,Analgesics & Antipyretics,2026-09-01,126,4.21
15,Ketorolac 10mg Inj,Analgesics & Antipyretics,2026-09-02,121,4.21
15,Ketorolac 10mg Inj,Analgesics & Antipyretics,2026-09-03,96,4.21
15,Ketorolac 10mg Inj,Analgesics & Antipyretics,2026-09-04,94,4.21
15,Ketorolac 10mg Inj,Analgesics & Antipyretics,2026-09-05,75,4.21
15,Ketorolac 10mg Inj,Analgesics & Antipyretics,2026-09-06,40,4.21
15,Ketorolac 10mg Inj,Analgesics & Antipyretics,2026-09-07,93,4.21
15,Ketorolac 10mg Inj,Analgesics & Antipyretics,2026-09-08,39,4.21
15,Ketorolac 10mg Inj,Analgesics & Antipyretics,2026-09-09,114,4.21
15,Ketorolac 10mg Inj,Analgesics & Antipyretics,2026-09-10,54,4.21
15,Ketorolac 10mg Inj,Analgesics & Antipyretics,2026-09-11,129,4.21
15,Ketorolac 10mg Inj,Analgesics & Antipyretics,2026-09-12,53,4.21
15,Ketorolac 10mg Inj,Analgesics & Antipyretics,2026-09-13,56,4.21
15,Ketorolac 10mg Inj,Analgesics & Antipyretics,2026-09-14,77,4.21
15,Ketorolac 10mg Inj,Analgesics & Antipyretics,2026-09-15,85,4.21
15,Ketorolac 10mg Inj,Analgesics & Antipyretics,2026-09-16,127,4.21
15,Ketorolac 10mg Inj,Analgesics & Antipyretics,2026-09-17,31,4.21
15,Ketorolac 10mg Inj,Analgesics & Antipyretics,2026-09-18,124,4.21
15,Ketorolac 10mg Inj,Analgesics & Antipyretics,2026-09-19,70,4.21
15,Ketorolac 10mg Inj,Analgesics & Antipyretics,2026-09-20,32,4.21
15,Ketorolac 10mg Inj,Analgesics & Antipyretics,2026-09-21,66,4.21
15,Ketorolac 10mg Inj,Analgesics & Antipyretics,2026-09-22,134,4.21
15,Ketorolac 10mg Inj,Analgesics & Antipyretics,2026-09-23,69,4.21
15,Ketorolac 10mg Inj,Analgesics & Antipyretics,2026-09-24,64,4.21
15,Ketorolac 10mg Inj,Analgesics & Antipyretics,2026-09-25,120,4.21
16,Atorvastatin 20mg,Cardiovascular,2026-02-18,77,56.9
16,Atorvastatin 20mg,Cardiovascular,2026-02-19,63,56.9
16,Atorvastatin 20mg,Cardiovascular,2026-02-20,75,56.9
16,Atorvastatin 20mg,Cardiovascular,2026-02-21,38,56.9
16,Atorvastatin 20mg,Cardiovascular,2026-02-22,60,56.9
16,Atorvastatin 20mg,Cardiovascular,2026-02-23,84,56.9
16,Atorvastatin 20mg,Cardiovascular,2026-02-24,79,56.9
16,Atorvastatin 20mg,Cardiovascular,2026-02-25,77,56.9
16,Atorvastatin 20mg,Cardiovascular,2026-02-26,91,56.9
16,Atorvastatin 20mg,Cardiovascular,2026-02-27,73,56.9
16,Atorvastatin 20mg,Cardiovascular,2026-02-28,36,56.9
16,Atorvastatin 20mg,Cardiovascular,2026-03-01,41,56.9
16,Atorvastatin 20mg,Cardiovascular,2026-03-02,76,56.9
16,Atorvastatin 20mg,Cardiovascular,2026-03-03,43,56.9
16,Atorvastatin 20mg,Cardiovascular,2026-03-04,50,56.9
16,Atorvastatin 20mg,Cardiovascular,2026-03-05,58,56.9
16,Atorvastatin 20mg,Cardiovascular,2026-03-06,53,56.9
16,Atorvastatin 20mg,Cardiovascular,2026-03-07,26,56.9
16,Atorvastatin 20mg,Cardiovascular,2026-03-08,48,56.9
16,Atorvastatin 20mg,Cardiovascular,2026-03-09,78,56.9
16,Atorvastatin 20mg,Cardiovascular,2026-03-10,56,56.9
16,Atorvastatin 20mg,Cardiovascular,2026-03-11,45,56.9
16,Atorvastatin 20mg,Cardiovascular,2026-03-12,38,56.9
16,Atorvastatin 20mg,Cardiovascular,2026-03-13,57,56.9
16,Atorvastatin 20mg,Cardiovascular,2026-03-14,47,56.9
16,Atorvastatin 20mg,Cardiovascular,2026-03-15,41,56.9
16,Atorvastatin 20mg,Cardiovascular,2026-03-16,54,56.9
16,Atorvastatin 20mg,Cardiovascular,2026-03-17,48,56.9
16,Atorvastatin 20mg,Cardiovascular,2026-03-18,43,56.9
16,Atorvastatin 20mg,Cardiovascular,2026-03-19,63,56.9
16,Atorvastatin 20mg,Cardiovascular,2026-03-20,64,56.9
16,Atorvastatin 20mg,Cardiovascular,2026-03-21,20,56.9
16,Atorvastatin 20mg,Cardiovascular,2026-03-22,52,56.9
16,Atorvastatin 20mg,Cardiovascular,2026-03-23,60,56.9
16,Atorvastatin 20mg,Cardiovascular,2026-03-24,69,56.9
16,Atorvastatin 20mg,Cardiovascular,2026-03-25,40,56.9
16,Atorvastatin 20mg,Cardiovascular,2026-03-26,40,56.9
16,Atorvastatin 20mg,Cardiovascular,2026-03-27,52,56.9
16,Atorvastatin 20mg,Cardiovascular,2026-03-28,41,56.9
16,Atorvastatin 20mg,Cardiovascular,2026-03-29,55,56.9
16,Atorvastatin 20mg,Cardiovascular,2026-03-30,61,56.9
16,Atorvastatin 20mg,Cardiovascular,2026-03-31,51,56.9
16,Atorvastatin 20mg,Cardiovascular,2026-04-01,43,56.9
16,Atorvastatin 20mg,Cardiovascular,2026-04-02,67,56.9
16,Atorvastatin 20mg,Cardiovascular,2026-04-03,44,56.9
16,Atorvastatin 20mg,Cardiovascular,2026-04-04,53,56.9
16,Atorvastatin 20mg,Cardiovascular,2026-04-05,33,56.9
16,Atorvastatin 20mg,Cardiovascular,2026-04-06,71,56.9
16,Atorvastatin 20mg,Cardiovascular,2026-04-07,61,56.9
16,Atorvastatin 20mg,Cardiovascular,2026-04-08,53,56.9
16,Atorvastatin 20mg,Cardiovascular,2026-04-09,49,56.9
16,Atorvastatin 20mg,Cardiovascular,2026-04-10,50,56.9
16,Atorvastatin 20mg,Cardiovascular,2026-04-11,40,56.9
16,Atorvastatin 20mg,Cardiovascular,2026-04-12,37,56.9
16,Atorvastatin 20mg,Cardiovascular,2026-04-13,48,56.9
16,Atorvastatin 20mg,Cardiovascular,2026-04-14,52,56.9
16,Atorvastatin 20mg,Cardiovascular,2026-04-15,55,56.9
16,Atorvastatin 20mg,Cardiovascular,2026-04-16,32,56.9
16,Atorvastatin 20mg,Cardiovascular,2026-04-17,59,56.9
16,Atorvastatin 20mg,Cardiovascular,2026-04-18,26,56.9
16,Atorvastatin 20mg,Cardiovascular,2026-04-19,24,56.9
16,Atorvastatin 20mg,Cardiovascular,2026-04-20,36,56.9
16,Atorvastatin 20mg,Cardiovascular,2026-04-21,35,56.9
16,Atorvastatin 20mg,Cardiovascular,2026-04-22,40,56.9
16,Atorvastatin 20mg,Cardiovascular,2026-04-23,47,56.9
16,Atorvastatin 20mg,Cardiovascular,2026-04-24,74,56.9
16,Atorvastatin 20mg,Cardiovascular,2026-04-25,30,56.9
16,Atorvastatin 20mg,Cardiovascular,2026-04-26,38,56.9
16,Atorvastatin 20mg,Cardiovascular,2026-04-27,58,56.9
16,Atorvastatin 20mg,Cardiovascular,2026-04-28,55,56.9
16,Atorvastatin 20mg,Cardiovascular,2026-04-29,53,56.9
16,Atorvastatin 20mg,Cardiovascular,2026-04-30,42,56.9
16,Atorvastatin 20mg,Cardiovascular,2026-05-01,69,56.9
16,Atorvastatin 20mg,Cardiovascular,2026-05-02,55,56.9
16,Atorvastatin 20mg,Cardiovascular,2026-05-03,18,56.9
16,Atorvastatin 20mg,Cardiovascular,2026-05-04,43,56.9
16,Atorvastatin 20mg,Cardiovascular,2026-05-05,51,56.9
16,Atorvastatin 20mg,Cardiovascular,2026-05-06,44,56.9
16,Atorvastatin 20mg,Cardiovascular,2026-05-07,59,56.9
16,Atorvastatin 20mg,Cardiovascular,2026-05-08,46,56.9
16,Atorvastatin 20mg,Cardiovascular,2026-05-09,58,56.9
16,Atorvastatin 20mg,Cardiovascular,2026-05-10,48,56.9
16,Atorvastatin 20mg,Cardiovascular,2026-05-11,56,56.9
16,Atorvastatin 20mg,Cardiovascular,2026-05-12,65,56.9
16,Atorvastatin 20mg,Cardiovascular,2026-05-13,66,56.9
16,Atorvastatin 20mg,Cardiovascular,2026-05-14,48,56.9
16,Atorvastatin 20mg,Cardiovascular,2026-05-15,45,56.9
16,Atorvastatin 20mg,Cardiovascular,2026-05-16,37,56.9
16,Atorvastatin 20mg,Cardiovascular,2026-05-17,45,56.9
16,Atorvastatin 20mg,Cardiovascular,2026-05-18,55,56.9
16,Atorvastatin 20mg,Cardiovascular,2026-05-19,38,56.9
16,Atorvastatin 20mg,Cardiovascular,2026-05-20,46,56.9
16,Atorvastatin 20mg,Cardiovascular,2026-05-21,53,56.9
16,Atorvastatin 20mg,Cardiovascular,2026-05-22,53,56.9
16,Atorvastatin 20mg,Cardiovascular,2026-05-23,56,56.9
16,Atorvastatin 20mg,Cardiovascular,2026-05-24,21,56.9
16,Atorvastatin 20mg,Cardiovascular,2026-05-25,59,56.9
16,Atorvastatin 20mg,Cardiovascular,2026-05-26,70,56.9
16,Atorvastatin 20mg,Cardiovascular,2026-05-27,78,56.9
16,Atorvastatin 20mg,Cardiovascular,2026-05-28,50,56.9
16,Atorvastatin 20mg,Cardiovascular,2026-05-29,59,56.9
16,Atorvastatin 20mg,Cardiovascular,2026-05-30,42,56.9
16,Atorvastatin 20mg,Cardiovascular,2026-05-31,38,56.9
16,Atorvastatin 20mg,Cardiovascular,2026-06-01,53,56.9
16,Atorvastatin 20mg,Cardiovascular,2026-06-02,59,56.9
16,Atorvastatin 20mg,Cardiovascular,2026-06-03,28,56.9
16,Atorvastatin 20mg,Cardiovascular,2026-06-04,61,56.9
16,Atorvastatin 20mg,Cardiovascular,2026-06-05,55,56.9
16,Atorvastatin 20mg,Cardiovascular,2026-06-06,34,56.9
16,Atorvastatin 20mg,Cardiovascular,2026-06-07,57,56.9
16,Atorvastatin 20mg,Cardiovascular,2026-06-08,47,56.9
16,Atorvastatin 20mg,Cardiovascular,2026-06-09,50,56.9
16,Atorvastatin 20mg,Cardiovascular,2026-06-10,75,56.9
16,Atorvastatin 20mg,Cardiovascular,2026-06-11,45,56.9
16,Atorvastatin 20mg,Cardiovascular,2026-06-12,48,56.9
16,Atorvastatin 20mg,Cardiovascular,2026-06-13,34,56.9
16,Atorvastatin 20mg,Cardiovascular,2026-06-14,45,56.9
16,Atorvastatin 20mg,Cardiovascular,2026-06-15,56,56.9
16,Atorvastatin 20mg,Cardiovascular,2026-06-16,41,56.9
16,Atorvastatin 20mg,Cardiovascular,2026-06-17,48,56.9
16,Atorvastatin 20mg,Cardiovascular,2026-06-18,48,56.9
16,Atorvastatin 20mg,Cardiovascular,2026-06-19,53,56.9
16,Atorvastatin 20mg,Cardiovascular,2026-06-20,40,56.9
16,Atorvastatin 20mg,Cardiovascular,2026-06-21,40,56.9
16,Atorvastatin 20mg,Cardiovascular,2026-06-22,35,56.9
16,Atorvastatin 20mg,Cardiovascular,2026-06-23,65,56.9
16,Atorvastatin 20mg,Cardiovascular,2026-06-24,57,56.9
16,Atorvastatin 20mg,Cardiovascular,2026-06-25,68,56.9
16,Atorvastatin 20mg,Cardiovascular,2026-06-26,59,56.9
16,Atorvastatin 20mg,Cardiovascular,2026-06-27,47,56.9
16,Atorvastatin 20mg,Cardiovascular,2026-06-28,41,56.9
16,Atorvastatin 20mg,Cardiovascular,2026-06-29,68,56.9
16,Atorvastatin 20mg,Cardiovascular,2026-06-30,59,56.9
16,Atorvastatin 20mg,Cardiovascular,2026-07-01,53,56.9
16,Atorvastatin 20mg,Cardiovascular,2026-07-02,78,56.9
16,Atorvastatin 20mg,Cardiovascular,2026-07-03,63,56.9
16,Atorvastatin 20mg,Cardiovascular,2026-07-04,42,56.9
16,Atorvastatin 20mg,Cardiovascular,2026-07-05,23,56.9
16,Atorvastatin 20mg,Cardiovascular,2026-07-06,41,56.9
16,Atorvastatin 20mg,Cardiovascular,2026-07-07,57,56.9
16,Atorvastatin 20mg,Cardiovascular,2026-07-08,56,56.9
16,Atorvastatin 20mg,Cardiovascular,2026-07-09,48,56.9
16,Atorvastatin 20mg,Cardiovascular,2026-07-10,55,56.9
16,Atorvastatin 20mg,Cardiovascular,2026-07-11,52,56.9
16,Atorvastatin 20mg,Cardiovascular,2026-07-12,43,56.9
16,Atorvastatin 20mg,Cardiovascular,2026-07-13,42,56.9
16,Atorvastatin 20mg,Cardiovascular,2026-07-14,53,56.9
16,Atorvastatin 20mg,Cardiovascular,2026-07-15,46,56.9
16,Atorvastatin 20mg,Cardiovascular,2026-07-16,50,56.9
16,Atorvastatin 20mg,Cardiovascular,2026-07-17,50,56.9
16,Atorvastatin 20mg,Cardiovascular,2026-07-18,31,56.9
16,Atorvastatin 20mg,Cardiovascular,2026-07-19,23,56.9
16,Atorvastatin 20mg,Cardiovascular,2026-07-20,53,56.9
16,Atorvastatin 20mg,Cardiovascular,2026-07-21,48,56.9
16,Atorvastatin 20mg,Cardiovascular,2026-07-22,23,56.9
16,Atorvastatin 20mg,Cardiovascular,2026-07-23,75,56.9
16,Atorvastatin 20mg,Cardiovascular,2026-07-24,65,56.9
16,Atorvastatin 20mg,Cardiovascular,2026-07-25,32,56.9
16,Atorvastatin 20mg,Cardiovascular,2026-07-26,36,56.9
16,Atorvastatin 20mg,Cardiovascular,2026-07-27,42,56.9
16,Atorvastatin 20mg,Cardiovascular,2026-07-28,72,56.9
16,Atorvastatin 20mg,Cardiovascular,2026-07-29,74,56.9
16,Atorvastatin 20mg,Cardiovascular,2026-07-30,56,56.9
16,Atorvastatin 20mg,Cardiovascular,2026-07-31,65,56.9
16,Atorvastatin 20mg,Cardiovascular,2026-08-01,38,56.9
16,Atorvastatin 20mg,Cardiovascular,2026-08-02,22,56.9
16,Atorvastatin 20mg,Cardiovascular,2026-08-03,50,56.9
16,Atorvastatin 20mg,Cardiovascular,2026-08-04,55,56.9
16,Atorvastatin 20mg,Cardiovascular,2026-08-05,49,56.9
16,Atorvastatin 20mg,Cardiovascular,2026-08-06,52,56.9
16,Atorvastatin 20mg,Cardiovascular,2026-08-07,53,56.9
16,Atorvastatin 20mg,Cardiovascular,2026-08-08,35,56.9
16,Atorvastatin 20mg,Cardiovascular,2026-08-09,36,56.9
16,Atorvastatin 20mg,Cardiovascular,2026-08-10,43,56.9
16,Atorvastatin 20mg,Cardiovascular,2026-08-11,47,56.9
16,Atorvastatin 20mg,Cardiovascular,2026-08-12,41,56.9
16,Atorvastatin 20mg,Cardiovascular,2026-08-13,64,56.9
16,Atorvastatin 20mg,Cardiovascular,2026-08-14,32,56.9
16,Atorvastatin 20mg,Cardiovascular,2026-08-15,48,56.9
16,Atorvastatin 20mg,Cardiovascular,2026-08-16,50,56.9
16,Atorvastatin 20mg,Cardiovascular,2026-08-17,51,56.9
16,Atorvastatin 20mg,Cardiovascular,2026-08-18,27,56.9
16,Atorvastatin 20mg,Cardiovascular,2026-08-19,50,56.9
16,Atorvastatin 20mg,Cardiovascular,2026-08-20,53,56.9
16,Atorvastatin 20mg,Cardiovascular,2026-08-21,43,56.9
16,Atorvastatin 20mg,Cardiovascular,2026-08-22,30,56.9
16,Atorvastatin 20mg,Cardiovascular,2026-08-23,52,56.9
16,Atorvastatin 20mg,Cardiovascular,2026-08-24,61,56.9
16,Atorvastatin 20mg,Cardiovascular,2026-08-25,44,56.9
16,Atorvastatin 20mg,Cardiovascular,2026-08-26,37,56.9
16,Atorvastatin 20mg,Cardiovascular,2026-08-27,51,56.9
16,Atorvastatin 20mg,Cardiovascular,2026-08-28,52,56.9
16,Atorvastatin 20mg,Cardiovascular,2026-08-29,41,56.9
16,Atorvastatin 20mg,Cardiovascular,2026-08-30,30,56.9
16,Atorvastatin 20mg,Cardiovascular,2026-08-31,59,56.9
16,Atorvastatin 20mg,Cardiovascular,2026-09-01,74,56.9
16,Atorvastatin 20mg,Cardiovascular,2026-09-02,63,56.9
16,Atorvastatin 20mg,Cardiovascular,2026-09-03,53,56.9
16,Atorvastatin 20mg,Cardiovascular,2026-09-04,52,56.9
16,Atorvastatin 20mg,Cardiovascular,2026-09-05,32,56.9
16,Atorvastatin 20mg,Cardiovascular,2026-09-06,48,56.9
16,Atorvastatin 20mg,Cardiovascular,2026-09-07,47,56.9
16,Atorvastatin 20mg,Cardiovascular,2026-09-08,54,56.9
16,Atorvastatin 20mg,Cardiovascular,2026-09-09,55,56.9
16,Atorvastatin 20mg,Cardiovascular,2026-09-10,49,56.9
16,Atorvastatin 20mg,Cardiovascular,2026-09-11,40,56.9
16,Atorvastatin 20mg,Cardiovascular,2026-09-12,39,56.9
16,Atorvastatin 20mg,Cardiovascular,2026-09-13,35,56.9
16,Atorvastatin 20mg,Cardiovascular,2026-09-14,59,56.9
16,Atorvastatin 20mg,Cardiovascular,2026-09-15,48,56.9
16,Atorvastatin 20mg,Cardiovascular,2026-09-16,67,56.9
16,Atorvastatin 20mg,Cardiovascular,2026-09-17,45,56.9
16,Atorvastatin 20mg,Cardiovascular,2026-09-18,72,56.9
16,Atorvastatin 20mg,Cardiovascular,2026-09-19,18,56.9
16,Atorvastatin 20mg,Cardiovascular,2026-09-20,40,56.9
16,Atorvastatin 20mg,Cardiovascular,2026-09-21,59,56.9
16,Atorvastatin 20mg,Cardiovascular,2026-09-22,46,56.9
16,Atorvastatin 20mg,Cardiovascular,2026-09-23,58,56.9
16,Atorvastatin 20mg,Cardiovascular,2026-09-24,67,56.9
16,Atorvastatin 20mg,Cardiovascular,2026-09-25,31,56.9
17,Amlodipine 5mg,Cardiovascular,2026-02-18,91,22.44
17,Amlodipine 5mg,Cardiovascular,2026-02-19,44,22.44
17,Amlodipine 5mg,Cardiovascular,2026-02-20,68,22.44
17,Amlodipine 5mg,Cardiovascular,2026-02-21,81,22.44
17,Amlodipine 5mg,Cardiovascular,2026-02-22,46,22.44
17,Amlodipine 5mg,Cardiovascular,2026-02-23,65,22.44
17,Amlodipine 5mg,Cardiovascular,2026-02-24,80,22.44
17,Amlodipine 5mg,Cardiovascular,2026-02-25,115,22.44
17,Amlodipine 5mg,Cardiovascular,2026-02-26,55,22.44
17,Amlodipine 5mg,Cardiovascular,2026-02-27,67,22.44
17,Amlodipine 5mg,Cardiovascular,2026-02-28,79,22.44
17,Amlodipine 5mg,Cardiovascular,2026-03-01,70,22.44
17,Amlodipine 5mg,Cardiovascular,2026-03-02,60,22.44
17,Amlodipine 5mg,Cardiovascular,2026-03-03,42,22.44
17,Amlodipine 5mg,Cardiovascular,2026-03-04,94,22.44
17,Amlodipine 5mg,Cardiovascular,2026-03-05,86,22.44
17,Amlodipine 5mg,Cardiovascular,2026-03-06,72,22.44
17,Amlodipine 5mg,Cardiovascular,2026-03-07,28,22.44
17,Amlodipine 5mg,Cardiovascular,2026-03-08,40,22.44
17,Amlodipine 5mg,Cardiovascular,2026-03-09,59,22.44
17,Amlodipine 5mg,Cardiovascular,2026-03-10,67,22.44
17,Amlodipine 5mg,Cardiovascular,2026-03-11,84,22.44
17,Amlodipine 5mg,Cardiovascular,2026-03-12,75,22.44
17,Amlodipine 5mg,Cardiovascular,2026-03-13,45,22.44
17,Amlodipine 5mg,Cardiovascular,2026-03-14,62,22.44
17,Amlodipine 5mg,Cardiovascular,2026-03-15,46,22.44
17,Amlodipine 5mg,Cardiovascular,2026-03-16,72,22.44
17,Amlodipine 5mg,Cardiovascular,2026-03-17,84,22.44
17,Amlodipine 5mg,Cardiovascular,2026-03-18,44,22.44
17,Amlodipine 5mg,Cardiovascular,2026-03-19,61,22.44
17,Amlodipine 5mg,Cardiovascular,2026-03-20,53,22.44
17,Amlodipine 5mg,Cardiovascular,2026-03-21,16,22.44
17,Amlodipine 5mg,Cardiovascular,2026-03-22,46,22.44
17,Amlodipine 5mg,Cardiovascular,2026-03-23,101,22.44
17,Amlodipine 5mg,Cardiovascular,2026-03-24,33,22.44
17,Amlodipine 5mg,Cardiovascular,2026-03-25,61,22.44
17,Amlodipine 5mg,Cardiovascular,2026-03-26,71,22.44
17,Amlodipine 5mg,Cardiovascular,2026-03-27,63,22.44
17,Amlodipine 5mg,Cardiovascular,2026-03-28,39,22.44
17,Amlodipine 5mg,Cardiovascular,2026-03-29,21,22.44
17,Amlodipine 5mg,Cardiovascular,2026-03-30,65,22.44
17,Amlodipine 5mg,Cardiovascular,2026-03-31,50,22.44
17,Amlodipine 5mg,Cardiovascular,2026-04-01,27,22.44
17,Amlodipine 5mg,Cardiovascular,2026-04-02,80,22.44
17,Amlodipine 5mg,Cardiovascular,2026-04-03,76,22.44
17,Amlodipine 5mg,Cardiovascular,2026-04-04,42,22.44
17,Amlodipine 5mg,Cardiovascular,2026-04-05,44,22.44
17,Amlodipine 5mg,Cardiovascular,2026-04-06,78,22.44
17,Amlodipine 5mg,Cardiovascular,2026-04-07,65,22.44
17,Amlodipine 5mg,Cardiovascular,2026-04-08,76,22.44
17,Amlodipine 5mg,Cardiovascular,2026-04-09,57,22.44
17,Amlodipine 5mg,Cardiovascular,2026-04-10,82,22.44
17,Amlodipine 5mg,Cardiovascular,2026-04-11,46,22.44
17,Amlodipine 5mg,Cardiovascular,2026-04-12,44,22.44
17,Amlodipine 5mg,Cardiovascular,2026-04-13,42,22.44
17,Amlodipine 5mg,Cardiovascular,2026-04-14,66,22.44
17,Amlodipine 5mg,Cardiovascular,2026-04-15,48,22.44
17,Amlodipine 5mg,Cardiovascular,2026-04-16,52,22.44
17,Amlodipine 5mg,Cardiovascular,2026-04-17,49,22.44
17,Amlodipine 5mg,Cardiovascular,2026-04-18,24,22.44
17,Amlodipine 5mg,Cardiovascular,2026-04-19,74,22.44
17,Amlodipine 5mg,Cardiovascular,2026-04-20,82,22.44
17,Amlodipine 5mg,Cardiovascular,2026-04-21,91,22.44
17,Amlodipine 5mg,Cardiovascular,2026-04-22,42,22.44
17,Amlodipine 5mg,Cardiovascular,2026-04-23,63,22.44
17,Amlodipine 5mg,Cardiovascular,2026-04-24,41,22.44
17,Amlodipine 5mg,Cardiovascular,2026-04-25,30,22.44
17,Amlodipine 5mg,Cardiovascular,2026-04-26,26,22.44
17,Amlodipine 5mg,Cardiovascular,2026-04-27,81,22.44
17,Amlodipine 5mg,Cardiovascular,2026-04-28,55,22.44
17,Amlodipine 5mg,Cardiovascular,2026-04-29,78,22.44
17,Amlodipine 5mg,Cardiovascular,2026-04-30,71,22.44
17,Amlodipine 5mg,Cardiovascular,2026-05-01,97,22.44
17,Amlodipine 5mg,Cardiovascular,2026-05-02,18,22.44
17,Amlodipine 5mg,Cardiovascular,2026-05-03,60,22.44
17,Amlodipine 5mg,Cardiovascular,2026-05-04,79,22.44
17,Amlodipine 5mg,Cardiovascular,2026-05-05,46,22.44
17,Amlodipine 5mg,Cardiovascular,2026-05-06,77,22.44
17,Amlodipine 5mg,Cardiovascular,2026-05-07,67,22.44
17,Amlodipine 5mg,Cardiovascular,2026-05-08,58,22.44
17,Amlodipine 5mg,Cardiovascular,2026-05-09,28,22.44
17,Amlodipine 5mg,Cardiovascular,2026-05-10,30,22.44
17,Amlodipine 5mg,Cardiovascular,2026-05-11,93,22.44
17,Amlodipine 5mg,Cardiovascular,2026-05-12,61,22.44
17,Amlodipine 5mg,Cardiovascular,2026-05-13,74,22.44
17,Amlodipine 5mg,Cardiovascular,2026-05-14,49,22.44
17,Amlodipine 5mg,Cardiovascular,2026-05-15,49,22.44
17,Amlodipine 5mg,Cardiovascular,2026-05-16,58,22.44
17,Amlodipine 5mg,Cardiovascular,2026-05-17,20,22.44
17,Amlodipine 5mg,Cardiovascular,2026-05-18,55,22.44
17,Amlodipine 5mg,Cardiovascular,2026-05-19,62,22.44
17,Amlodipine 5mg,Cardiovascular,2026-05-20,63,22.44
17,Amlodipine 5mg,Cardiovascular,2026-05-21,59,22.44
17,Amlodipine 5mg,Cardiovascular,2026-05-22,68,22.44
17,Amlodipine 5mg,Cardiovascular,2026-05-23,52,22.44
17,Amlodipine 5mg,Cardiovascular,2026-05-24,52,22.44
17,Amlodipine 5mg,Cardiovascular,2026-05-25,46,22.44
17,Amlodipine 5mg,Cardiovascular,2026-05-26,57,22.44
17,Amlodipine 5mg,Cardiovascular,2026-05-27,80,22.44
17,Amlodipine 5mg,Cardiovascular,2026-05-28,75,22.44
17,Amlodipine 5mg,Cardiovascular,2026-05-29,40,22.44
17,Amlodipine 5mg,Cardiovascular,2026-05-30,46,22.44
17,Amlodipine 5mg,Cardiovascular,2026-05-31,10,22.44
17,Amlodipine 5mg,Cardiovascular,2026-06-01,62,22.44
17,Amlodipine 5mg,Cardiovascular,2026-06-02,91,22.44
17,Amlodipine 5mg,Cardiovascular,2026-06-03,47,22.44
17,Amlodipine 5mg,Cardiovascular,2026-06-04,48,22.44
17,Amlodipine 5mg,Cardiovascular,2026-06-05,73,22.44
17,Amlodipine 5mg,Cardiovascular,2026-06-06,17,22.44
17,Amlodipine 5mg,Cardiovascular,2026-06-07,31,22.44
17,Amlodipine 5mg,Cardiovascular,2026-06-08,71,22.44
17,Amlodipine 5mg,Cardiovascular,2026-06-09,52,22.44
17,Amlodipine 5mg,Cardiovascular,2026-06-10,58,22.44
17,Amlodipine 5mg,Cardiovascular,2026-06-11,73,22.44
17,Amlodipine 5mg,Cardiovascular,2026-06-12,68,22.44
17,Amlodipine 5mg,Cardiovascular,2026-06-13,45,22.44
17,Amlodipine 5mg,Cardiovascular,2026-06-14,36,22.44
17,Amlodipine 5mg,Cardiovascular,2026-06-15,67,22.44
17,Amlodipine 5mg,Cardiovascular,2026-06-16,60,22.44
17,Amlodipine 5mg,Cardiovascular,2026-06-17,69,22.44
17,Amlodipine 5mg,Cardiovascular,2026-06-18,54,22.44
17,Amlodipine 5mg,Cardiovascular,2026-06-19,59,22.44
17,Amlodipine 5mg,Cardiovascular,2026-06-20,25,22.44
17,Amlodipine 5mg,Cardiovascular,2026-06-21,40,22.44
17,Amlodipine 5mg,Cardiovascular,2026-06-22,49,22.44
17,Amlodipine 5mg,Cardiovascular,2026-06-23,44,22.44
17,Amlodipine 5mg,Cardiovascular,2026-06-24,66,22.44
17,Amlodipine 5mg,Cardiovascular,2026-06-25,65,22.44
17,Amlodipine 5mg,Cardiovascular,2026-06-26,74,22.44
17,Amlodipine 5mg,Cardiovascular,2026-06-27,34,22.44
17,Amlodipine 5mg,Cardiovascular,2026-06-28,47,22.44
17,Amlodipine 5mg,Cardiovascular,2026-06-29,70,22.44
17,Amlodipine 5mg,Cardiovascular,2026-06-30,68,22.44
17,Amlodipine 5mg,Cardiovascular,2026-07-01,49,22.44
17,Amlodipine 5mg,Cardiovascular,2026-07-02,64,22.44
17,Amlodipine 5mg,Cardiovascular,2026-07-03,67,22.44
17,Amlodipine 5mg,Cardiovascular,2026-07-04,41,22.44
17,Amlodipine 5mg,Cardiovascular,2026-07-05,8,22.44
17,Amlodipine 5mg,Cardiovascular,2026-07-06,64,22.44
17,Amlodipine 5mg,Cardiovascular,2026-07-07,96,22.44
17,Amlodipine 5mg,Cardiovascular,2026-07-08,56,22.44
17,Amlodipine 5mg,Cardiovascular,2026-07-09,50,22.44
17,Amlodipine 5mg,Cardiovascular,2026-07-10,67,22.44
17,Amlodipine 5mg,Cardiovascular,2026-07-11,46,22.44
17,Amlodipine 5mg,Cardiovascular,2026-07-12,59,22.44
17,Amlodipine 5mg,Cardiovascular,2026-07-13,42,22.44
17,Amlodipine 5mg,Cardiovascular,2026-07-14,73,22.44
17,Amlodipine 5mg,Cardiovascular,2026-07-15,71,22.44
17,Amlodipine 5mg,Cardiovascular,2026-07-16,59,22.44
17,Amlodipine 5mg,Cardiovascular,2026-07-17,67,22.44
17,Amlodipine 5mg,Cardiovascular,2026-07-18,57,22.44
17,Amlodipine 5mg,Cardiovascular,2026-07-19,54,22.44
17,Amlodipine 5mg,Cardiovascular,2026-07-20,44,22.44
17,Amlodipine 5mg,Cardiovascular,2026-07-21,74,22.44
17,Amlodipine 5mg,Cardiovascular,2026-07-22,60,22.44
17,Amlodipine 5mg,Cardiovascular,2026-07-23,63,22.44
17,Amlodipine 5mg,Cardiovascular,2026-07-24,63,22.44
17,Amlodipine 5mg,Cardiovascular,2026-07-25,38,22.44
17,Amlodipine 5mg,Cardiovascular,2026-07-26,59,22.44
17,Amlodipine 5mg,Cardiovascular,2026-07-27,60,22.44
17,Amlodipine 5mg,Cardiovascular,2026-07-28,44,22.44
17,Amlodipine 5mg,Cardiovascular,2026-07-29,55,22.44
17,Amlodipine 5mg,Cardiovascular,2026-07-30,64,22.44
17,Amlodipine 5mg,Cardiovascular,2026-07-31,81,22.44
17,Amlodipine 5mg,Cardiovascular,2026-08-01,50,22.44
17,Amlodipine 5mg,Cardiovascular,2026-08-02,28,22.44
17,Amlodipine 5mg,Cardiovascular,2026-08-03,100,22.44
17,Amlodipine 5mg,Cardiovascular,2026-08-04,66,22.44
17,Amlodipine 5mg,Cardiovascular,2026-08-05,81,22.44
17,Amlodipine 5mg,Cardiovascular,2026-08-06,59,22.44
17,Amlodipine 5mg,Cardiovascular,2026-08-07,70,22.44
17,Amlodipine 5mg,Cardiovascular,2026-08-08,54,22.44
17,Amlodipine 5mg,Cardiovascular,2026-08-09,60,22.44
17,Amlodipine 5mg,Cardiovascular,2026-08-10,78,22.44
17,Amlodipine 5mg,Cardiovascular,2026-08-11,75,22.44
17,Amlodipine 5mg,Cardiovascular,2026-08-12,57,22.44
17,Amlodipine 5mg,Cardiovascular,2026-08-13,53,22.44
17,Amlodipine 5mg,Cardiovascular,2026-08-14,67,22.44
17,Amlodipine 5mg,Cardiovascular,2026-08-15,55,22.44
17,Amlodipine 5mg,Cardiovascular,2026-08-16,37,22.44
17,Amlodipine 5mg,Cardiovascular,2026-08-17,78,22.44
17,Amlodipine 5mg,Cardiovascular,2026-08-18,84,22.44
17,Amlodipine 5mg,Cardiovascular,2026-08-19,47,22.44
17,Amlodipine 5mg,Cardiovascular,2026-08-20,48,22.44
17,Amlodipine 5mg,Cardiovascular,2026-08-21,59,22.44
17,Amlodipine 5mg,Cardiovascular,2026-08-22,46,22.44
17,Amlodipine 5mg,Cardiovascular,2026-08-23,33,22.44
17,Amlodipine 5mg,Cardiovascular,2026-08-24,83,22.44
17,Amlodipine 5mg,Cardiovascular,2026-08-25,68,22.44
17,Amlodipine 5mg,Cardiovascular,2026-08-26,62,22.44
17,Amlodipine 5mg,Cardiovascular,2026-08-27,39,22.44
17,Amlodipine 5mg,Cardiovascular,2026-08-28,41,22.44
17,Amlodipine 5mg,Cardiovascular,2026-08-29,45,22.44
17,Amlodipine 5mg,Cardiovascular,2026-08-30,8,22.44
17,Amlodipine 5mg,Cardiovascular,2026-08-31,77,22.44
17,Amlodipine 5mg,Cardiovascular,2026-09-01,59,22.44
17,Amlodipine 5mg,Cardiovascular,2026-09-02,112,22.44
17,Amlodipine 5mg,Cardiovascular,2026-09-03,97,22.44
17,Amlodipine 5mg,Cardiovascular,2026-09-04,59,22.44
17,Amlodipine 5mg,Cardiovascular,2026-09-05,39,22.44
17,Amlodipine 5mg,Cardiovascular,2026-09-06,56,22.44
17,Amlodipine 5mg,Cardiovascular,2026-09-07,88,22.44
17,Amlodipine 5mg,Cardiovascular,2026-09-08,36,22.44
17,Amlodipine 5mg,Cardiovascular,2026-09-09,34,22.44
17,Amlodipine 5mg,Cardiovascular,2026-09-10,52,22.44
17,Amlodipine 5mg,Cardiovascular,2026-09-11,71,22.44
17,Amlodipine 5mg,Cardiovascular,2026-09-12,49,22.44
17,Amlodipine 5mg,Cardiovascular,2026-09-13,57,22.44
17,Amlodipine 5mg,Cardiovascular,2026-09-14,43,22.44
17,Amlodipine 5mg,Cardiovascular,2026-09-15,25,22.44
17,Amlodipine 5mg,Cardiovascular,2026-09-16,75,22.44
17,Amlodipine 5mg,Cardiovascular,2026-09-17,49,22.44
17,Amlodipine 5mg,Cardiovascular,2026-09-18,30,22.44
17,Amlodipine 5mg,Cardiovascular,2026-09-19,43,22.44
17,Amlodipine 5mg,Cardiovascular,2026-09-20,53,22.44
17,Amlodipine 5mg,Cardiovascular,2026-09-21,60,22.44
17,Amlodipine 5mg,Cardiovascular,2026-09-22,54,22.44
17,Amlodipine 5mg,Cardiovascular,2026-09-23,59,22.44
17,Amlodipine 5mg,Cardiovascular,2026-09-24,56,22.44
17,Amlodipine 5mg,Cardiovascular,2026-09-25,40,22.44
18,Losartan Potassium 50mg,Cardiovascular,2026-02-18,40,69.45
18,Losartan Potassium 50mg,Cardiovascular,2026-02-19,48,69.45
18,Losartan Potassium 50mg,Cardiovascular,2026-02-20,47,69.45
18,Losartan Potassium 50mg,Cardiovascular,2026-02-21,31,69.45
18,Losartan Potassium 50mg,Cardiovascular,2026-02-22,23,69.45
18,Losartan Potassium 50mg,Cardiovascular,2026-02-23,44,69.45
18,Losartan Potassium 50mg,Cardiovascular,2026-02-24,30,69.45
18,Losartan Potassium 50mg,Cardiovascular,2026-02-25,46,69.45
18,Losartan Potassium 50mg,Cardiovascular,2026-02-26,54,69.45
18,Losartan Potassium 50mg,Cardiovascular,2026-02-27,35,69.45
18,Losartan Potassium 50mg,Cardiovascular,2026-02-28,26,69.45
18,Losartan Potassium 50mg,Cardiovascular,2026-03-01,24,69.45
18,Losartan Potassium 50mg,Cardiovascular,2026-03-02,41,69.45
18,Losartan Potassium 50mg,Cardiovascular,2026-03-03,30,69.45
18,Losartan Potassium 50mg,Cardiovascular,2026-03-04,29,69.45
18,Losartan Potassium 50mg,Cardiovascular,2026-03-05,20,69.45
18,Losartan Potassium 50mg,Cardiovascular,2026-03-06,34,69.45
18,Losartan Potassium 50mg,Cardiovascular,2026-03-07,35,69.45
18,Losartan Potassium 50mg,Cardiovascular,2026-03-08,24,69.45
18,Losartan Potassium 50mg,Cardiovascular,2026-03-09,33,69.45
18,Losartan Potassium 50mg,Cardiovascular,2026-03-10,35,69.45
18,Losartan Potassium 50mg,Cardiovascular,2026-03-11,33,69.45
18,Losartan Potassium 50mg,Cardiovascular,2026-03-12,28,69.45
18,Losartan Potassium 50mg,Cardiovascular,2026-03-13,38,69.45
18,Losartan Potassium 50mg,Cardiovascular,2026-03-14,23,69.45
18,Losartan Potassium 50mg,Cardiovascular,2026-03-15,22,69.45
18,Losartan Potassium 50mg,Cardiovascular,2026-03-16,27,69.45
18,Losartan Potassium 50mg,Cardiovascular,2026-03-17,42,69.45
18,Losartan Potassium 50mg,Cardiovascular,2026-03-18,37,69.45
18,Losartan Potassium 50mg,Cardiovascular,2026-03-19,29,69.45
18,Losartan Potassium 50mg,Cardiovascular,2026-03-20,40,69.45
18,Losartan Potassium 50mg,Cardiovascular,2026-03-21,19,69.45
18,Losartan Potassium 50mg,Cardiovascular,2026-03-22,17,69.45
18,Losartan Potassium 50mg,Cardiovascular,2026-03-23,28,69.45
18,Losartan Potassium 50mg,Cardiovascular,2026-03-24,21,69.45
18,Losartan Potassium 50mg,Cardiovascular,2026-03-25,36,69.45
18,Losartan Potassium 50mg,Cardiovascular,2026-03-26,21,69.45
18,Losartan Potassium 50mg,Cardiovascular,2026-03-27,25,69.45
18,Losartan Potassium 50mg,Cardiovascular,2026-03-28,8,69.45
18,Losartan Potassium 50mg,Cardiovascular,2026-03-29,21,69.45
18,Losartan Potassium 50mg,Cardiovascular,2026-03-30,32,69.45
18,Losartan Potassium 50mg,Cardiovascular,2026-03-31,31,69.45
18,Losartan Potassium 50mg,Cardiovascular,2026-04-01,26,69.45
18,Losartan Potassium 50mg,Cardiovascular,2026-04-02,25,69.45
18,Losartan Potassium 50mg,Cardiovascular,2026-04-03,36,69.45
18,Losartan Potassium 50mg,Cardiovascular,2026-04-04,18,69.45
18,Losartan Potassium 50mg,Cardiovascular,2026-04-05,24,69.45
18,Losartan Potassium 50mg,Cardiovascular,2026-04-06,27,69.45
18,Losartan Potassium 50mg,Cardiovascular,2026-04-07,34,69.45
18,Losartan Potassium 50mg,Cardiovascular,2026-04-08,42,69.45
18,Losartan Potassium 50mg,Cardiovascular,2026-04-09,37,69.45
18,Losartan Potassium 50mg,Cardiovascular,2026-04-10,30,69.45
18,Losartan Potassium 50mg,Cardiovascular,2026-04-11,24,69.45
18,Losartan Potassium 50mg,Cardiovascular,2026-04-12,20,69.45
18,Losartan Potassium 50mg,Cardiovascular,2026-04-13,33,69.45
18,Losartan Potassium 50mg,Cardiovascular,2026-04-14,31,69.45
18,Losartan Potassium 50mg,Cardiovascular,2026-04-15,32,69.45
18,Losartan Potassium 50mg,Cardiovascular,2026-04-16,34,69.45
18,Losartan Potassium 50mg,Cardiovascular,2026-04-17,27,69.45
18,Losartan Potassium 50mg,Cardiovascular,2026-04-18,15,69.45
18,Losartan Potassium 50mg,Cardiovascular,2026-04-19,13,69.45
18,Losartan Potassium 50mg,Cardiovascular,2026-04-20,23,69.45
18,Losartan Potassium 50mg,Cardiovascular,2026-04-21,25,69.45
18,Losartan Potassium 50mg,Cardiovascular,2026-04-22,34,69.45
18,Losartan Potassium 50mg,Cardiovascular,2026-04-23,27,69.45
18,Losartan Potassium 50mg,Cardiovascular,2026-04-24,36,69.45
18,Losartan Potassium 50mg,Cardiovascular,2026-04-25,22,69.45
18,Losartan Potassium 50mg,Cardiovascular,2026-04-26,9,69.45
18,Losartan Potassium 50mg,Cardiovascular,2026-04-27,37,69.45
18,Losartan Potassium 50mg,Cardiovascular,2026-04-28,38,69.45
18,Losartan Potassium 50mg,Cardiovascular,2026-04-29,27,69.45
18,Losartan Potassium 50mg,Cardiovascular,2026-04-30,36,69.45
18,Losartan Potassium 50mg,Cardiovascular,2026-05-01,27,69.45
18,Losartan Potassium 50mg,Cardiovascular,2026-05-02,23,69.45
18,Losartan Potassium 50mg,Cardiovascular,2026-05-03,14,69.45
18,Losartan Potassium 50mg,Cardiovascular,2026-05-04,21,69.45
18,Losartan Potassium 50mg,Cardiovascular,2026-05-05,31,69.45
18,Losartan Potassium 50mg,Cardiovascular,2026-05-06,32,69.45
18,Losartan Potassium 50mg,Cardiovascular,2026-05-07,30,69.45
18,Losartan Potassium 50mg,Cardiovascular,2026-05-08,25,69.45
18,Losartan Potassium 50mg,Cardiovascular,2026-05-09,19,69.45
18,Losartan Potassium 50mg,Cardiovascular,2026-05-10,24,69.45
18,Losartan Potassium 50mg,Cardiovascular,2026-05-11,33,69.45
18,Losartan Potassium 50mg,Cardiovascular,2026-05-12,34,69.45
18,Losartan Potassium 50mg,Cardiovascular,2026-05-13,29,69.45
18,Losartan Potassium 50mg,Cardiovascular,2026-05-14,41,69.45
18,Losartan Potassium 50mg,Cardiovascular,2026-05-15,25,69.45
18,Losartan Potassium 50mg,Cardiovascular,2026-05-16,25,69.45
18,Losartan Potassium 50mg,Cardiovascular,2026-05-17,30,69.45
18,Losartan Potassium 50mg,Cardiovascular,2026-05-18,36,69.45
18,Losartan Potassium 50mg,Cardiovascular,2026-05-19,32,69.45
18,Losartan Potassium 50mg,Cardiovascular,2026-05-20,30,69.45
18,Losartan Potassium 50mg,Cardiovascular,2026-05-21,40,69.45
18,Losartan Potassium 50mg,Cardiovascular,2026-05-22,24,69.45
18,Losartan Potassium 50mg,Cardiovascular,2026-05-23,15,69.45
18,Losartan Potassium 50mg,Cardiovascular,2026-05-24,19,69.45
18,Losartan Potassium 50mg,Cardiovascular,2026-05-25,41,69.45
18,Losartan Potassium 50mg,Cardiovascular,2026-05-26,36,69.45
18,Losartan Potassium 50mg,Cardiovascular,2026-05-27,27,69.45
18,Losartan Potassium 50mg,Cardiovascular,2026-05-28,31,69.45
18,Losartan Potassium 50mg,Cardiovascular,2026-05-29,29,69.45
18,Losartan Potassium 50mg,Cardiovascular,2026-05-30,17,69.45
18,Losartan Potassium 50mg,Cardiovascular,2026-05-31,28,69.45
18,Losartan Potassium 50mg,Cardiovascular,2026-06-01,24,69.45
18,Losartan Potassium 50mg,Cardiovascular,2026-06-02,44,69.45
18,Losartan Potassium 50mg,Cardiovascular,2026-06-03,39,69.45
18,Losartan Potassium 50mg,Cardiovascular,2026-06-04,40,69.45
18,Losartan Potassium 50mg,Cardiovascular,2026-06-05,30,69.45
18,Losartan Potassium 50mg,Cardiovascular,2026-06-06,21,69.45
18,Losartan Potassium 50mg,Cardiovascular,2026-06-07,12,69.45
18,Losartan Potassium 50mg,Cardiovascular,2026-06-08,30,69.45
18,Losartan Potassium 50mg,Cardiovascular,2026-06-09,36,69.45
18,Losartan Potassium 50mg,Cardiovascular,2026-06-10,42,69.45
18,Losartan Potassium 50mg,Cardiovascular,2026-06-11,26,69.45
18,Losartan Potassium 50mg,Cardiovascular,2026-06-12,31,69.45
18,Losartan Potassium 50mg,Cardiovascular,2026-06-13,21,69.45
18,Losartan Potassium 50mg,Cardiovascular,2026-06-14,13,69.45
18,Losartan Potassium 50mg,Cardiovascular,2026-06-15,37,69.45
18,Losartan Potassium 50mg,Cardiovascular,2026-06-16,28,69.45
18,Losartan Potassium 50mg,Cardiovascular,2026-06-17,32,69.45
18,Losartan Potassium 50mg,Cardiovascular,2026-06-18,30,69.45
18,Losartan Potassium 50mg,Cardiovascular,2026-06-19,28,69.45
18,Losartan Potassium 50mg,Cardiovascular,2026-06-20,22,69.45
18,Losartan Potassium 50mg,Cardiovascular,2026-06-21,20,69.45
18,Losartan Potassium 50mg,Cardiovascular,2026-06-22,31,69.45
18,Losartan Potassium 50mg,Cardiovascular,2026-06-23,28,69.45
18,Losartan Potassium 50mg,Cardiovascular,2026-06-24,35,69.45
18,Losartan Potassium 50mg,Cardiovascular,2026-06-25,44,69.45
18,Losartan Potassium 50mg,Cardiovascular,2026-06-26,34,69.45
18,Losartan Potassium 50mg,Cardiovascular,2026-06-27,28,69.45
18,Losartan Potassium 50mg,Cardiovascular,2026-06-28,13,69.45
18,Losartan Potassium 50mg,Cardiovascular,2026-06-29,34,69.45
18,Losartan Potassium 50mg,Cardiovascular,2026-06-30,26,69.45
18,Losartan Potassium 50mg,Cardiovascular,2026-07-01,23,69.45
18,Losartan Potassium 50mg,Cardiovascular,2026-07-02,28,69.45
18,Losartan Potassium 50mg,Cardiovascular,2026-07-03,41,69.45
18,Losartan Potassium 50mg,Cardiovascular,2026-07-04,28,69.45
18,Losartan Potassium 50mg,Cardiovascular,2026-07-05,23,69.45
18,Losartan Potassium 50mg,Cardiovascular,2026-07-06,23,69.45
18,Losartan Potassium 50mg,Cardiovascular,2026-07-07,32,69.45
18,Losartan Potassium 50mg,Cardiovascular,2026-07-08,35,69.45
18,Losartan Potassium 50mg,Cardiovascular,2026-07-09,34,69.45
18,Losartan Potassium 50mg,Cardiovascular,2026-07-10,21,69.45
18,Losartan Potassium 50mg,Cardiovascular,2026-07-11,16,69.45
18,Losartan Potassium 50mg,Cardiovascular,2026-07-12,21,69.45
18,Losartan Potassium 50mg,Cardiovascular,2026-07-13,37,69.45
18,Losartan Potassium 50mg,Cardiovascular,2026-07-14,19,69.45
18,Losartan Potassium 50mg,Cardiovascular,2026-07-15,32,69.45
18,Losartan Potassium 50mg,Cardiovascular,2026-07-16,34,69.45
18,Losartan Potassium 50mg,Cardiovascular,2026-07-17,39,69.45
18,Losartan Potassium 50mg,Cardiovascular,2026-07-18,26,69.45
18,Losartan Potassium 50mg,Cardiovascular,2026-07-19,26,69.45
18,Losartan Potassium 50mg,Cardiovascular,2026-07-20,28,69.45
18,Losartan Potassium 50mg,Cardiovascular,2026-07-21,20,69.45
18,Losartan Potassium 50mg,Cardiovascular,2026-07-22,30,69.45
18,Losartan Potassium 50mg,Cardiovascular,2026-07-23,40,69.45
18,Losartan Potassium 50mg,Cardiovascular,2026-07-24,42,69.45
18,Losartan Potassium 50mg,Cardiovascular,2026-07-25,27,69.45
18,Losartan Potassium 50mg,Cardiovascular,2026-07-26,25,69.45
18,Losartan Potassium 50mg,Cardiovascular,2026-07-27,36,69.45
18,Losartan Potassium 50mg,Cardiovascular,2026-07-28,29,69.45
18,Losartan Potassium 50mg,Cardiovascular,2026-07-29,32,69.45
18,Losartan Potassium 50mg,Cardiovascular,2026-07-30,44,69.45
18,Losartan Potassium 50mg,Cardiovascular,2026-07-31,27,69.45
18,Losartan Potassium 50mg,Cardiovascular,2026-08-01,33,69.45
18,Losartan Potassium 50mg,Cardiovascular,2026-08-02,20,69.45
18,Losartan Potassium 50mg,Cardiovascular,2026-08-03,42,69.45
18,Losartan Potassium 50mg,Cardiovascular,2026-08-04,24,69.45
18,Losartan Potassium 50mg,Cardiovascular,2026-08-05,37,69.45
18,Losartan Potassium 50mg,Cardiovascular,2026-08-06,28,69.45
18,Losartan Potassium 50mg,Cardiovascular,2026-08-07,24,69.45
18,Losartan Potassium 50mg,Cardiovascular,2026-08-08,23,69.45
18,Losartan Potassium 50mg,Cardiovascular,2026-08-09,29,69.45
18,Losartan Potassium 50mg,Cardiovascular,2026-08-10,27,69.45
18,Losartan Potassium 50mg,Cardiovascular,2026-08-11,23,69.45
18,Losartan Potassium 50mg,Cardiovascular,2026-08-12,32,69.45
18,Losartan Potassium 50mg,Cardiovascular,2026-08-13,32,69.45
18,Losartan Potassium 50mg,Cardiovascular,2026-08-14,37,69.45
18,Losartan Potassium 50mg,Cardiovascular,2026-08-15,28,69.45
18,Losartan Potassium 50mg,Cardiovascular,2026-08-16,21,69.45
18,Losartan Potassium 50mg,Cardiovascular,2026-08-17,45,69.45
18,Losartan Potassium 50mg,Cardiovascular,2026-08-18,35,69.45
18,Losartan Potassium 50mg,Cardiovascular,2026-08-19,31,69.45
18,Losartan Potassium 50mg,Cardiovascular,2026-08-20,22,69.45
18,Losartan Potassium 50mg,Cardiovascular,2026-08-21,31,69.45
18,Losartan Potassium 50mg,Cardiovascular,2026-08-22,20,69.45
18,Losartan Potassium 50mg,Cardiovascular,2026-08-23,28,69.45
18,Losartan Potassium 50mg,Cardiovascular,2026-08-24,36,69.45
18,Losartan Potassium 50mg,Cardiovascular,2026-08-25,25,69.45
18,Losartan Potassium 50mg,Cardiovascular,2026-08-26,34,69.45
18,Losartan Potassium 50mg,Cardiovascular,2026-08-27,37,69.45
18,Losartan Potassium 50mg,Cardiovascular,2026-08-28,43,69.45
18,Losartan Potassium 50mg,Cardiovascular,2026-08-29,28,69.45
18,Losartan Potassium 50mg,Cardiovascular,2026-08-30,27,69.45
18,Losartan Potassium 50mg,Cardiovascular,2026-08-31,33,69.45
18,Losartan Potassium 50mg,Cardiovascular,2026-09-01,36,69.45
18,Losartan Potassium 50mg,Cardiovascular,2026-09-02,41,69.45
18,Losartan Potassium 50mg,Cardiovascular,2026-09-03,24,69.45
18,Losartan Potassium 50mg,Cardiovascular,2026-09-04,31,69.45
18,Losartan Potassium 50mg,Cardiovascular,2026-09-05,17,69.45
18,Losartan Potassium 50mg,Cardiovascular,2026-09-06,24,69.45
18,Losartan Potassium 50mg,Cardiovascular,2026-09-07,41,69.45
18,Losartan Potassium 50mg,Cardiovascular,2026-09-08,29,69.45
18,Losartan Potassium 50mg,Cardiovascular,2026-09-09,17,69.45
18,Losartan Potassium 50mg,Cardiovascular,2026-09-10,30,69.45
18,Losartan Potassium 50mg,Cardiovascular,2026-09-11,39,69.45
18,Losartan Potassium 50mg,Cardiovascular,2026-09-12,25,69.45
18,Losartan Potassium 50mg,Cardiovascular,2026-09-13,25,69.45
18,Losartan Potassium 50mg,Cardiovascular,2026-09-14,31,69.45
18,Losartan Potassium 50mg,Cardiovascular,2026-09-15,25,69.45
18,Losartan Potassium 50mg,Cardiovascular,2026-09-16,36,69.45
18,Losartan Potassium 50mg,Cardiovascular,2026-09-17,28,69.45
18,Losartan Potassium 50mg,Cardiovascular,2026-09-18,47,69.45
18,Losartan Potassium 50mg,Cardiovascular,2026-09-19,26,69.45
18,Losartan Potassium 50mg,Cardiovascular,2026-09-20,18,69.45
18,Losartan Potassium 50mg,Cardiovascular,2026-09-21,29,69.45
18,Losartan Potassium 50mg,Cardiovascular,2026-09-22,32,69.45
18,Losartan Potassium 50mg,Cardiovascular,2026-09-23,31,69.45
18,Losartan Potassium 50mg,Cardiovascular,2026-09-24,40,69.45
18,Losartan Potassium 50mg,Cardiovascular,2026-09-25,34,69.45
19,Metoprolol Tartrate 25mg,Cardiovascular,2026-02-18,54,74.93
19,Metoprolol Tartrate 25mg,Cardiovascular,2026-02-19,72,74.93
19,Metoprolol Tartrate 25mg,Cardiovascular,2026-02-20,60,74.93
19,Metoprolol Tartrate 25mg,Cardiovascular,2026-02-21,45,74.93
19,Metoprolol Tartrate 25mg,Cardiovascular,2026-02-22,35,74.93
19,Metoprolol Tartrate 25mg,Cardiovascular,2026-02-23,62,74.93
19,Metoprolol Tartrate 25mg,Cardiovascular,2026-02-24,61,74.93
19,Metoprolol Tartrate 25mg,Cardiovascular,2026-02-25,46,74.93
19,Metoprolol Tartrate 25mg,Cardiovascular,2026-02-26,73,74.93
19,Metoprolol Tartrate 25mg,Cardiovascular,2026-02-27,68,74.93
19,Metoprolol Tartrate 25mg,Cardiovascular,2026-02-28,36,74.93
19,Metoprolol Tartrate 25mg,Cardiovascular,2026-03-01,21,74.93
19,Metoprolol Tartrate 25mg,Cardiovascular,2026-03-02,46,74.93
19,Metoprolol Tartrate 25mg,Cardiovascular,2026-03-03,44,74.93
19,Metoprolol Tartrate 25mg,Cardiovascular,2026-03-04,46,74.93
19,Metoprolol Tartrate 25mg,Cardiovascular,2026-03-05,45,74.93
19,Metoprolol Tartrate 25mg,Cardiovascular,2026-03-06,47,74.93
19,Metoprolol Tartrate 25mg,Cardiovascular,2026-03-07,39,74.93
19,Metoprolol Tartrate 25mg,Cardiovascular,2026-03-08,33,74.93
19,Metoprolol Tartrate 25mg,Cardiovascular,2026-03-09,36,74.93
19,Metoprolol Tartrate 25mg,Cardiovascular,2026-03-10,53,74.93
19,Metoprolol Tartrate 25mg,Cardiovascular,2026-03-11,55,74.93
19,Metoprolol Tartrate 25mg,Cardiovascular,2026-03-12,66,74.93
19,Metoprolol Tartrate 25mg,Cardiovascular,2026-03-13,36,74.93
19,Metoprolol Tartrate 25mg,Cardiovascular,2026-03-14,31,74.93
19,Metoprolol Tartrate 25mg,Cardiovascular,2026-03-15,14,74.93
19,Metoprolol Tartrate 25mg,Cardiovascular,2026-03-16,48,74.93
19,Metoprolol Tartrate 25mg,Cardiovascular,2026-03-17,40,74.93
19,Metoprolol Tartrate 25mg,Cardiovascular,2026-03-18,57,74.93
19,Metoprolol Tartrate 25mg,Cardiovascular,2026-03-19,38,74.93
19,Metoprolol Tartrate 25mg,Cardiovascular,2026-03-20,32,74.93
19,Metoprolol Tartrate 25mg,Cardiovascular,2026-03-21,26,74.93
19,Metoprolol Tartrate 25mg,Cardiovascular,2026-03-22,15,74.93
19,Metoprolol Tartrate 25mg,Cardiovascular,2026-03-23,49,74.93
19,Metoprolol Tartrate 25mg,Cardiovascular,2026-03-24,29,74.93
19,Metoprolol Tartrate 25mg,Cardiovascular,2026-03-25,44,74.93
19,Metoprolol Tartrate 25mg,Cardiovascular,2026-03-26,29,74.93
19,Metoprolol Tartrate 25mg,Cardiovascular,2026-03-27,41,74.93
19,Metoprolol Tartrate 25mg,Cardiovascular,2026-03-28,41,74.93
19,Metoprolol Tartrate 25mg,Cardiovascular,2026-03-29,32,74.93
19,Metoprolol Tartrate 25mg,Cardiovascular,2026-03-30,38,74.93
19,Metoprolol Tartrate 25mg,Cardiovascular,2026-03-31,43,74.93
19,Metoprolol Tartrate 25mg,Cardiovascular,2026-04-01,44,74.93
19,Metoprolol Tartrate 25mg,Cardiovascular,2026-04-02,47,74.93
19,Metoprolol Tartrate 25mg,Cardiovascular,2026-04-03,34,74.93
19,Metoprolol Tartrate 25mg,Cardiovascular,2026-04-04,33,74.93
19,Metoprolol Tartrate 25mg,Cardiovascular,2026-04-05,10,74.93
19,Metoprolol Tartrate 25mg,Cardiovascular,2026-04-06,39,74.93
19,Metoprolol Tartrate 25mg,Cardiovascular,2026-04-07,40,74.93
19,Metoprolol Tartrate 25mg,Cardiovascular,2026-04-08,48,74.93
19,Metoprolol Tartrate 25mg,Cardiovascular,2026-04-09,44,74.93
19,Metoprolol Tartrate 25mg,Cardiovascular,2026-04-10,34,74.93
19,Metoprolol Tartrate 25mg,Cardiovascular,2026-04-11,22,74.93
19,Metoprolol Tartrate 25mg,Cardiovascular,2026-04-12,30,74.93
19,Metoprolol Tartrate 25mg,Cardiovascular,2026-04-13,43,74.93
19,Metoprolol Tartrate 25mg,Cardiovascular,2026-04-14,40,74.93
19,Metoprolol Tartrate 25mg,Cardiovascular,2026-04-15,40,74.93
19,Metoprolol Tartrate 25mg,Cardiovascular,2026-04-16,49,74.93
19,Metoprolol Tartrate 25mg,Cardiovascular,2026-04-17,40,74.93
19,Metoprolol Tartrate 25mg,Cardiovascular,2026-04-18,28,74.93
19,Metoprolol Tartrate 25mg,Cardiovascular,2026-04-19,44,74.93
19,Metoprolol Tartrate 25mg,Cardiovascular,2026-04-20,34,74.93
19,Metoprolol Tartrate 25mg,Cardiovascular,2026-04-21,31,74.93
19,Metoprolol Tartrate 25mg,Cardiovascular,2026-04-22,49,74.93
19,Metoprolol Tartrate 25mg,Cardiovascular,2026-04-23,39,74.93
19,Metoprolol Tartrate 25mg,Cardiovascular,2026-04-24,41,74.93
19,Metoprolol Tartrate 25mg,Cardiovascular,2026-04-25,23,74.93
19,Metoprolol Tartrate 25mg,Cardiovascular,2026-04-26,27,74.93
19,Metoprolol Tartrate 25mg,Cardiovascular,2026-04-27,55,74.93
19,Metoprolol Tartrate 25mg,Cardiovascular,2026-04-28,49,74.93
19,Metoprolol Tartrate 25mg,Cardiovascular,2026-04-29,50,74.93
19,Metoprolol Tartrate 25mg,Cardiovascular,2026-04-30,34,74.93
19,Metoprolol Tartrate 25mg,Cardiovascular,2026-05-01,36,74.93
19,Metoprolol Tartrate 25mg,Cardiovascular,2026-05-02,9,74.93
19,Metoprolol Tartrate 25mg,Cardiovascular,2026-05-03,23,74.93
19,Metoprolol Tartrate 25mg,Cardiovascular,2026-05-04,50,74.93
19,Metoprolol Tartrate 25mg,Cardiovascular,2026-05-05,47,74.93
19,Metoprolol Tartrate 25mg,Cardiovascular,2026-05-06,42,74.93
19,Metoprolol Tartrate 25mg,Cardiovascular,2026-05-07,44,74.93
19,Metoprolol Tartrate 25mg,Cardiovascular,2026-05-08,39,74.93
19,Metoprolol Tartrate 25mg,Cardiovascular,2026-05-09,30,74.93
19,Metoprolol Tartrate 25mg,Cardiovascular,2026-05-10,34,74.93
19,Metoprolol Tartrate 25mg,Cardiovascular,2026-05-11,32,74.93
19,Metoprolol Tartrate 25mg,Cardiovascular,2026-05-12,46,74.93
19,Metoprolol Tartrate 25mg,Cardiovascular,2026-05-13,50,74.93
19,Metoprolol Tartrate 25mg,Cardiovascular,2026-05-14,41,74.93
19,Metoprolol Tartrate 25mg,Cardiovascular,2026-05-15,49,74.93
19,Metoprolol Tartrate 25mg,Cardiovascular,2026-05-16,49,74.93
19,Metoprolol Tartrate 25mg,Cardiovascular,2026-05-17,28,74.93
19,Metoprolol Tartrate 25mg,Cardiovascular,2026-05-18,46,74.93
19,Metoprolol Tartrate 25mg,Cardiovascular,2026-05-19,39,74.93
19,Metoprolol Tartrate 25mg,Cardiovascular,2026-05-20,45,74.93
19,Metoprolol Tartrate 25mg,Cardiovascular,2026-05-21,47,74.93
19,Metoprolol Tartrate 25mg,Cardiovascular,2026-05-22,45,74.93
19,Metoprolol Tartrate 25mg,Cardiovascular,2026-05-23,22,74.93
19,Metoprolol Tartrate 25mg,Cardiovascular,2026-05-24,30,74.93
19,Metoprolol Tartrate 25mg,Cardiovascular,2026-05-25,54,74.93
19,Metoprolol Tartrate 25mg,Cardiovascular,2026-05-26,47,74.93
19,Metoprolol Tartrate 25mg,Cardiovascular,2026-05-27,50,74.93
19,Metoprolol Tartrate 25mg,Cardiovascular,2026-05-28,42,74.93
19,Metoprolol Tartrate 25mg,Cardiovascular,2026-05-29,49,74.93
19,Metoprolol Tartrate 25mg,Cardiovascular,2026-05-30,31,74.93
19,Metoprolol Tartrate 25mg,Cardiovascular,2026-05-31,22,74.93
19,Metoprolol Tartrate 25mg,Cardiovascular,2026-06-01,46,74.93
19,Metoprolol Tartrate 25mg,Cardiovascular,2026-06-02,37,74.93
19,Metoprolol Tartrate 25mg,Cardiovascular,2026-06-03,39,74.93
19,Metoprolol Tartrate 25mg,Cardiovascular,2026-06-04,45,74.93
19,Metoprolol Tartrate 25mg,Cardiovascular,2026-06-05,46,74.93
19,Metoprolol Tartrate 25mg,Cardiovascular,2026-06-06,21,74.93
19,Metoprolol Tartrate 25mg,Cardiovascular,2026-06-07,36,74.93
19,Metoprolol Tartrate 25mg,Cardiovascular,2026-06-08,48,74.93
19,Metoprolol Tartrate 25mg,Cardiovascular,2026-06-09,39,74.93
19,Metoprolol Tartrate 25mg,Cardiovascular,2026-06-10,33,74.93
19,Metoprolol Tartrate 25mg,Cardiovascular,2026-06-11,43,74.93
19,Metoprolol Tartrate 25mg,Cardiovascular,2026-06-12,41,74.93
19,Metoprolol Tartrate 25mg,Cardiovascular,2026-06-13,30,74.93
19,Metoprolol Tartrate 25mg,Cardiovascular,2026-06-14,26,74.93
19,Metoprolol Tartrate 25mg,Cardiovascular,2026-06-15,30,74.93
19,Metoprolol Tartrate 25mg,Cardiovascular,2026-06-16,41,74.93
19,Metoprolol Tartrate 25mg,Cardiovascular,2026-06-17,42,74.93
19,Metoprolol Tartrate 25mg,Cardiovascular,2026-06-18,48,74.93
19,Metoprolol Tartrate 25mg,Cardiovascular,2026-06-19,39,74.93
19,Metoprolol Tartrate 25mg,Cardiovascular,2026-06-20,41,74.93
19,Metoprolol Tartrate 25mg,Cardiovascular,2026-06-21,16,74.93
19,Metoprolol Tartrate 25mg,Cardiovascular,2026-06-22,53,74.93
19,Metoprolol Tartrate 25mg,Cardiovascular,2026-06-23,42,74.93
19,Metoprolol Tartrate 25mg,Cardiovascular,2026-06-24,50,74.93
19,Metoprolol Tartrate 25mg,Cardiovascular,2026-06-25,44,74.93
19,Metoprolol Tartrate 25mg,Cardiovascular,2026-06-26,52,74.93
19,Metoprolol Tartrate 25mg,Cardiovascular,2026-06-27,26,74.93
19,Metoprolol Tartrate 25mg,Cardiovascular,2026-06-28,21,74.93
19,Metoprolol Tartrate 25mg,Cardiovascular,2026-06-29,54,74.93
19,Metoprolol Tartrate 25mg,Cardiovascular,2026-06-30,43,74.93
19,Metoprolol Tartrate 25mg,Cardiovascular,2026-07-01,45,74.93
19,Metoprolol Tartrate 25mg,Cardiovascular,2026-07-02,52,74.93
19,Metoprolol Tartrate 25mg,Cardiovascular,2026-07-03,36,74.93
19,Metoprolol Tartrate 25mg,Cardiovascular,2026-07-04,33,74.93
19,Metoprolol Tartrate 25mg,Cardiovascular,2026-07-05,25,74.93
19,Metoprolol Tartrate 25mg,Cardiovascular,2026-07-06,43,74.93
19,Metoprolol Tartrate 25mg,Cardiovascular,2026-07-07,44,74.93
19,Metoprolol Tartrate 25mg,Cardiovascular,2026-07-08,33,74.93
19,Metoprolol Tartrate 25mg,Cardiovascular,2026-07-09,38,74.93
19,Metoprolol Tartrate 25mg,Cardiovascular,2026-07-10,53,74.93
19,Metoprolol Tartrate 25mg,Cardiovascular,2026-07-11,35,74.93
19,Metoprolol Tartrate 25mg,Cardiovascular,2026-07-12,29,74.93
19,Metoprolol Tartrate 25mg,Cardiovascular,2026-07-13,45,74.93
19,Metoprolol Tartrate 25mg,Cardiovascular,2026-07-14,42,74.93
19,Metoprolol Tartrate 25mg,Cardiovascular,2026-07-15,53,74.93
19,Metoprolol Tartrate 25mg,Cardiovascular,2026-07-16,42,74.93
19,Metoprolol Tartrate 25mg,Cardiovascular,2026-07-17,45,74.93
19,Metoprolol Tartrate 25mg,Cardiovascular,2026-07-18,37,74.93
19,Metoprolol Tartrate 25mg,Cardiovascular,2026-07-19,24,74.93
19,Metoprolol Tartrate 25mg,Cardiovascular,2026-07-20,55,74.93
19,Metoprolol Tartrate 25mg,Cardiovascular,2026-07-21,33,74.93
19,Metoprolol Tartrate 25mg,Cardiovascular,2026-07-22,55,74.93
19,Metoprolol Tartrate 25mg,Cardiovascular,2026-07-23,41,74.93
19,Metoprolol Tartrate 25mg,Cardiovascular,2026-07-24,42,74.93
19,Metoprolol Tartrate 25mg,Cardiovascular,2026-07-25,16,74.93
19,Metoprolol Tartrate 25mg,Cardiovascular,2026-07-26,26,74.93
19,Metoprolol Tartrate 25mg,Cardiovascular,2026-07-27,36,74.93
19,Metoprolol Tartrate 25mg,Cardiovascular,2026-07-28,39,74.93
19,Metoprolol Tartrate 25mg,Cardiovascular,2026-07-29,43,74.93
19,Metoprolol Tartrate 25mg,Cardiovascular,2026-07-30,50,74.93
19,Metoprolol Tartrate 25mg,Cardiovascular,2026-07-31,45,74.93
19,Metoprolol Tartrate 25mg,Cardiovascular,2026-08-01,31,74.93
19,Metoprolol Tartrate 25mg,Cardiovascular,2026-08-02,21,74.93
19,Metoprolol Tartrate 25mg,Cardiovascular,2026-08-03,38,74.93
19,Metoprolol Tartrate 25mg,Cardiovascular,2026-08-04,56,74.93
19,Metoprolol Tartrate 25mg,Cardiovascular,2026-08-05,39,74.93
19,Metoprolol Tartrate 25mg,Cardiovascular,2026-08-06,55,74.93
19,Metoprolol Tartrate 25mg,Cardiovascular,2026-08-07,42,74.93
19,Metoprolol Tartrate 25mg,Cardiovascular,2026-08-08,29,74.93
19,Metoprolol Tartrate 25mg,Cardiovascular,2026-08-09,36,74.93
19,Metoprolol Tartrate 25mg,Cardiovascular,2026-08-10,53,74.93
19,Metoprolol Tartrate 25mg,Cardiovascular,2026-08-11,43,74.93
19,Metoprolol Tartrate 25mg,Cardiovascular,2026-08-12,41,74.93
19,Metoprolol Tartrate 25mg,Cardiovascular,2026-08-13,43,74.93
19,Metoprolol Tartrate 25mg,Cardiovascular,2026-08-14,46,74.93
19,Metoprolol Tartrate 25mg,Cardiovascular,2026-08-15,35,74.93
19,Metoprolol Tartrate 25mg,Cardiovascular,2026-08-16,29,74.93
19,Metoprolol Tartrate 25mg,Cardiovascular,2026-08-17,48,74.93
19,Metoprolol Tartrate 25mg,Cardiovascular,2026-08-18,55,74.93
19,Metoprolol Tartrate 25mg,Cardiovascular,2026-08-19,46,74.93
19,Metoprolol Tartrate 25mg,Cardiovascular,2026-08-20,46,74.93
19,Metoprolol Tartrate 25mg,Cardiovascular,2026-08-21,33,74.93
19,Metoprolol Tartrate 25mg,Cardiovascular,2026-08-22,10,74.93
19,Metoprolol Tartrate 25mg,Cardiovascular,2026-08-23,32,74.93
19,Metoprolol Tartrate 25mg,Cardiovascular,2026-08-24,43,74.93
19,Metoprolol Tartrate 25mg,Cardiovascular,2026-08-25,40,74.93
19,Metoprolol Tartrate 25mg,Cardiovascular,2026-08-26,45,74.93
19,Metoprolol Tartrate 25mg,Cardiovascular,2026-08-27,43,74.93
19,Metoprolol Tartrate 25mg,Cardiovascular,2026-08-28,52,74.93
19,Metoprolol Tartrate 25mg,Cardiovascular,2026-08-29,30,74.93
19,Metoprolol Tartrate 25mg,Cardiovascular,2026-08-30,24,74.93
19,Metoprolol Tartrate 25mg,Cardiovascular,2026-08-31,51,74.93
19,Metoprolol Tartrate 25mg,Cardiovascular,2026-09-01,42,74.93
19,Metoprolol Tartrate 25mg,Cardiovascular,2026-09-02,47,74.93
19,Metoprolol Tartrate 25mg,Cardiovascular,2026-09-03,40,74.93
19,Metoprolol Tartrate 25mg,Cardiovascular,2026-09-04,39,74.93
19,Metoprolol Tartrate 25mg,Cardiovascular,2026-09-05,30,74.93
19,Metoprolol Tartrate 25mg,Cardiovascular,2026-09-06,29,74.93
19,Metoprolol Tartrate 25mg,Cardiovascular,2026-09-07,47,74.93
19,Metoprolol Tartrate 25mg,Cardiovascular,2026-09-08,42,74.93
19,Metoprolol Tartrate 25mg,Cardiovascular,2026-09-09,31,74.93
19,Metoprolol Tartrate 25mg,Cardiovascular,2026-09-10,41,74.93
19,Metoprolol Tartrate 25mg,Cardiovascular,2026-09-11,49,74.93
19,Metoprolol Tartrate 25mg,Cardiovascular,2026-09-12,27,74.93
19,Metoprolol Tartrate 25mg,Cardiovascular,2026-09-13,27,74.93
19,Metoprolol Tartrate 25mg,Cardiovascular,2026-09-14,51,74.93
19,Metoprolol Tartrate 25mg,Cardiovascular,2026-09-15,39,74.93
19,Metoprolol Tartrate 25mg,Cardiovascular,2026-09-16,33,74.93
19,Metoprolol Tartrate 25mg,Cardiovascular,2026-09-17,43,74.93
19,Metoprolol Tartrate 25mg,Cardiovascular,2026-09-18,40,74.93
19,Metoprolol Tartrate 25mg,Cardiovascular,2026-09-19,22,74.93
19,Metoprolol Tartrate 25mg,Cardiovascular,2026-09-20,28,74.93
19,Metoprolol Tartrate 25mg,Cardiovascular,2026-09-21,47,74.93
19,Metoprolol Tartrate 25mg,Cardiovascular,2026-09-22,44,74.93
19,Metoprolol Tartrate 25mg,Cardiovascular,2026-09-23,46,74.93
19,Metoprolol Tartrate 25mg,Cardiovascular,2026-09-24,56,74.93
19,Metoprolol Tartrate 25mg,Cardiovascular,2026-09-25,41,74.93
20,Enalapril 10mg,Cardiovascular,2026-02-18,41,65.25
20,Enalapril 10mg,Cardiovascular,2026-02-19,36,65.25
20,Enalapril 10mg,Cardiovascular,2026-02-20,34,65.25
20,Enalapril 10mg,Cardiovascular,2026-02-21,22,65.25
20,Enalapril 10mg,Cardiovascular,2026-02-22,23,65.25
20,Enalapril 10mg,Cardiovascular,2026-02-23,41,65.25
20,Enalapril 10mg,Cardiovascular,2026-02-24,54,65.25
20,Enalapril 10mg,Cardiovascular,2026-02-25,35,65.25
20,Enalapril 10mg,Cardiovascular,2026-02-26,37,65.25
20,Enalapril 10mg,Cardiovascular,2026-02-27,39,65.25
20,Enalapril 10mg,Cardiovascular,2026-02-28,28,65.25
20,Enalapril 10mg,Cardiovascular,2026-03-01,21,65.25
20,Enalapril 10mg,Cardiovascular,2026-03-02,37,65.25
20,Enalapril 10mg,Cardiovascular,2026-03-03,14,65.25
20,Enalapril 10mg,Cardiovascular,2026-03-04,14,65.25
20,Enalapril 10mg,Cardiovascular,2026-03-05,26,65.25
20,Enalapril 10mg,Cardiovascular,2026-03-06,36,65.25
20,Enalapril 10mg,Cardiovascular,2026-03-07,9,65.25
20,Enalapril 10mg,Cardiovascular,2026-03-08,0,65.25
20,Enalapril 10mg,Cardiovascular,2026-03-09,32,65.25
20,Enalapril 10mg,Cardiovascular,2026-03-10,30,65.25
20,Enalapril 10mg,Cardiovascular,2026-03-11,22,65.25
20,Enalapril 10mg,Cardiovascular,2026-03-12,23,65.25
20,Enalapril 10mg,Cardiovascular,2026-03-13,23,65.25
20,Enalapril 10mg,Cardiovascular,2026-03-14,20,65.25
20,Enalapril 10mg,Cardiovascular,2026-03-15,15,65.25
20,Enalapril 10mg,Cardiovascular,2026-03-16,32,65.25
20,Enalapril 10mg,Cardiovascular,2026-03-17,11,65.25
20,Enalapril 10mg,Cardiovascular,2026-03-18,24,65.25
20,Enalapril 10mg,Cardiovascular,2026-03-19,22,65.25
20,Enalapril 10mg,Cardiovascular,2026-03-20,27,65.25
20,Enalapril 10mg,Cardiovascular,2026-03-21,16,65.25
20,Enalapril 10mg,Cardiovascular,2026-03-22,24,65.25
20,Enalapril 10mg,Cardiovascular,2026-03-23,17,65.25
20,Enalapril 10mg,Cardiovascular,2026-03-24,29,65.25
20,Enalapril 10mg,Cardiovascular,2026-03-25,32,65.25
20,Enalapril 10mg,Cardiovascular,2026-03-26,40,65.25
20,Enalapril 10mg,Cardiovascular,2026-03-27,26,65.25
20,Enalapril 10mg,Cardiovascular,2026-03-28,21,65.25
20,Enalapril 10mg,Cardiovascular,2026-03-29,8,65.25
20,Enalapril 10mg,Cardiovascular,2026-03-30,14,65.25
20,Enalapril 10mg,Cardiovascular,2026-03-31,34,65.25
20,Enalapril 10mg,Cardiovascular,2026-04-01,29,65.25
20,Enalapril 10mg,Cardiovascular,2026-04-02,36,65.25
20,Enalapril 10mg,Cardiovascular,2026-04-03,20,65.25
20,Enalapril 10mg,Cardiovascular,2026-04-04,22,65.25
20,Enalapril 10mg,Cardiovascular,2026-04-05,31,65.25
20,Enalapril 10mg,Cardiovascular,2026-04-06,32,65.25
20,Enalapril 10mg,Cardiovascular,2026-04-07,31,65.25
20,Enalapril 10mg,Cardiovascular,2026-04-08,29,65.25
20,Enalapril 10mg,Cardiovascular,2026-04-09,19,65.25
20,Enalapril 10mg,Cardiovascular,2026-04-10,37,65.25
20,Enalapril 10mg,Cardiovascular,2026-04-11,15,65.25
20,Enalapril 10mg,Cardiovascular,2026-04-12,22,65.25
20,Enalapril 10mg,Cardiovascular,2026-04-13,19,65.25
20,Enalapril 10mg,Cardiovascular,2026-04-14,22,65.25
20,Enalapril 10mg,Cardiovascular,2026-04-15,38,65.25
20,Enalapril 10mg,Cardiovascular,2026-04-16,27,65.25
20,Enalapril 10mg,Cardiovascular,2026-04-17,38,65.25
20,Enalapril 10mg,Cardiovascular,2026-04-18,19,65.25
20,Enalapril 10mg,Cardiovascular,2026-04-19,8,65.25
20,Enalapril 10mg,Cardiovascular,2026-04-20,34,65.25
20,Enalapril 10mg,Cardiovascular,2026-04-21,25,65.25
20,Enalapril 10mg,Cardiovascular,2026-04-22,33,65.25
20,Enalapril 10mg,Cardiovascular,2026-04-23,29,65.25
20,Enalapril 10mg,Cardiovascular,2026-04-24,19,65.25
20,Enalapril 10mg,Cardiovascular,2026-04-25,20,65.25
20,Enalapril 10mg,Cardiovascular,2026-04-26,33,65.25
20,Enalapril 10mg,Cardiovascular,2026-04-27,32,65.25
20,Enalapril 10mg,Cardiovascular,2026-04-28,29,65.25
20,Enalapril 10mg,Cardiovascular,2026-04-29,36,65.25
20,Enalapril 10mg,Cardiovascular,2026-04-30,30,65.25
20,Enalapril 10mg,Cardiovascular,2026-05-01,30,65.25
20,Enalapril 10mg,Cardiovascular,2026-05-02,12,65.25
20,Enalapril 10mg,Cardiovascular,2026-05-03,21,65.25
20,Enalapril 10mg,Cardiovascular,2026-05-04,35,65.25
20,Enalapril 10mg,Cardiovascular,2026-05-05,24,65.25
20,Enalapril 10mg,Cardiovascular,2026-05-06,38,65.25
20,Enalapril 10mg,Cardiovascular,2026-05-07,28,65.25
20,Enalapril 10mg,Cardiovascular,2026-05-08,23,65.25
20,Enalapril 10mg,Cardiovascular,2026-05-09,25,65.25
20,Enalapril 10mg,Cardiovascular,2026-05-10,17,65.25
20,Enalapril 10mg,Cardiovascular,2026-05-11,34,65.25
20,Enalapril 10mg,Cardiovascular,2026-05-12,27,65.25
20,Enalapril 10mg,Cardiovascular,2026-05-13,29,65.25
20,Enalapril 10mg,Cardiovascular,2026-05-14,32,65.25
20,Enalapril 10mg,Cardiovascular,2026-05-15,31,65.25
20,Enalapril 10mg,Cardiovascular,2026-05-16,7,65.25
20,Enalapril 10mg,Cardiovascular,2026-05-17,12,65.25
20,Enalapril 10mg,Cardiovascular,2026-05-18,35,65.25
20,Enalapril 10mg,Cardiovascular,2026-05-19,28,65.25
20,Enalapril 10mg,Cardiovascular,2026-05-20,26,65.25
20,Enalapril 10mg,Cardiovascular,2026-05-21,20,65.25
20,Enalapril 10mg,Cardiovascular,2026-05-22,22,65.25
20,Enalapril 10mg,Cardiovascular,2026-05-23,6,65.25
20,Enalapril 10mg,Cardiovascular,2026-05-24,18,65.25
20,Enalapril 10mg,Cardiovascular,2026-05-25,25,65.25
20,Enalapril 10mg,Cardiovascular,2026-05-26,23,65.25
20,Enalapril 10mg,Cardiovascular,2026-05-27,28,65.25
20,Enalapril 10mg,Cardiovascular,2026-05-28,31,65.25
20,Enalapril 10mg,Cardiovascular,2026-05-29,42,65.25
20,Enalapril 10mg,Cardiovascular,2026-05-30,10,65.25
20,Enalapril 10mg,Cardiovascular,2026-05-31,26,65.25
20,Enalapril 10mg,Cardiovascular,2026-06-01,35,65.25
20,Enalapril 10mg,Cardiovascular,2026-06-02,24,65.25
20,Enalapril 10mg,Cardiovascular,2026-06-03,30,65.25
20,Enalapril 10mg,Cardiovascular,2026-06-04,26,65.25
20,Enalapril 10mg,Cardiovascular,2026-06-05,30,65.25
20,Enalapril 10mg,Cardiovascular,2026-06-06,29,65.25
20,Enalapril 10mg,Cardiovascular,2026-06-07,23,65.25
20,Enalapril 10mg,Cardiovascular,2026-06-08,32,65.25
20,Enalapril 10mg,Cardiovascular,2026-06-09,26,65.25
20,Enalapril 10mg,Cardiovascular,2026-06-10,20,65.25
20,Enalapril 10mg,Cardiovascular,2026-06-11,28,65.25
20,Enalapril 10mg,Cardiovascular,2026-06-12,36,65.25
20,Enalapril 10mg,Cardiovascular,2026-06-13,10,65.25
20,Enalapril 10mg,Cardiovascular,2026-06-14,13,65.25
20,Enalapril 10mg,Cardiovascular,2026-06-15,30,65.25
20,Enalapril 10mg,Cardiovascular,2026-06-16,23,65.25
20,Enalapril 10mg,Cardiovascular,2026-06-17,24,65.25
20,Enalapril 10mg,Cardiovascular,2026-06-18,26,65.25
20,Enalapril 10mg,Cardiovascular,2026-06-19,20,65.25
20,Enalapril 10mg,Cardiovascular,2026-06-20,13,65.25
20,Enalapril 10mg,Cardiovascular,2026-06-21,23,65.25
20,Enalapril 10mg,Cardiovascular,2026-06-22,21,65.25
20,Enalapril 10mg,Cardiovascular,2026-06-23,19,65.25
20,Enalapril 10mg,Cardiovascular,2026-06-24,25,65.25
20,Enalapril 10mg,Cardiovascular,2026-06-25,33,65.25
20,Enalapril 10mg,Cardiovascular,2026-06-26,28,65.25
20,Enalapril 10mg,Cardiovascular,2026-06-27,16,65.25
20,Enalapril 10mg,Cardiovascular,2026-06-28,19,65.25
20,Enalapril 10mg,Cardiovascular,2026-06-29,18,65.25
20,Enalapril 10mg,Cardiovascular,2026-06-30,32,65.25
20,Enalapril 10mg,Cardiovascular,2026-07-01,31,65.25
20,Enalapril 10mg,Cardiovascular,2026-07-02,26,65.25
20,Enalapril 10mg,Cardiovascular,2026-07-03,35,65.25
20,Enalapril 10mg,Cardiovascular,2026-07-04,12,65.25
20,Enalapril 10mg,Cardiovascular,2026-07-05,26,65.25
20,Enalapril 10mg,Cardiovascular,2026-07-06,30,65.25
20,Enalapril 10mg,Cardiovascular,2026-07-07,27,65.25
20,Enalapril 10mg,Cardiovascular,2026-07-08,29,65.25
20,Enalapril 10mg,Cardiovascular,2026-07-09,28,65.25
20,Enalapril 10mg,Cardiovascular,2026-07-10,37,65.25
20,Enalapril 10mg,Cardiovascular,2026-07-11,12,65.25
20,Enalapril 10mg,Cardiovascular,2026-07-12,14,65.25
20,Enalapril 10mg,Cardiovascular,2026-07-13,35,65.25
20,Enalapril 10mg,Cardiovascular,2026-07-14,25,65.25
20,Enalapril 10mg,Cardiovascular,2026-07-15,35,65.25
20,Enalapril 10mg,Cardiovascular,2026-07-16,40,65.25
20,Enalapril 10mg,Cardiovascular,2026-07-17,26,65.25
20,Enalapril 10mg,Cardiovascular,2026-07-18,23,65.25
20,Enalapril 10mg,Cardiovascular,2026-07-19,12,65.25
20,Enalapril 10mg,Cardiovascular,2026-07-20,34,65.25
20,Enalapril 10mg,Cardiovascular,2026-07-21,30,65.25
20,Enalapril 10mg,Cardiovascular,2026-07-22,32,65.25
20,Enalapril 10mg,Cardiovascular,2026-07-23,25,65.25
20,Enalapril 10mg,Cardiovascular,2026-07-24,19,65.25
20,Enalapril 10mg,Cardiovascular,2026-07-25,22,65.25
20,Enalapril 10mg,Cardiovascular,2026-07-26,6,65.25
20,Enalapril 10mg,Cardiovascular,2026-07-27,27,65.25
20,Enalapril 10mg,Cardiovascular,2026-07-28,35,65.25
20,Enalapril 10mg,Cardiovascular,2026-07-29,30,65.25
20,Enalapril 10mg,Cardiovascular,2026-07-30,41,65.25
20,Enalapril 10mg,Cardiovascular,2026-07-31,35,65.25
20,Enalapril 10mg,Cardiovascular,2026-08-01,15,65.25
20,Enalapril 10mg,Cardiovascular,2026-08-02,19,65.25
20,Enalapril 10mg,Cardiovascular,2026-08-03,29,65.25
20,Enalapril 10mg,Cardiovascular,2026-08-04,19,65.25
20,Enalapril 10mg,Cardiovascular,2026-08-05,23,65.25
20,Enalapril 10mg,Cardiovascular,2026-08-06,25,65.25
20,Enalapril 10mg,Cardiovascular,2026-08-07,16,65.25
20,Enalapril 10mg,Cardiovascular,2026-08-08,19,65.25
20,Enalapril 10mg,Cardiovascular,2026-08-09,18,65.25
20,Enalapril 10mg,Cardiovascular,2026-08-10,18,65.25
20,Enalapril 10mg,Cardiovascular,2026-08-11,31,65.25
20,Enalapril 10mg,Cardiovascular,2026-08-12,33,65.25
20,Enalapril 10mg,Cardiovascular,2026-08-13,30,65.25
20,Enalapril 10mg,Cardiovascular,2026-08-14,27,65.25
20,Enalapril 10mg,Cardiovascular,2026-08-15,23,65.25
20,Enalapril 10mg,Cardiovascular,2026-08-16,23,65.25
20,Enalapril 10mg,Cardiovascular,2026-08-17,31,65.25
20,Enalapril 10mg,Cardiovascular,2026-08-18,24,65.25
20,Enalapril 10mg,Cardiovascular,2026-08-19,31,65.25
20,Enalapril 10mg,Cardiovascular,2026-08-20,36,65.25
20,Enalapril 10mg,Cardiovascular,2026-08-21,25,65.25
20,Enalapril 10mg,Cardiovascular,2026-08-22,32,65.25
20,Enalapril 10mg,Cardiovascular,2026-08-23,16,65.25
20,Enalapril 10mg,Cardiovascular,2026-08-24,29,65.25
20,Enalapril 10mg,Cardiovascular,2026-08-25,25,65.25
20,Enalapril 10mg,Cardiovascular,2026-08-26,30,65.25
20,Enalapril 10mg,Cardiovascular,2026-08-27,18,65.25
20,Enalapril 10mg,Cardiovascular,2026-08-28,25,65.25
20,Enalapril 10mg,Cardiovascular,2026-08-29,12,65.25
20,Enalapril 10mg,Cardiovascular,2026-08-30,20,65.25
20,Enalapril 10mg,Cardiovascular,2026-08-31,35,65.25
20,Enalapril 10mg,Cardiovascular,2026-09-01,33,65.25
20,Enalapril 10mg,Cardiovascular,2026-09-02,14,65.25
20,Enalapril 10mg,Cardiovascular,2026-09-03,42,65.25
20,Enalapril 10mg,Cardiovascular,2026-09-04,31,65.25
20,Enalapril 10mg,Cardiovascular,2026-09-05,14,65.25
20,Enalapril 10mg,Cardiovascular,2026-09-06,20,65.25
20,Enalapril 10mg,Cardiovascular,2026-09-07,30,65.25
20,Enalapril 10mg,Cardiovascular,2026-09-08,25,65.25
20,Enalapril 10mg,Cardiovascular,2026-09-09,30,65.25
20,Enalapril 10mg,Cardiovascular,2026-09-10,25,65.25
20,Enalapril 10mg,Cardiovascular,2026-09-11,26,65.25
20,Enalapril 10mg,Cardiovascular,2026-09-12,15,65.25
20,Enalapril 10mg,Cardiovascular,2026-09-13,10,65.25
20,Enalapril 10mg,Cardiovascular,2026-09-14,30,65.25
20,Enalapril 10mg,Cardiovascular,2026-09-15,33,65.25
20,Enalapril 10mg,Cardiovascular,2026-09-16,32,65.25
20,Enalapril 10mg,Cardiovascular,2026-09-17,34,65.25
20,Enalapril 10mg,Cardiovascular,2026-09-18,31,65.25
20,Enalapril 10mg,Cardiovascular,2026-09-19,16,65.25
20,Enalapril 10mg,Cardiovascular,2026-09-20,24,65.25
20,Enalapril 10mg,Cardiovascular,2026-09-21,20,65.25
20,Enalapril 10mg,Cardiovascular,2026-09-22,23,65.25
20,Enalapril 10mg,Cardiovascular,2026-09-23,23,65.25
20,Enalapril 10mg,Cardiovascular,2026-09-24,36,65.25
20,Enalapril 10mg,Cardiovascular,2026-09-25,35,65.25
21,Hydrochlorothiazide 25mg,Cardiovascular,2026-02-18,66,20.47
21,Hydrochlorothiazide 25mg,Cardiovascular,2026-02-19,72,20.47
21,Hydrochlorothiazide 25mg,Cardiovascular,2026-02-20,52,20.47
21,Hydrochlorothiazide 25mg,Cardiovascular,2026-02-21,44,20.47
21,Hydrochlorothiazide 25mg,Cardiovascular,2026-02-22,39,20.47
21,Hydrochlorothiazide 25mg,Cardiovascular,2026-02-23,70,20.47
21,Hydrochlorothiazide 25mg,Cardiovascular,2026-02-24,60,20.47
21,Hydrochlorothiazide 25mg,Cardiovascular,2026-02-25,57,20.47
21,Hydrochlorothiazide 25mg,Cardiovascular,2026-02-26,67,20.47
21,Hydrochlorothiazide 25mg,Cardiovascular,2026-02-27,70,20.47
21,Hydrochlorothiazide 25mg,Cardiovascular,2026-02-28,34,20.47
21,Hydrochlorothiazide 25mg,Cardiovascular,2026-03-01,29,20.47
21,Hydrochlorothiazide 25mg,Cardiovascular,2026-03-02,34,20.47
21,Hydrochlorothiazide 25mg,Cardiovascular,2026-03-03,19,20.47
21,Hydrochlorothiazide 25mg,Cardiovascular,2026-03-04,47,20.47
21,Hydrochlorothiazide 25mg,Cardiovascular,2026-03-05,52,20.47
21,Hydrochlorothiazide 25mg,Cardiovascular,2026-03-06,48,20.47
21,Hydrochlorothiazide 25mg,Cardiovascular,2026-03-07,10,20.47
21,Hydrochlorothiazide 25mg,Cardiovascular,2026-03-08,26,20.47
21,Hydrochlorothiazide 25mg,Cardiovascular,2026-03-09,22,20.47
21,Hydrochlorothiazide 25mg,Cardiovascular,2026-03-10,59,20.47
21,Hydrochlorothiazide 25mg,Cardiovascular,2026-03-11,34,20.47
21,Hydrochlorothiazide 25mg,Cardiovascular,2026-03-12,58,20.47
21,Hydrochlorothiazide 25mg,Cardiovascular,2026-03-13,55,20.47
21,Hydrochlorothiazide 25mg,Cardiovascular,2026-03-14,20,20.47
21,Hydrochlorothiazide 25mg,Cardiovascular,2026-03-15,18,20.47
21,Hydrochlorothiazide 25mg,Cardiovascular,2026-03-16,49,20.47
21,Hydrochlorothiazide 25mg,Cardiovascular,2026-03-17,36,20.47
21,Hydrochlorothiazide 25mg,Cardiovascular,2026-03-18,46,20.47
21,Hydrochlorothiazide 25mg,Cardiovascular,2026-03-19,40,20.47
21,Hydrochlorothiazide 25mg,Cardiovascular,2026-03-20,26,20.47
21,Hydrochlorothiazide 25mg,Cardiovascular,2026-03-21,7,20.47
21,Hydrochlorothiazide 25mg,Cardiovascular,2026-03-22,32,20.47
21,Hydrochlorothiazide 25mg,Cardiovascular,2026-03-23,39,20.47
21,Hydrochlorothiazide 25mg,Cardiovascular,2026-03-24,39,20.47
21,Hydrochlorothiazide 25mg,Cardiovascular,2026-03-25,52,20.47
21,Hydrochlorothiazide 25mg,Cardiovascular,2026-03-26,57,20.47
21,Hydrochlorothiazide 25mg,Cardiovascular,2026-03-27,42,20.47
21,Hydrochlorothiazide 25mg,Cardiovascular,2026-03-28,26,20.47
21,Hydrochlorothiazide 25mg,Cardiovascular,2026-03-29,35,20.47
21,Hydrochlorothiazide 25mg,Cardiovascular,2026-03-30,31,20.47
21,Hydrochlorothiazide 25mg,Cardiovascular,2026-03-31,47,20.47
21,Hydrochlorothiazide 25mg,Cardiovascular,2026-04-01,51,20.47
21,Hydrochlorothiazide 25mg,Cardiovascular,2026-04-02,52,20.47
21,Hydrochlorothiazide 25mg,Cardiovascular,2026-04-03,25,20.47
21,Hydrochlorothiazide 25mg,Cardiovascular,2026-04-04,22,20.47
21,Hydrochlorothiazide 25mg,Cardiovascular,2026-04-05,21,20.47
21,Hydrochlorothiazide 25mg,Cardiovascular,2026-04-06,46,20.47
21,Hydrochlorothiazide 25mg,Cardiovascular,2026-04-07,50,20.47
21,Hydrochlorothiazide 25mg,Cardiovascular,2026-04-08,61,20.47
21,Hydrochlorothiazide 25mg,Cardiovascular,2026-04-09,40,20.47
21,Hydrochlorothiazide 25mg,Cardiovascular,2026-04-10,40,20.47
21,Hydrochlorothiazide 25mg,Cardiovascular,2026-04-11,42,20.47
21,Hydrochlorothiazide 25mg,Cardiovascular,2026-04-12,33,20.47
21,Hydrochlorothiazide 25mg,Cardiovascular,2026-04-13,58,20.47
21,Hydrochlorothiazide 25mg,Cardiovascular,2026-04-14,48,20.47
21,Hydrochlorothiazide 25mg,Cardiovascular,2026-04-15,33,20.47
21,Hydrochlorothiazide 25mg,Cardiovascular,2026-04-16,31,20.47
21,Hydrochlorothiazide 25mg,Cardiovascular,2026-04-17,29,20.47
21,Hydrochlorothiazide 25mg,Cardiovascular,2026-04-18,37,20.47
21,Hydrochlorothiazide 25mg,Cardiovascular,2026-04-19,42,20.47
21,Hydrochlorothiazide 25mg,Cardiovascular,2026-04-20,65,20.47
21,Hydrochlorothiazide 25mg,Cardiovascular,2026-04-21,54,20.47
21,Hydrochlorothiazide 25mg,Cardiovascular,2026-04-22,57,20.47
21,Hydrochlorothiazide 25mg,Cardiovascular,2026-04-23,39,20.47
21,Hydrochlorothiazide 25mg,Cardiovascular,2026-04-24,33,20.47
21,Hydrochlorothiazide 25mg,Cardiovascular,2026-04-25,39,20.47
21,Hydrochlorothiazide 25mg,Cardiovascular,2026-04-26,34,20.47
21,Hydrochlorothiazide 25mg,Cardiovascular,2026-04-27,46,20.47
21,Hydrochlorothiazide 25mg,Cardiovascular,2026-04-28,49,20.47
21,Hydrochlorothiazide 25mg,Cardiovascular,2026-04-29,49,20.47
21,Hydrochlorothiazide 25mg,Cardiovascular,2026-04-30,59,20.47
21,Hydrochlorothiazide 25mg,Cardiovascular,2026-05-01,59,20.47
21,Hydrochlorothiazide 25mg,Cardiovascular,2026-05-02,36,20.47
21,Hydrochlorothiazide 25mg,Cardiovascular,2026-05-03,39,20.47
21,Hydrochlorothiazide 25mg,Cardiovascular,2026-05-04,51,20.47
21,Hydrochlorothiazide 25mg,Cardiovascular,2026-05-05,40,20.47
21,Hydrochlorothiazide 25mg,Cardiovascular,2026-05-06,53,20.47
21,Hydrochlorothiazide 25mg,Cardiovascular,2026-05-07,31,20.47
21,Hydrochlorothiazide 25mg,Cardiovascular,2026-05-08,56,20.47
21,Hydrochlorothiazide 25mg,Cardiovascular,2026-05-09,17,20.47
21,Hydrochlorothiazide 25mg,Cardiovascular,2026-05-10,33,20.47
21,Hydrochlorothiazide 25mg,Cardiovascular,2026-05-11,36,20.47
21,Hydrochlorothiazide 25mg,Cardiovascular,2026-05-12,51,20.47
21,Hydrochlorothiazide 25mg,Cardiovascular,2026-05-13,45,20.47
21,Hydrochlorothiazide 25mg,Cardiovascular,2026-05-14,28,20.47
21,Hydrochlorothiazide 25mg,Cardiovascular,2026-05-15,50,20.47
21,Hydrochlorothiazide 25mg,Cardiovascular,2026-05-16,24,20.47
21,Hydrochlorothiazide 25mg,Cardiovascular,2026-05-17,39,20.47
21,Hydrochlorothiazide 25mg,Cardiovascular,2026-05-18,45,20.47
21,Hydrochlorothiazide 25mg,Cardiovascular,2026-05-19,49,20.47
21,Hydrochlorothiazide 25mg,Cardiovascular,2026-05-20,35,20.47
21,Hydrochlorothiazide 25mg,Cardiovascular,2026-05-21,39,20.47
21,Hydrochlorothiazide 25mg,Cardiovascular,2026-05-22,40,20.47
21,Hydrochlorothiazide 25mg,Cardiovascular,2026-05-23,39,20.47
21,Hydrochlorothiazide 25mg,Cardiovascular,2026-05-24,47,20.47
21,Hydrochlorothiazide 25mg,Cardiovascular,2026-05-25,37,20.47
21,Hydrochlorothiazide 25mg,Cardiovascular,2026-05-26,56,20.47
21,Hydrochlorothiazide 25mg,Cardiovascular,2026-05-27,22,20.47
21,Hydrochlorothiazide 25mg,Cardiovascular,2026-05-28,33,20.47
21,Hydrochlorothiazide 25mg,Cardiovascular,2026-05-29,35,20.47
21,Hydrochlorothiazide 25mg,Cardiovascular,2026-05-30,16,20.47
21,Hydrochlorothiazide 25mg,Cardiovascular,2026-05-31,13,20.47
21,Hydrochlorothiazide 25mg,Cardiovascular,2026-06-01,49,20.47
21,Hydrochlorothiazide 25mg,Cardiovascular,2026-06-02,43,20.47
21,Hydrochlorothiazide 25mg,Cardiovascular,2026-06-03,49,20.47
21,Hydrochlorothiazide 25mg,Cardiovascular,2026-06-04,52,20.47
21,Hydrochlorothiazide 25mg,Cardiovascular,2026-06-05,48,20.47
21,Hydrochlorothiazide 25mg,Cardiovascular,2026-06-06,37,20.47
21,Hydrochlorothiazide 25mg,Cardiovascular,2026-06-07,29,20.47
21,Hydrochlorothiazide 25mg,Cardiovascular,2026-06-08,33,20.47
21,Hydrochlorothiazide 25mg,Cardiovascular,2026-06-09,56,20.47
21,Hydrochlorothiazide 25mg,Cardiovascular,2026-06-10,39,20.47
21,Hydrochlorothiazide 25mg,Cardiovascular,2026-06-11,35,20.47
21,Hydrochlorothiazide 25mg,Cardiovascular,2026-06-12,43,20.47
21,Hydrochlorothiazide 25mg,Cardiovascular,2026-06-13,20,20.47
21,Hydrochlorothiazide 25mg,Cardiovascular,2026-06-14,26,20.47
21,Hydrochlorothiazide 25mg,Cardiovascular,2026-06-15,49,20.47
21,Hydrochlorothiazide 25mg,Cardiovascular,2026-06-16,49,20.47
21,Hydrochlorothiazide 25mg,Cardiovascular,2026-06-17,36,20.47
21,Hydrochlorothiazide 25mg,Cardiovascular,2026-06-18,40,20.47
21,Hydrochlorothiazide 25mg,Cardiovascular,2026-06-19,56,20.47
21,Hydrochlorothiazide 25mg,Cardiovascular,2026-06-20,35,20.47
21,Hydrochlorothiazide 25mg,Cardiovascular,2026-06-21,52,20.47
21,Hydrochlorothiazide 25mg,Cardiovascular,2026-06-22,58,20.47
21,Hydrochlorothiazide 25mg,Cardiovascular,2026-06-23,57,20.47
21,Hydrochlorothiazide 25mg,Cardiovascular,2026-06-24,31,20.47
21,Hydrochlorothiazide 25mg,Cardiovascular,2026-06-25,53,20.47
21,Hydrochlorothiazide 25mg,Cardiovascular,2026-06-26,45,20.47
21,Hydrochlorothiazide 25mg,Cardiovascular,2026-06-27,24,20.47
21,Hydrochlorothiazide 25mg,Cardiovascular,2026-06-28,32,20.47
21,Hydrochlorothiazide 25mg,Cardiovascular,2026-06-29,55,20.47
21,Hydrochlorothiazide 25mg,Cardiovascular,2026-06-30,50,20.47
21,Hydrochlorothiazide 25mg,Cardiovascular,2026-07-01,36,20.47
21,Hydrochlorothiazide 25mg,Cardiovascular,2026-07-02,53,20.47
21,Hydrochlorothiazide 25mg,Cardiovascular,2026-07-03,38,20.47
21,Hydrochlorothiazide 25mg,Cardiovascular,2026-07-04,32,20.47
21,Hydrochlorothiazide 25mg,Cardiovascular,2026-07-05,27,20.47
21,Hydrochlorothiazide 25mg,Cardiovascular,2026-07-06,43,20.47
21,Hydrochlorothiazide 25mg,Cardiovascular,2026-07-07,53,20.47
21,Hydrochlorothiazide 25mg,Cardiovascular,2026-07-08,34,20.47
21,Hydrochlorothiazide 25mg,Cardiovascular,2026-07-09,66,20.47
21,Hydrochlorothiazide 25mg,Cardiovascular,2026-07-10,26,20.47
21,Hydrochlorothiazide 25mg,Cardiovascular,2026-07-11,24,20.47
21,Hydrochlorothiazide 25mg,Cardiovascular,2026-07-12,34,20.47
21,Hydrochlorothiazide 25mg,Cardiovascular,2026-07-13,51,20.47
21,Hydrochlorothiazide 25mg,Cardiovascular,2026-07-14,44,20.47
21,Hydrochlorothiazide 25mg,Cardiovascular,2026-07-15,45,20.47
21,Hydrochlorothiazide 25mg,Cardiovascular,2026-07-16,49,20.47
21,Hydrochlorothiazide 25mg,Cardiovascular,2026-07-17,43,20.47
21,Hydrochlorothiazide 25mg,Cardiovascular,2026-07-18,45,20.47
21,Hydrochlorothiazide 25mg,Cardiovascular,2026-07-19,39,20.47
21,Hydrochlorothiazide 25mg,Cardiovascular,2026-07-20,54,20.47
21,Hydrochlorothiazide 25mg,Cardiovascular,2026-07-21,35,20.47
21,Hydrochlorothiazide 25mg,Cardiovascular,2026-07-22,44,20.47
21,Hydrochlorothiazide 25mg,Cardiovascular,2026-07-23,42,20.47
21,Hydrochlorothiazide 25mg,Cardiovascular,2026-07-24,35,20.47
21,Hydrochlorothiazide 25mg,Cardiovascular,2026-07-25,34,20.47
21,Hydrochlorothiazide 25mg,Cardiovascular,2026-07-26,24,20.47
21,Hydrochlorothiazide 25mg,Cardiovascular,2026-07-27,52,20.47
21,Hydrochlorothiazide 25mg,Cardiovascular,2026-07-28,34,20.47
21,Hydrochlorothiazide 25mg,Cardiovascular,2026-07-29,63,20.47
21,Hydrochlorothiazide 25mg,Cardiovascular,2026-07-30,36,20.47
21,Hydrochlorothiazide 25mg,Cardiovascular,2026-07-31,47,20.47
21,Hydrochlorothiazide 25mg,Cardiovascular,2026-08-01,38,20.47
21,Hydrochlorothiazide 25mg,Cardiovascular,2026-08-02,24,20.47
21,Hydrochlorothiazide 25mg,Cardiovascular,2026-08-03,54,20.47
21,Hydrochlorothiazide 25mg,Cardiovascular,2026-08-04,32,20.47
21,Hydrochlorothiazide 25mg,Cardiovascular,2026-08-05,60,20.47
21,Hydrochlorothiazide 25mg,Cardiovascular,2026-08-06,45,20.47
21,Hydrochlorothiazide 25mg,Cardiovascular,2026-08-07,39,20.47
21,Hydrochlorothiazide 25mg,Cardiovascular,2026-08-08,27,20.47
21,Hydrochlorothiazide 25mg,Cardiovascular,2026-08-09,38,20.47
21,Hydrochlorothiazide 25mg,Cardiovascular,2026-08-10,39,20.47
21,Hydrochlorothiazide 25mg,Cardiovascular,2026-08-11,37,20.47
21,Hydrochlorothiazide 25mg,Cardiovascular,2026-08-12,43,20.47
21,Hydrochlorothiazide 25mg,Cardiovascular,2026-08-13,33,20.47
21,Hydrochlorothiazide 25mg,Cardiovascular,2026-08-14,64,20.47
21,Hydrochlorothiazide 25mg,Cardiovascular,2026-08-15,24,20.47
21,Hydrochlorothiazide 25mg,Cardiovascular,2026-08-16,39,20.47
21,Hydrochlorothiazide 25mg,Cardiovascular,2026-08-17,47,20.47
21,Hydrochlorothiazide 25mg,Cardiovascular,2026-08-18,35,20.47
21,Hydrochlorothiazide 25mg,Cardiovascular,2026-08-19,45,20.47
21,Hydrochlorothiazide 25mg,Cardiovascular,2026-08-20,53,20.47
21,Hydrochlorothiazide 25mg,Cardiovascular,2026-08-21,43,20.47
21,Hydrochlorothiazide 25mg,Cardiovascular,2026-08-22,42,20.47
21,Hydrochlorothiazide 25mg,Cardiovascular,2026-08-23,41,20.47
21,Hydrochlorothiazide 25mg,Cardiovascular,2026-08-24,55,20.47
21,Hydrochlorothiazide 25mg,Cardiovascular,2026-08-25,40,20.47
21,Hydrochlorothiazide 25mg,Cardiovascular,2026-08-26,34,20.47
21,Hydrochlorothiazide 25mg,Cardiovascular,2026-08-27,39,20.47
21,Hydrochlorothiazide 25mg,Cardiovascular,2026-08-28,47,20.47
21,Hydrochlorothiazide 25mg,Cardiovascular,2026-08-29,36,20.47
21,Hydrochlorothiazide 25mg,Cardiovascular,2026-08-30,7,20.47
21,Hydrochlorothiazide 25mg,Cardiovascular,2026-08-31,45,20.47
21,Hydrochlorothiazide 25mg,Cardiovascular,2026-09-01,47,20.47
21,Hydrochlorothiazide 25mg,Cardiovascular,2026-09-02,42,20.47
21,Hydrochlorothiazide 25mg,Cardiovascular,2026-09-03,59,20.47
21,Hydrochlorothiazide 25mg,Cardiovascular,2026-09-04,50,20.47
21,Hydrochlorothiazide 25mg,Cardiovascular,2026-09-05,44,20.47
21,Hydrochlorothiazide 25mg,Cardiovascular,2026-09-06,28,20.47
21,Hydrochlorothiazide 25mg,Cardiovascular,2026-09-07,55,20.47
21,Hydrochlorothiazide 25mg,Cardiovascular,2026-09-08,62,20.47
21,Hydrochlorothiazide 25mg,Cardiovascular,2026-09-09,59,20.47
21,Hydrochlorothiazide 25mg,Cardiovascular,2026-09-10,34,20.47
21,Hydrochlorothiazide 25mg,Cardiovascular,2026-09-11,42,20.47
21,Hydrochlorothiazide 25mg,Cardiovascular,2026-09-12,26,20.47
21,Hydrochlorothiazide 25mg,Cardiovascular,2026-09-13,35,20.47
21,Hydrochlorothiazide 25mg,Cardiovascular,2026-09-14,52,20.47
21,Hydrochlorothiazide 25mg,Cardiovascular,2026-09-15,36,20.47
21,Hydrochlorothiazide 25mg,Cardiovascular,2026-09-16,46,20.47
21,Hydrochlorothiazide 25mg,Cardiovascular,2026-09-17,24,20.47
21,Hydrochlorothiazide 25mg,Cardiovascular,2026-09-18,60,20.47
21,Hydrochlorothiazide 25mg,Cardiovascular,2026-09-19,25,20.47
21,Hydrochlorothiazide 25mg,Cardiovascular,2026-09-20,31,20.47
21,Hydrochlorothiazide 25mg,Cardiovascular,2026-09-21,42,20.47
21,Hydrochlorothiazide 25mg,Cardiovascular,2026-09-22,57,20.47
21,Hydrochlorothiazide 25mg,Cardiovascular,2026-09-23,15,20.47
21,Hydrochlorothiazide 25mg,Cardiovascular,2026-09-24,45,20.47
21,Hydrochlorothiazide 25mg,Cardiovascular,2026-09-25,44,20.47
22,Clopidogrel 75mg,Cardiovascular,2026-02-18,50,61.85
22,Clopidogrel 75mg,Cardiovascular,2026-02-19,72,61.85
22,Clopidogrel 75mg,Cardiovascular,2026-02-20,46,61.85
22,Clopidogrel 75mg,Cardiovascular,2026-02-21,44,61.85
22,Clopidogrel 75mg,Cardiovascular,2026-02-22,40,61.85
22,Clopidogrel 75mg,Cardiovascular,2026-02-23,67,61.85
22,Clopidogrel 75mg,Cardiovascular,2026-02-24,48,61.85
22,Clopidogrel 75mg,Cardiovascular,2026-02-25,48,61.85
22,Clopidogrel 75mg,Cardiovascular,2026-02-26,65,61.85
22,Clopidogrel 75mg,Cardiovascular,2026-02-27,59,61.85
22,Clopidogrel 75mg,Cardiovascular,2026-02-28,21,61.85
22,Clopidogrel 75mg,Cardiovascular,2026-03-01,22,61.85
22,Clopidogrel 75mg,Cardiovascular,2026-03-02,44,61.85
22,Clopidogrel 75mg,Cardiovascular,2026-03-03,49,61.85
22,Clopidogrel 75mg,Cardiovascular,2026-03-04,34,61.85
22,Clopidogrel 75mg,Cardiovascular,2026-03-05,12,61.85
22,Clopidogrel 75mg,Cardiovascular,2026-03-06,46,61.85
22,Clopidogrel 75mg,Cardiovascular,2026-03-07,15,61.85
22,Clopidogrel 75mg,Cardiovascular,2026-03-08,7,61.85
22,Clopidogrel 75mg,Cardiovascular,2026-03-09,13,61.85
22,Clopidogrel 75mg,Cardiovascular,2026-03-10,48,61.85
22,Clopidogrel 75mg,Cardiovascular,2026-03-11,42,61.85
22,Clopidogrel 75mg,Cardiovascular,2026-03-12,38,61.85
22,Clopidogrel 75mg,Cardiovascular,2026-03-13,54,61.85
22,Clopidogrel 75mg,Cardiovascular,2026-03-14,33,61.85
22,Clopidogrel 75mg,Cardiovascular,2026-03-15,43,61.85
22,Clopidogrel 75mg,Cardiovascular,2026-03-16,27,61.85
22,Clopidogrel 75mg,Cardiovascular,2026-03-17,40,61.85
22,Clopidogrel 75mg,Cardiovascular,2026-03-18,25,61.85
22,Clopidogrel 75mg,Cardiovascular,2026-03-19,38,61.85
22,Clopidogrel 75mg,Cardiovascular,2026-03-20,38,61.85
22,Clopidogrel 75mg,Cardiovascular,2026-03-21,33,61.85
22,Clopidogrel 75mg,Cardiovascular,2026-03-22,27,61.85
22,Clopidogrel 75mg,Cardiovascular,2026-03-23,47,61.85
22,Clopidogrel 75mg,Cardiovascular,2026-03-24,47,61.85
22,Clopidogrel 75mg,Cardiovascular,2026-03-25,61,61.85
22,Clopidogrel 75mg,Cardiovascular,2026-03-26,37,61.85
22,Clopidogrel 75mg,Cardiovascular,2026-03-27,31,61.85
22,Clopidogrel 75mg,Cardiovascular,2026-03-28,29,61.85
22,Clopidogrel 75mg,Cardiovascular,2026-03-29,19,61.85
22,Clopidogrel 75mg,Cardiovascular,2026-03-30,55,61.85
22,Clopidogrel 75mg,Cardiovascular,2026-03-31,38,61.85
22,Clopidogrel 75mg,Cardiovascular,2026-04-01,35,61.85
22,Clopidogrel 75mg,Cardiovascular,2026-04-02,36,61.85
22,Clopidogrel 75mg,Cardiovascular,2026-04-03,47,61.85
22,Clopidogrel 75mg,Cardiovascular,2026-04-04,25,61.85
22,Clopidogrel 75mg,Cardiovascular,2026-04-05,21,61.85
22,Clopidogrel 75mg,Cardiovascular,2026-04-06,57,61.85
22,Clopidogrel 75mg,Cardiovascular,2026-04-07,32,61.85
22,Clopidogrel 75mg,Cardiovascular,2026-04-08,41,61.85
22,Clopidogrel 75mg,Cardiovascular,2026-04-09,47,61.85
22,Clopidogrel 75mg,Cardiovascular,2026-04-10,24,61.85
22,Clopidogrel 75mg,Cardiovascular,2026-04-11,31,61.85
22,Clopidogrel 75mg,Cardiovascular,2026-04-12,16,61.85
22,Clopidogrel 75mg,Cardiovascular,2026-04-13,48,61.85
22,Clopidogrel 75mg,Cardiovascular,2026-04-14,31,61.85
22,Clopidogrel 75mg,Cardiovascular,2026-04-15,47,61.85
22,Clopidogrel 75mg,Cardiovascular,2026-04-16,51,61.85
22,Clopidogrel 75mg,Cardiovascular,2026-04-17,49,61.85
22,Clopidogrel 75mg,Cardiovascular,2026-04-18,29,61.85
22,Clopidogrel 75mg,Cardiovascular,2026-04-19,25,61.85
22,Clopidogrel 75mg,Cardiovascular,2026-04-20,35,61.85
22,Clopidogrel 75mg,Cardiovascular,2026-04-21,55,61.85
22,Clopidogrel 75mg,Cardiovascular,2026-04-22,34,61.85
22,Clopidogrel 75mg,Cardiovascular,2026-04-23,30,61.85
22,Clopidogrel 75mg,Cardiovascular,2026-04-24,47,61.85
22,Clopidogrel 75mg,Cardiovascular,2026-04-25,19,61.85
22,Clopidogrel 75mg,Cardiovascular,2026-04-26,17,61.85
22,Clopidogrel 75mg,Cardiovascular,2026-04-27,26,61.85
22,Clopidogrel 75mg,Cardiovascular,2026-04-28,36,61.85
22,Clopidogrel 75mg,Cardiovascular,2026-04-29,40,61.85
22,Clopidogrel 75mg,Cardiovascular,2026-04-30,43,61.85
22,Clopidogrel 75mg,Cardiovascular,2026-05-01,50,61.85
22,Clopidogrel 75mg,Cardiovascular,2026-05-02,32,61.85
22,Clopidogrel 75mg,Cardiovascular,2026-05-03,25,61.85
22,Clopidogrel 75mg,Cardiovascular,2026-05-04,38,61.85
22,Clopidogrel 75mg,Cardiovascular,2026-05-05,45,61.85
22,Clopidogrel 75mg,Cardiovascular,2026-05-06,53,61.85
22,Clopidogrel 75mg,Cardiovascular,2026-05-07,42,61.85
22,Clopidogrel 75mg,Cardiovascular,2026-05-08,36,61.85
22,Clopidogrel 75mg,Cardiovascular,2026-05-09,17,61.85
22,Clopidogrel 75mg,Cardiovascular,2026-05-10,13,61.85
22,Clopidogrel 75mg,Cardiovascular,2026-05-11,47,61.85
22,Clopidogrel 75mg,Cardiovascular,2026-05-12,46,61.85
22,Clopidogrel 75mg,Cardiovascular,2026-05-13,46,61.85
22,Clopidogrel 75mg,Cardiovascular,2026-05-14,39,61.85
22,Clopidogrel 75mg,Cardiovascular,2026-05-15,54,61.85
22,Clopidogrel 75mg,Cardiovascular,2026-05-16,22,61.85
22,Clopidogrel 75mg,Cardiovascular,2026-05-17,36,61.85
22,Clopidogrel 75mg,Cardiovascular,2026-05-18,40,61.85
22,Clopidogrel 75mg,Cardiovascular,2026-05-19,34,61.85
22,Clopidogrel 75mg,Cardiovascular,2026-05-20,46,61.85
22,Clopidogrel 75mg,Cardiovascular,2026-05-21,44,61.85
22,Clopidogrel 75mg,Cardiovascular,2026-05-22,44,61.85
22,Clopidogrel 75mg,Cardiovascular,2026-05-23,28,61.85
22,Clopidogrel 75mg,Cardiovascular,2026-05-24,26,61.85
22,Clopidogrel 75mg,Cardiovascular,2026-05-25,64,61.85
22,Clopidogrel 75mg,Cardiovascular,2026-05-26,52,61.85
22,Clopidogrel 75mg,Cardiovascular,2026-05-27,47,61.85
22,Clopidogrel 75mg,Cardiovascular,2026-05-28,42,61.85
22,Clopidogrel 75mg,Cardiovascular,2026-05-29,50,61.85
22,Clopidogrel 75mg,Cardiovascular,2026-05-30,32,61.85
22,Clopidogrel 75mg,Cardiovascular,2026-05-31,27,61.85
22,Clopidogrel 75mg,Cardiovascular,2026-06-01,37,61.85
22,Clopidogrel 75mg,Cardiovascular,2026-06-02,40,61.85
22,Clopidogrel 75mg,Cardiovascular,2026-06-03,9,61.85
22,Clopidogrel 75mg,Cardiovascular,2026-06-04,42,61.85
22,Clopidogrel 75mg,Cardiovascular,2026-06-05,36,61.85
22,Clopidogrel 75mg,Cardiovascular,2026-06-06,42,61.85
22,Clopidogrel 75mg,Cardiovascular,2026-06-07,27,61.85
22,Clopidogrel 75mg,Cardiovascular,2026-06-08,29,61.85
22,Clopidogrel 75mg,Cardiovascular,2026-06-09,40,61.85
22,Clopidogrel 75mg,Cardiovascular,2026-06-10,30,61.85
22,Clopidogrel 75mg,Cardiovascular,2026-06-11,45,61.85
22,Clopidogrel 75mg,Cardiovascular,2026-06-12,43,61.85
22,Clopidogrel 75mg,Cardiovascular,2026-06-13,36,61.85
22,Clopidogrel 75mg,Cardiovascular,2026-06-14,19,61.85
22,Clopidogrel 75mg,Cardiovascular,2026-06-15,41,61.85
22,Clopidogrel 75mg,Cardiovascular,2026-06-16,27,61.85
22,Clopidogrel 75mg,Cardiovascular,2026-06-17,47,61.85
22,Clopidogrel 75mg,Cardiovascular,2026-06-18,45,61.85
22,Clopidogrel 75mg,Cardiovascular,2026-06-19,45,61.85
22,Clopidogrel 75mg,Cardiovascular,2026-06-20,27,61.85
22,Clopidogrel 75mg,Cardiovascular,2026-06-21,31,61.85
22,Clopidogrel 75mg,Cardiovascular,2026-06-22,56,61.85
22,Clopidogrel 75mg,Cardiovascular,2026-06-23,38,61.85
22,Clopidogrel 75mg,Cardiovascular,2026-06-24,42,61.85
22,Clopidogrel 75mg,Cardiovascular,2026-06-25,30,61.85
22,Clopidogrel 75mg,Cardiovascular,2026-06-26,32,61.85
22,Clopidogrel 75mg,Cardiovascular,2026-06-27,28,61.85
22,Clopidogrel 75mg,Cardiovascular,2026-06-28,38,61.85
22,Clopidogrel 75mg,Cardiovascular,2026-06-29,38,61.85
22,Clopidogrel 75mg,Cardiovascular,2026-06-30,38,61.85
22,Clopidogrel 75mg,Cardiovascular,2026-07-01,36,61.85
22,Clopidogrel 75mg,Cardiovascular,2026-07-02,35,61.85
22,Clopidogrel 75mg,Cardiovascular,2026-07-03,43,61.85
22,Clopidogrel 75mg,Cardiovascular,2026-07-04,12,61.85
22,Clopidogrel 75mg,Cardiovascular,2026-07-05,39,61.85
22,Clopidogrel 75mg,Cardiovascular,2026-07-06,34,61.85
22,Clopidogrel 75mg,Cardiovascular,2026-07-07,47,61.85
22,Clopidogrel 75mg,Cardiovascular,2026-07-08,28,61.85
22,Clopidogrel 75mg,Cardiovascular,2026-07-09,47,61.85
22,Clopidogrel 75mg,Cardiovascular,2026-07-10,47,61.85
22,Clopidogrel 75mg,Cardiovascular,2026-07-11,31,61.85
22,Clopidogrel 75mg,Cardiovascular,2026-07-12,17,61.85
22,Clopidogrel 75mg,Cardiovascular,2026-07-13,43,61.85
22,Clopidogrel 75mg,Cardiovascular,2026-07-14,29,61.85
22,Clopidogrel 75mg,Cardiovascular,2026-07-15,38,61.85
22,Clopidogrel 75mg,Cardiovascular,2026-07-16,50,61.85
22,Clopidogrel 75mg,Cardiovascular,2026-07-17,48,61.85
22,Clopidogrel 75mg,Cardiovascular,2026-07-18,27,61.85
22,Clopidogrel 75mg,Cardiovascular,2026-07-19,17,61.85
22,Clopidogrel 75mg,Cardiovascular,2026-07-20,47,61.85
22,Clopidogrel 75mg,Cardiovascular,2026-07-21,41,61.85
22,Clopidogrel 75mg,Cardiovascular,2026-07-22,18,61.85
22,Clopidogrel 75mg,Cardiovascular,2026-07-23,48,61.85
22,Clopidogrel 75mg,Cardiovascular,2026-07-24,40,61.85
22,Clopidogrel 75mg,Cardiovascular,2026-07-25,39,61.85
22,Clopidogrel 75mg,Cardiovascular,2026-07-26,16,61.85
22,Clopidogrel 75mg,Cardiovascular,2026-07-27,9,61.85
22,Clopidogrel 75mg,Cardiovascular,2026-07-28,43,61.85
22,Clopidogrel 75mg,Cardiovascular,2026-07-29,43,61.85
22,Clopidogrel 75mg,Cardiovascular,2026-07-30,24,61.85
22,Clopidogrel 75mg,Cardiovascular,2026-07-31,31,61.85
22,Clopidogrel 75mg,Cardiovascular,2026-08-01,54,61.85
22,Clopidogrel 75mg,Cardiovascular,2026-08-02,24,61.85
22,Clopidogrel 75mg,Cardiovascular,2026-08-03,48,61.85
22,Clopidogrel 75mg,Cardiovascular,2026-08-04,34,61.85
22,Clopidogrel 75mg,Cardiovascular,2026-08-05,20,61.85
22,Clopidogrel 75mg,Cardiovascular,2026-08-06,39,61.85
22,Clopidogrel 75mg,Cardiovascular,2026-08-07,38,61.85
22,Clopidogrel 75mg,Cardiovascular,2026-08-08,23,61.85
22,Clopidogrel 75mg,Cardiovascular,2026-08-09,26,61.85
22,Clopidogrel 75mg,Cardiovascular,2026-08-10,43,61.85
22,Clopidogrel 75mg,Cardiovascular,2026-08-11,39,61.85
22,Clopidogrel 75mg,Cardiovascular,2026-08-12,28,61.85
22,Clopidogrel 75mg,Cardiovascular,2026-08-13,45,61.85
22,Clopidogrel 75mg,Cardiovascular,2026-08-14,21,61.85
22,Clopidogrel 75mg,Cardiovascular,2026-08-15,7,61.85
22,Clopidogrel 75mg,Cardiovascular,2026-08-16,34,61.85
22,Clopidogrel 75mg,Cardiovascular,2026-08-17,45,61.85
22,Clopidogrel 75mg,Cardiovascular,2026-08-18,40,61.85
22,Clopidogrel 75mg,Cardiovascular,2026-08-19,27,61.85
22,Clopidogrel 75mg,Cardiovascular,2026-08-20,33,61.85
22,Clopidogrel 75mg,Cardiovascular,2026-08-21,38,61.85
22,Clopidogrel 75mg,Cardiovascular,2026-08-22,11,61.85
22,Clopidogrel 75mg,Cardiovascular,2026-08-23,20,61.85
22,Clopidogrel 75mg,Cardiovascular,2026-08-24,47,61.85
22,Clopidogrel 75mg,Cardiovascular,2026-08-25,54,61.85
22,Clopidogrel 75mg,Cardiovascular,2026-08-26,36,61.85
22,Clopidogrel 75mg,Cardiovascular,2026-08-27,48,61.85
22,Clopidogrel 75mg,Cardiovascular,2026-08-28,22,61.85
22,Clopidogrel 75mg,Cardiovascular,2026-08-29,33,61.85
22,Clopidogrel 75mg,Cardiovascular,2026-08-30,19,61.85
22,Clopidogrel 75mg,Cardiovascular,2026-08-31,43,61.85
22,Clopidogrel 75mg,Cardiovascular,2026-09-01,38,61.85
22,Clopidogrel 75mg,Cardiovascular,2026-09-02,53,61.85
22,Clopidogrel 75mg,Cardiovascular,2026-09-03,32,61.85
22,Clopidogrel 75mg,Cardiovascular,2026-09-04,47,61.85
22,Clopidogrel 75mg,Cardiovascular,2026-09-05,24,61.85
22,Clopidogrel 75mg,Cardiovascular,2026-09-06,25,61.85
22,Clopidogrel 75mg,Cardiovascular,2026-09-07,39,61.85
22,Clopidogrel 75mg,Cardiovascular,2026-09-08,32,61.85
22,Clopidogrel 75mg,Cardiovascular,2026-09-09,40,61.85
22,Clopidogrel 75mg,Cardiovascular,2026-09-10,40,61.85
22,Clopidogrel 75mg,Cardiovascular,2026-09-11,43,61.85
22,Clopidogrel 75mg,Cardiovascular,2026-09-12,28,61.85
22,Clopidogrel 75mg,Cardiovascular,2026-09-13,35,61.85
22,Clopidogrel 75mg,Cardiovascular,2026-09-14,49,61.85
22,Clopidogrel 75mg,Cardiovascular,2026-09-15,30,61.85
22,Clopidogrel 75mg,Cardiovascular,2026-09-16,49,61.85
22,Clopidogrel 75mg,Cardiovascular,2026-09-17,29,61.85
22,Clopidogrel 75mg,Cardiovascular,2026-09-18,46,61.85
22,Clopidogrel 75mg,Cardiovascular,2026-09-19,33,61.85
22,Clopidogrel 75mg,Cardiovascular,2026-09-20,8,61.85
22,Clopidogrel 75mg,Cardiovascular,2026-09-21,41,61.85
22,Clopidogrel 75mg,Cardiovascular,2026-09-22,36,61.85
22,Clopidogrel 75mg,Cardiovascular,2026-09-23,33,61.85
22,Clopidogrel 75mg,Cardiovascular,2026-09-24,54,61.85
22,Clopidogrel 75mg,Cardiovascular,2026-09-25,34,61.85
23,Rosuvastatin 10mg,Cardiovascular,2026-02-18,35,71.37
23,Rosuvastatin 10mg,Cardiovascular,2026-02-19,38,71.37
23,Rosuvastatin 10mg,Cardiovascular,2026-02-20,41,71.37
23,Rosuvastatin 10mg,Cardiovascular,2026-02-21,25,71.37
23,Rosuvastatin 10mg,Cardiovascular,2026-02-22,30,71.37
23,Rosuvastatin 10mg,Cardiovascular,2026-02-23,40,71.37
23,Rosuvastatin 10mg,Cardiovascular,2026-02-24,29,71.37
23,Rosuvastatin 10mg,Cardiovascular,2026-02-25,36,71.37
23,Rosuvastatin 10mg,Cardiovascular,2026-02-26,36,71.37
23,Rosuvastatin 10mg,Cardiovascular,2026-02-27,40,71.37
23,Rosuvastatin 10mg,Cardiovascular,2026-02-28,14,71.37
23,Rosuvastatin 10mg,Cardiovascular,2026-03-01,29,71.37
23,Rosuvastatin 10mg,Cardiovascular,2026-03-02,30,71.37
23,Rosuvastatin 10mg,Cardiovascular,2026-03-03,29,71.37
23,Rosuvastatin 10mg,Cardiovascular,2026-03-04,33,71.37
23,Rosuvastatin 10mg,Cardiovascular,2026-03-05,38,71.37
23,Rosuvastatin 10mg,Cardiovascular,2026-03-06,32,71.37
23,Rosuvastatin 10mg,Cardiovascular,2026-03-07,23,71.37
23,Rosuvastatin 10mg,Cardiovascular,2026-03-08,19,71.37
23,Rosuvastatin 10mg,Cardiovascular,2026-03-09,28,71.37
23,Rosuvastatin 10mg,Cardiovascular,2026-03-10,26,71.37
23,Rosuvastatin 10mg,Cardiovascular,2026-03-11,25,71.37
23,Rosuvastatin 10mg,Cardiovascular,2026-03-12,25,71.37
23,Rosuvastatin 10mg,Cardiovascular,2026-03-13,22,71.37
23,Rosuvastatin 10mg,Cardiovascular,2026-03-14,18,71.37
23,Rosuvastatin 10mg,Cardiovascular,2026-03-15,12,71.37
23,Rosuvastatin 10mg,Cardiovascular,2026-03-16,29,71.37
23,Rosuvastatin 10mg,Cardiovascular,2026-03-17,28,71.37
23,Rosuvastatin 10mg,Cardiovascular,2026-03-18,29,71.37
23,Rosuvastatin 10mg,Cardiovascular,2026-03-19,26,71.37
23,Rosuvastatin 10mg,Cardiovascular,2026-03-20,41,71.37
23,Rosuvastatin 10mg,Cardiovascular,2026-03-21,24,71.37
23,Rosuvastatin 10mg,Cardiovascular,2026-03-22,13,71.37
23,Rosuvastatin 10mg,Cardiovascular,2026-03-23,29,71.37
23,Rosuvastatin 10mg,Cardiovascular,2026-03-24,26,71.37
23,Rosuvastatin 10mg,Cardiovascular,2026-03-25,24,71.37
23,Rosuvastatin 10mg,Cardiovascular,2026-03-26,23,71.37
23,Rosuvastatin 10mg,Cardiovascular,2026-03-27,30,71.37
23,Rosuvastatin 10mg,Cardiovascular,2026-03-28,16,71.37
23,Rosuvastatin 10mg,Cardiovascular,2026-03-29,23,71.37
23,Rosuvastatin 10mg,Cardiovascular,2026-03-30,32,71.37
23,Rosuvastatin 10mg,Cardiovascular,2026-03-31,34,71.37
23,Rosuvastatin 10mg,Cardiovascular,2026-04-01,25,71.37
23,Rosuvastatin 10mg,Cardiovascular,2026-04-02,30,71.37
23,Rosuvastatin 10mg,Cardiovascular,2026-04-03,31,71.37
23,Rosuvastatin 10mg,Cardiovascular,2026-04-04,17,71.37
23,Rosuvastatin 10mg,Cardiovascular,2026-04-05,15,71.37
23,Rosuvastatin 10mg,Cardiovascular,2026-04-06,35,71.37
23,Rosuvastatin 10mg,Cardiovascular,2026-04-07,29,71.37
23,Rosuvastatin 10mg,Cardiovascular,2026-04-08,31,71.37
23,Rosuvastatin 10mg,Cardiovascular,2026-04-09,25,71.37
23,Rosuvastatin 10mg,Cardiovascular,2026-04-10,23,71.37
23,Rosuvastatin 10mg,Cardiovascular,2026-04-11,16,71.37
23,Rosuvastatin 10mg,Cardiovascular,2026-04-12,18,71.37
23,Rosuvastatin 10mg,Cardiovascular,2026-04-13,24,71.37
23,Rosuvastatin 10mg,Cardiovascular,2026-04-14,28,71.37
23,Rosuvastatin 10mg,Cardiovascular,2026-04-15,21,71.37
23,Rosuvastatin 10mg,Cardiovascular,2026-04-16,23,71.37
23,Rosuvastatin 10mg,Cardiovascular,2026-04-17,31,71.37
23,Rosuvastatin 10mg,Cardiovascular,2026-04-18,21,71.37
23,Rosuvastatin 10mg,Cardiovascular,2026-04-19,17,71.37
23,Rosuvastatin 10mg,Cardiovascular,2026-04-20,24,71.37
23,Rosuvastatin 10mg,Cardiovascular,2026-04-21,24,71.37
23,Rosuvastatin 10mg,Cardiovascular,2026-04-22,27,71.37
23,Rosuvastatin 10mg,Cardiovascular,2026-04-23,31,71.37
23,Rosuvastatin 10mg,Cardiovascular,2026-04-24,32,71.37
23,Rosuvastatin 10mg,Cardiovascular,2026-04-25,16,71.37
23,Rosuvastatin 10mg,Cardiovascular,2026-04-26,14,71.37
23,Rosuvastatin 10mg,Cardiovascular,2026-04-27,29,71.37
23,Rosuvastatin 10mg,Cardiovascular,2026-04-28,25,71.37
23,Rosuvastatin 10mg,Cardiovascular,2026-04-29,26,71.37
23,Rosuvastatin 10mg,Cardiovascular,2026-04-30,34,71.37
23,Rosuvastatin 10mg,Cardiovascular,2026-05-01,32,71.37
23,Rosuvastatin 10mg,Cardiovascular,2026-05-02,19,71.37
23,Rosuvastatin 10mg,Cardiovascular,2026-05-03,13,71.37
23,Rosuvastatin 10mg,Cardiovascular,2026-05-04,29,71.37
23,Rosuvastatin 10mg,Cardiovascular,2026-05-05,33,71.37
23,Rosuvastatin 10mg,Cardiovascular,2026-05-06,27,71.37
23,Rosuvastatin 10mg,Cardiovascular,2026-05-07,34,71.37
23,Rosuvastatin 10mg,Cardiovascular,2026-05-08,33,71.37
23,Rosuvastatin 10mg,Cardiovascular,2026-05-09,26,71.37
23,Rosuvastatin 10mg,Cardiovascular,2026-05-10,20,71.37
23,Rosuvastatin 10mg,Cardiovascular,2026-05-11,31,71.37
23,Rosuvastatin 10mg,Cardiovascular,2026-05-12,34,71.37
23,Rosuvastatin 10mg,Cardiovascular,2026-05-13,30,71.37
23,Rosuvastatin 10mg,Cardiovascular,2026-05-14,26,71.37
23,Rosuvastatin 10mg,Cardiovascular,2026-05-15,26,71.37
23,Rosuvastatin 10mg,Cardiovascular,2026-05-16,20,71.37
23,Rosuvastatin 10mg,Cardiovascular,2026-05-17,13,71.37
23,Rosuvastatin 10mg,Cardiovascular,2026-05-18,28,71.37
23,Rosuvastatin 10mg,Cardiovascular,2026-05-19,33,71.37
23,Rosuvastatin 10mg,Cardiovascular,2026-05-20,19,71.37
23,Rosuvastatin 10mg,Cardiovascular,2026-05-21,35,71.37
23,Rosuvastatin 10mg,Cardiovascular,2026-05-22,33,71.37
23,Rosuvastatin 10mg,Cardiovascular,2026-05-23,17,71.37
23,Rosuvastatin 10mg,Cardiovascular,2026-05-24,21,71.37
23,Rosuvastatin 10mg,Cardiovascular,2026-05-25,28,71.37
23,Rosuvastatin 10mg,Cardiovascular,2026-05-26,33,71.37
23,Rosuvastatin 10mg,Cardiovascular,2026-05-27,32,71.37
23,Rosuvastatin 10mg,Cardiovascular,2026-05-28,22,71.37
23,Rosuvastatin 10mg,Cardiovascular,2026-05-29,31,71.37
23,Rosuvastatin 10mg,Cardiovascular,2026-05-30,18,71.37
23,Rosuvastatin 10mg,Cardiovascular,2026-05-31,19,71.37
23,Rosuvastatin 10mg,Cardiovascular,2026-06-01,25,71.37
23,Rosuvastatin 10mg,Cardiovascular,2026-06-02,35,71.37
23,Rosuvastatin 10mg,Cardiovascular,2026-06-03,32,71.37
23,Rosuvastatin 10mg,Cardiovascular,2026-06-04,25,71.37
23,Rosuvastatin 10mg,Cardiovascular,2026-06-05,23,71.37
23,Rosuvastatin 10mg,Cardiovascular,2026-06-06,17,71.37
23,Rosuvastatin 10mg,Cardiovascular,2026-06-07,20,71.37
23,Rosuvastatin 10mg,Cardiovascular,2026-06-08,29,71.37
23,Rosuvastatin 10mg,Cardiovascular,2026-06-09,33,71.37
23,Rosuvastatin 10mg,Cardiovascular,2026-06-10,31,71.37
23,Rosuvastatin 10mg,Cardiovascular,2026-06-11,32,71.37
23,Rosuvastatin 10mg,Cardiovascular,2026-06-12,29,71.37
23,Rosuvastatin 10mg,Cardiovascular,2026-06-13,13,71.37
23,Rosuvastatin 10mg,Cardiovascular,2026-06-14,18,71.37
23,Rosuvastatin 10mg,Cardiovascular,2026-06-15,33,71.37
23,Rosuvastatin 10mg,Cardiovascular,2026-06-16,28,71.37
23,Rosuvastatin 10mg,Cardiovascular,2026-06-17,30,71.37
23,Rosuvastatin 10mg,Cardiovascular,2026-06-18,27,71.37
23,Rosuvastatin 10mg,Cardiovascular,2026-06-19,24,71.37
23,Rosuvastatin 10mg,Cardiovascular,2026-06-20,18,71.37
23,Rosuvastatin 10mg,Cardiovascular,2026-06-21,20,71.37
23,Rosuvastatin 10mg,Cardiovascular,2026-06-22,25,71.37
23,Rosuvastatin 10mg,Cardiovascular,2026-06-23,27,71.37
23,Rosuvastatin 10mg,Cardiovascular,2026-06-24,24,71.37
23,Rosuvastatin 10mg,Cardiovascular,2026-06-25,33,71.37
23,Rosuvastatin 10mg,Cardiovascular,2026-06-26,27,71.37
23,Rosuvastatin 10mg,Cardiovascular,2026-06-27,25,71.37
23,Rosuvastatin 10mg,Cardiovascular,2026-06-28,25,71.37
23,Rosuvastatin 10mg,Cardiovascular,2026-06-29,28,71.37
23,Rosuvastatin 10mg,Cardiovascular,2026-06-30,24,71.37
23,Rosuvastatin 10mg,Cardiovascular,2026-07-01,19,71.37
23,Rosuvastatin 10mg,Cardiovascular,2026-07-02,22,71.37
23,Rosuvastatin 10mg,Cardiovascular,2026-07-03,22,71.37
23,Rosuvastatin 10mg,Cardiovascular,2026-07-04,24,71.37
23,Rosuvastatin 10mg,Cardiovascular,2026-07-05,19,71.37
23,Rosuvastatin 10mg,Cardiovascular,2026-07-06,30,71.37
23,Rosuvastatin 10mg,Cardiovascular,2026-07-07,19,71.37
23,Rosuvastatin 10mg,Cardiovascular,2026-07-08,23,71.37
23,Rosuvastatin 10mg,Cardiovascular,2026-07-09,32,71.37
23,Rosuvastatin 10mg,Cardiovascular,2026-07-10,29,71.37
23,Rosuvastatin 10mg,Cardiovascular,2026-07-11,18,71.37
23,Rosuvastatin 10mg,Cardiovascular,2026-07-12,21,71.37
23,Rosuvastatin 10mg,Cardiovascular,2026-07-13,35,71.37
23,Rosuvastatin 10mg,Cardiovascular,2026-07-14,27,71.37
23,Rosuvastatin 10mg,Cardiovascular,2026-07-15,28,71.37
23,Rosuvastatin 10mg,Cardiovascular,2026-07-16,29,71.37
23,Rosuvastatin 10mg,Cardiovascular,2026-07-17,38,71.37
23,Rosuvastatin 10mg,Cardiovascular,2026-07-18,10,71.37
23,Rosuvastatin 10mg,Cardiovascular,2026-07-19,21,71.37
23,Rosuvastatin 10mg,Cardiovascular,2026-07-20,28,71.37
23,Rosuvastatin 10mg,Cardiovascular,2026-07-21,30,71.37
23,Rosuvastatin 10mg,Cardiovascular,2026-07-22,25,71.37
23,Rosuvastatin 10mg,Cardiovascular,2026-07-23,28,71.37
23,Rosuvastatin 10mg,Cardiovascular,2026-07-24,31,71.37
23,Rosuvastatin 10mg,Cardiovascular,2026-07-25,32,71.37
23,Rosuvastatin 10mg,Cardiovascular,2026-07-26,22,71.37
23,Rosuvastatin 10mg,Cardiovascular,2026-07-27,25,71.37
23,Rosuvastatin 10mg,Cardiovascular,2026-07-28,26,71.37
23,Rosuvastatin 10mg,Cardiovascular,2026-07-29,26,71.37
23,Rosuvastatin 10mg,Cardiovascular,2026-07-30,21,71.37
23,Rosuvastatin 10mg,Cardiovascular,2026-07-31,27,71.37
23,Rosuvastatin 10mg,Cardiovascular,2026-08-01,22,71.37
23,Rosuvastatin 10mg,Cardiovascular,2026-08-02,13,71.37
23,Rosuvastatin 10mg,Cardiovascular,2026-08-03,32,71.37
23,Rosuvastatin 10mg,Cardiovascular,2026-08-04,30,71.37
23,Rosuvastatin 10mg,Cardiovascular,2026-08-05,25,71.37
23,Rosuvastatin 10mg,Cardiovascular,2026-08-06,28,71.37
23,Rosuvastatin 10mg,Cardiovascular,2026-08-07,35,71.37
23,Rosuvastatin 10mg,Cardiovascular,2026-08-08,22,71.37
23,Rosuvastatin 10mg,Cardiovascular,2026-08-09,19,71.37
23,Rosuvastatin 10mg,Cardiovascular,2026-08-10,27,71.37
23,Rosuvastatin 10mg,Cardiovascular,2026-08-11,28,71.37
23,Rosuvastatin 10mg,Cardiovascular,2026-08-12,26,71.37
23,Rosuvastatin 10mg,Cardiovascular,2026-08-13,19,71.37
23,Rosuvastatin 10mg,Cardiovascular,2026-08-14,37,71.37
23,Rosuvastatin 10mg,Cardiovascular,2026-08-15,19,71.37
23,Rosuvastatin 10mg,Cardiovascular,2026-08-16,20,71.37
23,Rosuvastatin 10mg,Cardiovascular,2026-08-17,28,71.37
23,Rosuvastatin 10mg,Cardiovascular,2026-08-18,25,71.37
23,Rosuvastatin 10mg,Cardiovascular,2026-08-19,27,71.37
23,Rosuvastatin 10mg,Cardiovascular,2026-08-20,21,71.37
23,Rosuvastatin 10mg,Cardiovascular,2026-08-21,38,71.37
23,Rosuvastatin 10mg,Cardiovascular,2026-08-22,13,71.37
23,Rosuvastatin 10mg,Cardiovascular,2026-08-23,14,71.37
23,Rosuvastatin 10mg,Cardiovascular,2026-08-24,26,71.37
23,Rosuvastatin 10mg,Cardiovascular,2026-08-25,33,71.37
23,Rosuvastatin 10mg,Cardiovascular,2026-08-26,28,71.37
23,Rosuvastatin 10mg,Cardiovascular,2026-08-27,23,71.37
23,Rosuvastatin 10mg,Cardiovascular,2026-08-28,33,71.37
23,Rosuvastatin 10mg,Cardiovascular,2026-08-29,22,71.37
23,Rosuvastatin 10mg,Cardiovascular,2026-08-30,21,71.37
23,Rosuvastatin 10mg,Cardiovascular,2026-08-31,31,71.37
23,Rosuvastatin 10mg,Cardiovascular,2026-09-01,38,71.37
23,Rosuvastatin 10mg,Cardiovascular,2026-09-02,37,71.37
23,Rosuvastatin 10mg,Cardiovascular,2026-09-03,25,71.37
23,Rosuvastatin 10mg,Cardiovascular,2026-09-04,35,71.37
23,Rosuvastatin 10mg,Cardiovascular,2026-09-05,20,71.37
23,Rosuvastatin 10mg,Cardiovascular,2026-09-06,21,71.37
23,Rosuvastatin 10mg,Cardiovascular,2026-09-07,21,71.37
23,Rosuvastatin 10mg,Cardiovascular,2026-09-08,27,71.37
23,Rosuvastatin 10mg,Cardiovascular,2026-09-09,25,71.37
23,Rosuvastatin 10mg,Cardiovascular,2026-09-10,32,71.37
23,Rosuvastatin 10mg,Cardiovascular,2026-09-11,33,71.37
23,Rosuvastatin 10mg,Cardiovascular,2026-09-12,10,71.37
23,Rosuvastatin 10mg,Cardiovascular,2026-09-13,18,71.37
23,Rosuvastatin 10mg,Cardiovascular,2026-09-14,33,71.37
23,Rosuvastatin 10mg,Cardiovascular,2026-09-15,27,71.37
23,Rosuvastatin 10mg,Cardiovascular,2026-09-16,31,71.37
23,Rosuvastatin 10mg,Cardiovascular,2026-09-17,30,71.37
23,Rosuvastatin 10mg,Cardiovascular,2026-09-18,30,71.37
23,Rosuvastatin 10mg,Cardiovascular,2026-09-19,17,71.37
23,Rosuvastatin 10mg,Cardiovascular,2026-09-20,13,71.37
23,Rosuvastatin 10mg,Cardiovascular,2026-09-21,23,71.37
23,Rosuvastatin 10mg,Cardiovascular,2026-09-22,31,71.37
23,Rosuvastatin 10mg,Cardiovascular,2026-09-23,28,71.37
23,Rosuvastatin 10mg,Cardiovascular,2026-09-24,28,71.37
23,Rosuvastatin 10mg,Cardiovascular,2026-09-25,26,71.37
24,Metformin 500mg ER,Antidiabetic,2026-02-18,37,68.43
24,Metformin 500mg ER,Antidiabetic,2026-02-19,52,68.43
24,Metformin 500mg ER,Antidiabetic,2026-02-20,37,68.43
24,Metformin 500mg ER,Antidiabetic,2026-02-21,12,68.43
24,Metformin 500mg ER,Antidiabetic,2026-02-22,35,68.43
24,Metformin 500mg ER,Antidiabetic,2026-02-23,38,68.43
24,Metformin 500mg ER,Antidiabetic,2026-02-24,41,68.43
24,Metformin 500mg ER,Antidiabetic,2026-02-25,59,68.43
24,Metformin 500mg ER,Antidiabetic,2026-02-26,40,68.43
24,Metformin 500mg ER,Antidiabetic,2026-02-27,44,68.43
24,Metformin 500mg ER,Antidiabetic,2026-02-28,14,68.43
24,Metformin 500mg ER,Antidiabetic,2026-03-01,24,68.43
24,Metformin 500mg ER,Antidiabetic,2026-03-02,47,68.43
24,Metformin 500mg ER,Antidiabetic,2026-03-03,23,68.43
24,Metformin 500mg ER,Antidiabetic,2026-03-04,43,68.43
24,Metformin 500mg ER,Antidiabetic,2026-03-05,42,68.43
24,Metformin 500mg ER,Antidiabetic,2026-03-06,41,68.43
24,Metformin 500mg ER,Antidiabetic,2026-03-07,39,68.43
24,Metformin 500mg ER,Antidiabetic,2026-03-08,31,68.43
24,Metformin 500mg ER,Antidiabetic,2026-03-09,57,68.43
24,Metformin 500mg ER,Antidiabetic,2026-03-10,29,68.43
24,Metformin 500mg ER,Antidiabetic,2026-03-11,42,68.43
24,Metformin 500mg ER,Antidiabetic,2026-03-12,42,68.43
24,Metformin 500mg ER,Antidiabetic,2026-03-13,29,68.43
24,Metformin 500mg ER,Antidiabetic,2026-03-14,38,68.43
24,Metformin 500mg ER,Antidiabetic,2026-03-15,53,68.43
24,Metformin 500mg ER,Antidiabetic,2026-03-16,40,68.43
24,Metformin 500mg ER,Antidiabetic,2026-03-17,46,68.43
24,Metformin 500mg ER,Antidiabetic,2026-03-18,42,68.43
24,Metformin 500mg ER,Antidiabetic,2026-03-19,33,68.43
24,Metformin 500mg ER,Antidiabetic,2026-03-20,20,68.43
24,Metformin 500mg ER,Antidiabetic,2026-03-21,19,68.43
24,Metformin 500mg ER,Antidiabetic,2026-03-22,11,68.43
24,Metformin 500mg ER,Antidiabetic,2026-03-23,60,68.43
24,Metformin 500mg ER,Antidiabetic,2026-03-24,39,68.43
24,Metformin 500mg ER,Antidiabetic,2026-03-25,37,68.43
24,Metformin 500mg ER,Antidiabetic,2026-03-26,51,68.43
24,Metformin 500mg ER,Antidiabetic,2026-03-27,28,68.43
24,Metformin 500mg ER,Antidiabetic,2026-03-28,18,68.43
24,Metformin 500mg ER,Antidiabetic,2026-03-29,28,68.43
24,Metformin 500mg ER,Antidiabetic,2026-03-30,52,68.43
24,Metformin 500mg ER,Antidiabetic,2026-03-31,46,68.43
24,Metformin 500mg ER,Antidiabetic,2026-04-01,43,68.43
24,Metformin 500mg ER,Antidiabetic,2026-04-02,41,68.43
24,Metformin 500mg ER,Antidiabetic,2026-04-03,45,68.43
24,Metformin 500mg ER,Antidiabetic,2026-04-04,29,68.43
24,Metformin 500mg ER,Antidiabetic,2026-04-05,15,68.43
24,Metformin 500mg ER,Antidiabetic,2026-04-06,41,68.43
24,Metformin 500mg ER,Antidiabetic,2026-04-07,29,68.43
24,Metformin 500mg ER,Antidiabetic,2026-04-08,42,68.43
24,Metformin 500mg ER,Antidiabetic,2026-04-09,35,68.43
24,Metformin 500mg ER,Antidiabetic,2026-04-10,69,68.43
24,Metformin 500mg ER,Antidiabetic,2026-04-11,26,68.43
24,Metformin 500mg ER,Antidiabetic,2026-04-12,11,68.43
24,Metformin 500mg ER,Antidiabetic,2026-04-13,39,68.43
24,Metformin 500mg ER,Antidiabetic,2026-04-14,46,68.43
24,Metformin 500mg ER,Antidiabetic,2026-04-15,59,68.43
24,Metformin 500mg ER,Antidiabetic,2026-04-16,34,68.43
24,Metformin 500mg ER,Antidiabetic,2026-04-17,23,68.43
24,Metformin 500mg ER,Antidiabetic,2026-04-18,36,68.43
24,Metformin 500mg ER,Antidiabetic,2026-04-19,11,68.43
24,Metformin 500mg ER,Antidiabetic,2026-04-20,36,68.43
24,Metformin 500mg ER,Antidiabetic,2026-04-21,38,68.43
24,Metformin 500mg ER,Antidiabetic,2026-04-22,40,68.43
24,Metformin 500mg ER,Antidiabetic,2026-04-23,48,68.43
24,Metformin 500mg ER,Antidiabetic,2026-04-24,33,68.43
24,Metformin 500mg ER,Antidiabetic,2026-04-25,24,68.43
24,Metformin 500mg ER,Antidiabetic,2026-04-26,27,68.43
24,Metformin 500mg ER,Antidiabetic,2026-04-27,42,68.43
24,Metformin 500mg ER,Antidiabetic,2026-04-28,42,68.43
24,Metformin 500mg ER,Antidiabetic,2026-04-29,45,68.43
24,Metformin 500mg ER,Antidiabetic,2026-04-30,50,68.43
24,Metformin 500mg ER,Antidiabetic,2026-05-01,45,68.43
24,Metformin 500mg ER,Antidiabetic,2026-05-02,32,68.43
24,Metformin 500mg ER,Antidiabetic,2026-05-03,9,68.43
24,Metformin 500mg ER,Antidiabetic,2026-05-04,41,68.43
24,Metformin 500mg ER,Antidiabetic,2026-05-05,46,68.43
24,Metformin 500mg ER,Antidiabetic,2026-05-06,49,68.43
24,Metformin 500mg ER,Antidiabetic,2026-05-07,33,68.43
24,Metformin 500mg ER,Antidiabetic,2026-05-08,33,68.43
24,Metformin 500mg ER,Antidiabetic,2026-05-09,20,68.43
24,Metformin 500mg ER,Antidiabetic,2026-05-10,33,68.43
24,Metformin 500mg ER,Antidiabetic,2026-05-11,52,68.43
24,Metformin 500mg ER,Antidiabetic,2026-05-12,36,68.43
24,Metformin 500mg ER,Antidiabetic,2026-05-13,51,68.43
24,Metformin 500mg ER,Antidiabetic,2026-05-14,42,68.43
24,Metformin 500mg ER,Antidiabetic,2026-05-15,39,68.43
24,Metformin 500mg ER,Antidiabetic,2026-05-16,25,68.43
24,Metformin 500mg ER,Antidiabetic,2026-05-17,35,68.43
24,Metformin 500mg ER,Antidiabetic,2026-05-18,44,68.43
24,Metformin 500mg ER,Antidiabetic,2026-05-19,66,68.43
24,Metformin 500mg ER,Antidiabetic,2026-05-20,31,68.43
24,Metformin 500mg ER,Antidiabetic,2026-05-21,46,68.43
24,Metformin 500mg ER,Antidiabetic,2026-05-22,35,68.43
24,Metformin 500mg ER,Antidiabetic,2026-05-23,17,68.43
24,Metformin 500mg ER,Antidiabetic,2026-05-24,27,68.43
24,Metformin 500mg ER,Antidiabetic,2026-05-25,42,68.43
24,Metformin 500mg ER,Antidiabetic,2026-05-26,73,68.43
24,Metformin 500mg ER,Antidiabetic,2026-05-27,39,68.43
24,Metformin 500mg ER,Antidiabetic,2026-05-28,28,68.43
24,Metformin 500mg ER,Antidiabetic,2026-05-29,44,68.43
24,Metformin 500mg ER,Antidiabetic,2026-05-30,4,68.43
24,Metformin 500mg ER,Antidiabetic,2026-05-31,26,68.43
24,Metformin 500mg ER,Antidiabetic,2026-06-01,41,68.43
24,Metformin 500mg ER,Antidiabetic,2026-06-02,50,68.43
24,Metformin 500mg ER,Antidiabetic,2026-06-03,52,68.43
24,Metformin 500mg ER,Antidiabetic,2026-06-04,35,68.43
24,Metformin 500mg ER,Antidiabetic,2026-06-05,39,68.43
24,Metformin 500mg ER,Antidiabetic,2026-06-06,18,68.43
24,Metformin 500mg ER,Antidiabetic,2026-06-07,14,68.43
24,Metformin 500mg ER,Antidiabetic,2026-06-08,44,68.43
24,Metformin 500mg ER,Antidiabetic,2026-06-09,26,68.43
24,Metformin 500mg ER,Antidiabetic,2026-06-10,36,68.43
24,Metformin 500mg ER,Antidiabetic,2026-06-11,29,68.43
24,Metformin 500mg ER,Antidiabetic,2026-06-12,47,68.43
24,Metformin 500mg ER,Antidiabetic,2026-06-13,47,68.43
24,Metformin 500mg ER,Antidiabetic,2026-06-14,12,68.43
24,Metformin 500mg ER,Antidiabetic,2026-06-15,20,68.43
24,Metformin 500mg ER,Antidiabetic,2026-06-16,39,68.43
24,Metformin 500mg ER,Antidiabetic,2026-06-17,41,68.43
24,Metformin 500mg ER,Antidiabetic,2026-06-18,43,68.43
24,Metformin 500mg ER,Antidiabetic,2026-06-19,36,68.43
24,Metformin 500mg ER,Antidiabetic,2026-06-20,25,68.43
24,Metformin 500mg ER,Antidiabetic,2026-06-21,31,68.43
24,Metformin 500mg ER,Antidiabetic,2026-06-22,52,68.43
24,Metformin 500mg ER,Antidiabetic,2026-06-23,19,68.43
24,Metformin 500mg ER,Antidiabetic,2026-06-24,36,68.43
24,Metformin 500mg ER,Antidiabetic,2026-06-25,43,68.43
24,Metformin 500mg ER,Antidiabetic,2026-06-26,30,68.43
24,Metformin 500mg ER,Antidiabetic,2026-06-27,46,68.43
24,Metformin 500mg ER,Antidiabetic,2026-06-28,20,68.43
24,Metformin 500mg ER,Antidiabetic,2026-06-29,40,68.43
24,Metformin 500mg ER,Antidiabetic,2026-06-30,47,68.43
24,Metformin 500mg ER,Antidiabetic,2026-07-01,34,68.43
24,Metformin 500mg ER,Antidiabetic,2026-07-02,20,68.43
24,Metformin 500mg ER,Antidiabetic,2026-07-03,36,68.43
24,Metformin 500mg ER,Antidiabetic,2026-07-04,38,68.43
24,Metformin 500mg ER,Antidiabetic,2026-07-05,23,68.43
24,Metformin 500mg ER,Antidiabetic,2026-07-06,31,68.43
24,Metformin 500mg ER,Antidiabetic,2026-07-07,51,68.43
24,Metformin 500mg ER,Antidiabetic,2026-07-08,37,68.43
24,Metformin 500mg ER,Antidiabetic,2026-07-09,35,68.43
24,Metformin 500mg ER,Antidiabetic,2026-07-10,42,68.43
24,Metformin 500mg ER,Antidiabetic,2026-07-11,36,68.43
24,Metformin 500mg ER,Antidiabetic,2026-07-12,54,68.43
24,Metformin 500mg ER,Antidiabetic,2026-07-13,50,68.43
24,Metformin 500mg ER,Antidiabetic,2026-07-14,54,68.43
24,Metformin 500mg ER,Antidiabetic,2026-07-15,35,68.43
24,Metformin 500mg ER,Antidiabetic,2026-07-16,29,68.43
24,Metformin 500mg ER,Antidiabetic,2026-07-17,41,68.43
24,Metformin 500mg ER,Antidiabetic,2026-07-18,28,68.43
24,Metformin 500mg ER,Antidiabetic,2026-07-19,15,68.43
24,Metformin 500mg ER,Antidiabetic,2026-07-20,39,68.43
24,Metformin 500mg ER,Antidiabetic,2026-07-21,45,68.43
24,Metformin 500mg ER,Antidiabetic,2026-07-22,45,68.43
24,Metformin 500mg ER,Antidiabetic,2026-07-23,46,68.43
24,Metformin 500mg ER,Antidiabetic,2026-07-24,44,68.43
24,Metformin 500mg ER,Antidiabetic,2026-07-25,21,68.43
24,Metformin 500mg ER,Antidiabetic,2026-07-26,21,68.43
24,Metformin 500mg ER,Antidiabetic,2026-07-27,27,68.43
24,Metformin 500mg ER,Antidiabetic,2026-07-28,61,68.43
24,Metformin 500mg ER,Antidiabetic,2026-07-29,41,68.43
24,Metformin 500mg ER,Antidiabetic,2026-07-30,38,68.43
24,Metformin 500mg ER,Antidiabetic,2026-07-31,30,68.43
24,Metformin 500mg ER,Antidiabetic,2026-08-01,60,68.43
24,Metformin 500mg ER,Antidiabetic,2026-08-02,15,68.43
24,Metformin 500mg ER,Antidiabetic,2026-08-03,36,68.43
24,Metformin 500mg ER,Antidiabetic,2026-08-04,45,68.43
24,Metformin 500mg ER,Antidiabetic,2026-08-05,47,68.43
24,Metformin 500mg ER,Antidiabetic,2026-08-06,51,68.43
24,Metformin 500mg ER,Antidiabetic,2026-08-07,61,68.43
24,Metformin 500mg ER,Antidiabetic,2026-08-08,33,68.43
24,Metformin 500mg ER,Antidiabetic,2026-08-09,15,68.43
24,Metformin 500mg ER,Antidiabetic,2026-08-10,38,68.43
24,Metformin 500mg ER,Antidiabetic,2026-08-11,44,68.43
24,Metformin 500mg ER,Antidiabetic,2026-08-12,64,68.43
24,Metformin 500mg ER,Antidiabetic,2026-08-13,25,68.43
24,Metformin 500mg ER,Antidiabetic,2026-08-14,54,68.43
24,Metformin 500mg ER,Antidiabetic,2026-08-15,29,68.43
24,Metformin 500mg ER,Antidiabetic,2026-08-16,36,68.43
24,Metformin 500mg ER,Antidiabetic,2026-08-17,39,68.43
24,Metformin 500mg ER,Antidiabetic,2026-08-18,31,68.43
24,Metformin 500mg ER,Antidiabetic,2026-08-19,49,68.43
24,Metformin 500mg ER,Antidiabetic,2026-08-20,48,68.43
24,Metformin 500mg ER,Antidiabetic,2026-08-21,51,68.43
24,Metformin 500mg ER,Antidiabetic,2026-08-22,27,68.43
24,Metformin 500mg ER,Antidiabetic,2026-08-23,20,68.43
24,Metformin 500mg ER,Antidiabetic,2026-08-24,23,68.43
24,Metformin 500mg ER,Antidiabetic,2026-08-25,50,68.43
24,Metformin 500mg ER,Antidiabetic,2026-08-26,45,68.43
24,Metformin 500mg ER,Antidiabetic,2026-08-27,30,68.43
24,Metformin 500mg ER,Antidiabetic,2026-08-28,35,68.43
24,Metformin 500mg ER,Antidiabetic,2026-08-29,22,68.43
24,Metformin 500mg ER,Antidiabetic,2026-08-30,10,68.43
24,Metformin 500mg ER,Antidiabetic,2026-08-31,31,68.43
24,Metformin 500mg ER,Antidiabetic,2026-09-01,28,68.43
24,Metformin 500mg ER,Antidiabetic,2026-09-02,36,68.43
24,Metformin 500mg ER,Antidiabetic,2026-09-03,32,68.43
24,Metformin 500mg ER,Antidiabetic,2026-09-04,22,68.43
24,Metformin 500mg ER,Antidiabetic,2026-09-05,50,68.43
24,Metformin 500mg ER,Antidiabetic,2026-09-06,41,68.43
24,Metformin 500mg ER,Antidiabetic,2026-09-07,32,68.43
24,Metformin 500mg ER,Antidiabetic,2026-09-08,44,68.43
24,Metformin 500mg ER,Antidiabetic,2026-09-09,45,68.43
24,Metformin 500mg ER,Antidiabetic,2026-09-10,54,68.43
24,Metformin 500mg ER,Antidiabetic,2026-09-11,31,68.43
24,Metformin 500mg ER,Antidiabetic,2026-09-12,39,68.43
24,Metformin 500mg ER,Antidiabetic,2026-09-13,21,68.43
24,Metformin 500mg ER,Antidiabetic,2026-09-14,26,68.43
24,Metformin 500mg ER,Antidiabetic,2026-09-15,49,68.43
24,Metformin 500mg ER,Antidiabetic,2026-09-16,55,68.43
24,Metformin 500mg ER,Antidiabetic,2026-09-17,70,68.43
24,Metformin 500mg ER,Antidiabetic,2026-09-18,27,68.43
24,Metformin 500mg ER,Antidiabetic,2026-09-19,35,68.43
24,Metformin 500mg ER,Antidiabetic,2026-09-20,22,68.43
24,Metformin 500mg ER,Antidiabetic,2026-09-21,49,68.43
24,Metformin 500mg ER,Antidiabetic,2026-09-22,24,68.43
24,Metformin 500mg ER,Antidiabetic,2026-09-23,26,68.43
24,Metformin 500mg ER,Antidiabetic,2026-09-24,32,68.43
24,Metformin 500mg ER,Antidiabetic,2026-09-25,41,68.43
25,Glimepiride 2mg,Antidiabetic,2026-02-18,45,60.93
25,Glimepiride 2mg,Antidiabetic,2026-02-19,62,60.93
25,Glimepiride 2mg,Antidiabetic,2026-02-20,67,60.93
25,Glimepiride 2mg,Antidiabetic,2026-02-21,44,60.93
25,Glimepiride 2mg,Antidiabetic,2026-02-22,57,60.93
25,Glimepiride 2mg,Antidiabetic,2026-02-23,59,60.93
25,Glimepiride 2mg,Antidiabetic,2026-02-24,37,60.93
25,Glimepiride 2mg,Antidiabetic,2026-02-25,72,60.93
25,Glimepiride 2mg,Antidiabetic,2026-02-26,46,60.93
25,Glimepiride 2mg,Antidiabetic,2026-02-27,66,60.93
25,Glimepiride 2mg,Antidiabetic,2026-02-28,57,60.93
25,Glimepiride 2mg,Antidiabetic,2026-03-01,42,60.93
25,Glimepiride 2mg,Antidiabetic,2026-03-02,34,60.93
25,Glimepiride 2mg,Antidiabetic,2026-03-03,41,60.93
25,Glimepiride 2mg,Antidiabetic,2026-03-04,71,60.93
25,Glimepiride 2mg,Antidiabetic,2026-03-05,51,60.93
25,Glimepiride 2mg,Antidiabetic,2026-03-06,55,60.93
25,Glimepiride 2mg,Antidiabetic,2026-03-07,46,60.93
25,Glimepiride 2mg,Antidiabetic,2026-03-08,45,60.93
25,Glimepiride 2mg,Antidiabetic,2026-03-09,57,60.93
25,Glimepiride 2mg,Antidiabetic,2026-03-10,51,60.93
25,Glimepiride 2mg,Antidiabetic,2026-03-11,49,60.93
25,Glimepiride 2mg,Antidiabetic,2026-03-12,65,60.93
25,Glimepiride 2mg,Antidiabetic,2026-03-13,61,60.93
25,Glimepiride 2mg,Antidiabetic,2026-03-14,32,60.93
25,Glimepiride 2mg,Antidiabetic,2026-03-15,50,60.93
25,Glimepiride 2mg,Antidiabetic,2026-03-16,52,60.93
25,Glimepiride 2mg,Antidiabetic,2026-03-17,42,60.93
25,Glimepiride 2mg,Antidiabetic,2026-03-18,44,60.93
25,Glimepiride 2mg,Antidiabetic,2026-03-19,41,60.93
25,Glimepiride 2mg,Antidiabetic,2026-03-20,50,60.93
25,Glimepiride 2mg,Antidiabetic,2026-03-21,52,60.93
25,Glimepiride 2mg,Antidiabetic,2026-03-22,25,60.93
25,Glimepiride 2mg,Antidiabetic,2026-03-23,56,60.93
25,Glimepiride 2mg,Antidiabetic,2026-03-24,45,60.93
25,Glimepiride 2mg,Antidiabetic,2026-03-25,50,60.93
25,Glimepiride 2mg,Antidiabetic,2026-03-26,34,60.93
25,Glimepiride 2mg,Antidiabetic,2026-03-27,51,60.93
25,Glimepiride 2mg,Antidiabetic,2026-03-28,33,60.93
25,Glimepiride 2mg,Antidiabetic,2026-03-29,43,60.93
25,Glimepiride 2mg,Antidiabetic,2026-03-30,57,60.93
25,Glimepiride 2mg,Antidiabetic,2026-03-31,38,60.93
25,Glimepiride 2mg,Antidiabetic,2026-04-01,68,60.93
25,Glimepiride 2mg,Antidiabetic,2026-04-02,56,60.93
25,Glimepiride 2mg,Antidiabetic,2026-04-03,56,60.93
25,Glimepiride 2mg,Antidiabetic,2026-04-04,35,60.93
25,Glimepiride 2mg,Antidiabetic,2026-04-05,29,60.93
25,Glimepiride 2mg,Antidiabetic,2026-04-06,57,60.93
25,Glimepiride 2mg,Antidiabetic,2026-04-07,60,60.93
25,Glimepiride 2mg,Antidiabetic,2026-04-08,30,60.93
25,Glimepiride 2mg,Antidiabetic,2026-04-09,46,60.93
25,Glimepiride 2mg,Antidiabetic,2026-04-10,50,60.93
25,Glimepiride 2mg,Antidiabetic,2026-04-11,39,60.93
25,Glimepiride 2mg,Antidiabetic,2026-04-12,52,60.93
25,Glimepiride 2mg,Antidiabetic,2026-04-13,43,60.93
25,Glimepiride 2mg,Antidiabetic,2026-04-14,47,60.93
25,Glimepiride 2mg,Antidiabetic,2026-04-15,47,60.93
25,Glimepiride 2mg,Antidiabetic,2026-04-16,43,60.93
25,Glimepiride 2mg,Antidiabetic,2026-04-17,49,60.93
25,Glimepiride 2mg,Antidiabetic,2026-04-18,46,60.93
25,Glimepiride 2mg,Antidiabetic,2026-04-19,22,60.93
25,Glimepiride 2mg,Antidiabetic,2026-04-20,59,60.93
25,Glimepiride 2mg,Antidiabetic,2026-04-21,31,60.93
25,Glimepiride 2mg,Antidiabetic,2026-04-22,46,60.93
25,Glimepiride 2mg,Antidiabetic,2026-04-23,49,60.93
25,Glimepiride 2mg,Antidiabetic,2026-04-24,76,60.93
25,Glimepiride 2mg,Antidiabetic,2026-04-25,32,60.93
25,Glimepiride 2mg,Antidiabetic,2026-04-26,6,60.93
25,Glimepiride 2mg,Antidiabetic,2026-04-27,27,60.93
25,Glimepiride 2mg,Antidiabetic,2026-04-28,54,60.93
25,Glimepiride 2mg,Antidiabetic,2026-04-29,62,60.93
25,Glimepiride 2mg,Antidiabetic,2026-04-30,59,60.93
25,Glimepiride 2mg,Antidiabetic,2026-05-01,56,60.93
25,Glimepiride 2mg,Antidiabetic,2026-05-02,51,60.93
25,Glimepiride 2mg,Antidiabetic,2026-05-03,28,60.93
25,Glimepiride 2mg,Antidiabetic,2026-05-04,66,60.93
25,Glimepiride 2mg,Antidiabetic,2026-05-05,32,60.93
25,Glimepiride 2mg,Antidiabetic,2026-05-06,42,60.93
25,Glimepiride 2mg,Antidiabetic,2026-05-07,30,60.93
25,Glimepiride 2mg,Antidiabetic,2026-05-08,50,60.93
25,Glimepiride 2mg,Antidiabetic,2026-05-09,35,60.93
25,Glimepiride 2mg,Antidiabetic,2026-05-10,37,60.93
25,Glimepiride 2mg,Antidiabetic,2026-05-11,54,60.93
25,Glimepiride 2mg,Antidiabetic,2026-05-12,41,60.93
25,Glimepiride 2mg,Antidiabetic,2026-05-13,51,60.93
25,Glimepiride 2mg,Antidiabetic,2026-05-14,34,60.93
25,Glimepiride 2mg,Antidiabetic,2026-05-15,72,60.93
25,Glimepiride 2mg,Antidiabetic,2026-05-16,32,60.93
25,Glimepiride 2mg,Antidiabetic,2026-05-17,29,60.93
25,Glimepiride 2mg,Antidiabetic,2026-05-18,75,60.93
25,Glimepiride 2mg,Antidiabetic,2026-05-19,37,60.93
25,Glimepiride 2mg,Antidiabetic,2026-05-20,39,60.93
25,Glimepiride 2mg,Antidiabetic,2026-05-21,39,60.93
25,Glimepiride 2mg,Antidiabetic,2026-05-22,53,60.93
25,Glimepiride 2mg,Antidiabetic,2026-05-23,41,60.93
25,Glimepiride 2mg,Antidiabetic,2026-05-24,45,60.93
25,Glimepiride 2mg,Antidiabetic,2026-05-25,88,60.93
25,Glimepiride 2mg,Antidiabetic,2026-05-26,24,60.93
25,Glimepiride 2mg,Antidiabetic,2026-05-27,62,60.93
25,Glimepiride 2mg,Antidiabetic,2026-05-28,46,60.93
25,Glimepiride 2mg,Antidiabetic,2026-05-29,46,60.93
25,Glimepiride 2mg,Antidiabetic,2026-05-30,27,60.93
25,Glimepiride 2mg,Antidiabetic,2026-05-31,23,60.93
25,Glimepiride 2mg,Antidiabetic,2026-06-01,76,60.93
25,Glimepiride 2mg,Antidiabetic,2026-06-02,65,60.93
25,Glimepiride 2mg,Antidiabetic,2026-06-03,54,60.93
25,Glimepiride 2mg,Antidiabetic,2026-06-04,72,60.93
25,Glimepiride 2mg,Antidiabetic,2026-06-05,33,60.93
25,Glimepiride 2mg,Antidiabetic,2026-06-06,18,60.93
25,Glimepiride 2mg,Antidiabetic,2026-06-07,7,60.93
25,Glimepiride 2mg,Antidiabetic,2026-06-08,44,60.93
25,Glimepiride 2mg,Antidiabetic,2026-06-09,56,60.93
25,Glimepiride 2mg,Antidiabetic,2026-06-10,55,60.93
25,Glimepiride 2mg,Antidiabetic,2026-06-11,56,60.93
25,Glimepiride 2mg,Antidiabetic,2026-06-12,35,60.93
25,Glimepiride 2mg,Antidiabetic,2026-06-13,46,60.93
25,Glimepiride 2mg,Antidiabetic,2026-06-14,39,60.93
25,Glimepiride 2mg,Antidiabetic,2026-06-15,63,60.93
25,Glimepiride 2mg,Antidiabetic,2026-06-16,28,60.93
25,Glimepiride 2mg,Antidiabetic,2026-06-17,58,60.93
25,Glimepiride 2mg,Antidiabetic,2026-06-18,38,60.93
25,Glimepiride 2mg,Antidiabetic,2026-06-19,48,60.93
25,Glimepiride 2mg,Antidiabetic,2026-06-20,43,60.93
25,Glimepiride 2mg,Antidiabetic,2026-06-21,37,60.93
25,Glimepiride 2mg,Antidiabetic,2026-06-22,42,60.93
25,Glimepiride 2mg,Antidiabetic,2026-06-23,54,60.93
25,Glimepiride 2mg,Antidiabetic,2026-06-24,33,60.93
25,Glimepiride 2mg,Antidiabetic,2026-06-25,69,60.93
25,Glimepiride 2mg,Antidiabetic,2026-06-26,51,60.93
25,Glimepiride 2mg,Antidiabetic,2026-06-27,51,60.93
25,Glimepiride 2mg,Antidiabetic,2026-06-28,29,60.93
25,Glimepiride 2mg,Antidiabetic,2026-06-29,47,60.93
25,Glimepiride 2mg,Antidiabetic,2026-06-30,43,60.93
25,Glimepiride 2mg,Antidiabetic,2026-07-01,65,60.93
25,Glimepiride 2mg,Antidiabetic,2026-07-02,44,60.93
25,Glimepiride 2mg,Antidiabetic,2026-07-03,62,60.93
25,Glimepiride 2mg,Antidiabetic,2026-07-04,31,60.93
25,Glimepiride 2mg,Antidiabetic,2026-07-05,9,60.93
25,Glimepiride 2mg,Antidiabetic,2026-07-06,46,60.93
25,Glimepiride 2mg,Antidiabetic,2026-07-07,38,60.93
25,Glimepiride 2mg,Antidiabetic,2026-07-08,54,60.93
25,Glimepiride 2mg,Antidiabetic,2026-07-09,38,60.93
25,Glimepiride 2mg,Antidiabetic,2026-07-10,66,60.93
25,Glimepiride 2mg,Antidiabetic,2026-07-11,34,60.93
25,Glimepiride 2mg,Antidiabetic,2026-07-12,33,60.93
25,Glimepiride 2mg,Antidiabetic,2026-07-13,62,60.93
25,Glimepiride 2mg,Antidiabetic,2026-07-14,66,60.93
25,Glimepiride 2mg,Antidiabetic,2026-07-15,53,60.93
25,Glimepiride 2mg,Antidiabetic,2026-07-16,43,60.93
25,Glimepiride 2mg,Antidiabetic,2026-07-17,30,60.93
25,Glimepiride 2mg,Antidiabetic,2026-07-18,26,60.93
25,Glimepiride 2mg,Antidiabetic,2026-07-19,27,60.93
25,Glimepiride 2mg,Antidiabetic,2026-07-20,55,60.93
25,Glimepiride 2mg,Antidiabetic,2026-07-21,49,60.93
25,Glimepiride 2mg,Antidiabetic,2026-07-22,63,60.93
25,Glimepiride 2mg,Antidiabetic,2026-07-23,45,60.93
25,Glimepiride 2mg,Antidiabetic,2026-07-24,53,60.93
25,Glimepiride 2mg,Antidiabetic,2026-07-25,51,60.93
25,Glimepiride 2mg,Antidiabetic,2026-07-26,40,60.93
25,Glimepiride 2mg,Antidiabetic,2026-07-27,53,60.93
25,Glimepiride 2mg,Antidiabetic,2026-07-28,46,60.93
25,Glimepiride 2mg,Antidiabetic,2026-07-29,45,60.93
25,Glimepiride 2mg,Antidiabetic,2026-07-30,42,60.93
25,Glimepiride 2mg,Antidiabetic,2026-07-31,46,60.93
25,Glimepiride 2mg,Antidiabetic,2026-08-01,46,60.93
25,Glimepiride 2mg,Antidiabetic,2026-08-02,33,60.93
25,Glimepiride 2mg,Antidiabetic,2026-08-03,36,60.93
25,Glimepiride 2mg,Antidiabetic,2026-08-04,77,60.93
25,Glimepiride 2mg,Antidiabetic,2026-08-05,58,60.93
25,Glimepiride 2mg,Antidiabetic,2026-08-06,35,60.93
25,Glimepiride 2mg,Antidiabetic,2026-08-07,48,60.93
25,Glimepiride 2mg,Antidiabetic,2026-08-08,37,60.93
25,Glimepiride 2mg,Antidiabetic,2026-08-09,58,60.93
25,Glimepiride 2mg,Antidiabetic,2026-08-10,39,60.93
25,Glimepiride 2mg,Antidiabetic,2026-08-11,67,60.93
25,Glimepiride 2mg,Antidiabetic,2026-08-12,72,60.93
25,Glimepiride 2mg,Antidiabetic,2026-08-13,45,60.93
25,Glimepiride 2mg,Antidiabetic,2026-08-14,50,60.93
25,Glimepiride 2mg,Antidiabetic,2026-08-15,22,60.93
25,Glimepiride 2mg,Antidiabetic,2026-08-16,33,60.93
25,Glimepiride 2mg,Antidiabetic,2026-08-17,53,60.93
25,Glimepiride 2mg,Antidiabetic,2026-08-18,62,60.93
25,Glimepiride 2mg,Antidiabetic,2026-08-19,68,60.93
25,Glimepiride 2mg,Antidiabetic,2026-08-20,44,60.93
25,Glimepiride 2mg,Antidiabetic,2026-08-21,27,60.93
25,Glimepiride 2mg,Antidiabetic,2026-08-22,35,60.93
25,Glimepiride 2mg,Antidiabetic,2026-08-23,40,60.93
25,Glimepiride 2mg,Antidiabetic,2026-08-24,57,60.93
25,Glimepiride 2mg,Antidiabetic,2026-08-25,49,60.93
25,Glimepiride 2mg,Antidiabetic,2026-08-26,55,60.93
25,Glimepiride 2mg,Antidiabetic,2026-08-27,74,60.93
25,Glimepiride 2mg,Antidiabetic,2026-08-28,59,60.93
25,Glimepiride 2mg,Antidiabetic,2026-08-29,31,60.93
25,Glimepiride 2mg,Antidiabetic,2026-08-30,29,60.93
25,Glimepiride 2mg,Antidiabetic,2026-08-31,51,60.93
25,Glimepiride 2mg,Antidiabetic,2026-09-01,75,60.93
25,Glimepiride 2mg,Antidiabetic,2026-09-02,51,60.93
25,Glimepiride 2mg,Antidiabetic,2026-09-03,53,60.93
25,Glimepiride 2mg,Antidiabetic,2026-09-04,47,60.93
25,Glimepiride 2mg,Antidiabetic,2026-09-05,50,60.93
25,Glimepiride 2mg,Antidiabetic,2026-09-06,62,60.93
25,Glimepiride 2mg,Antidiabetic,2026-09-07,60,60.93
25,Glimepiride 2mg,Antidiabetic,2026-09-08,55,60.93
25,Glimepiride 2mg,Antidiabetic,2026-09-09,54,60.93
25,Glimepiride 2mg,Antidiabetic,2026-09-10,22,60.93
25,Glimepiride 2mg,Antidiabetic,2026-09-11,64,60.93
25,Glimepiride 2mg,Antidiabetic,2026-09-12,37,60.93
25,Glimepiride 2mg,Antidiabetic,2026-09-13,41,60.93
25,Glimepiride 2mg,Antidiabetic,2026-09-14,44,60.93
25,Glimepiride 2mg,Antidiabetic,2026-09-15,49,60.93
25,Glimepiride 2mg,Antidiabetic,2026-09-16,48,60.93
25,Glimepiride 2mg,Antidiabetic,2026-09-17,67,60.93
25,Glimepiride 2mg,Antidiabetic,2026-09-18,49,60.93
25,Glimepiride 2mg,Antidiabetic,2026-09-19,63,60.93
25,Glimepiride 2mg,Antidiabetic,2026-09-20,41,60.93
25,Glimepiride 2mg,Antidiabetic,2026-09-21,37,60.93
25,Glimepiride 2mg,Antidiabetic,2026-09-22,52,60.93
25,Glimepiride 2mg,Antidiabetic,2026-09-23,45,60.93
25,Glimepiride 2mg,Antidiabetic,2026-09-24,24,60.93
25,Glimepiride 2mg,Antidiabetic,2026-09-25,75,60.93
26,Insulin Glargine 100IU/ml,Antidiabetic,2026-02-18,43,67.2
26,Insulin Glargine 100IU/ml,Antidiabetic,2026-02-19,42,67.2
26,Insulin Glargine 100IU/ml,Antidiabetic,2026-02-20,40,67.2
26,Insulin Glargine 100IU/ml,Antidiabetic,2026-02-21,17,67.2
26,Insulin Glargine 100IU/ml,Antidiabetic,2026-02-22,23,67.2
26,Insulin Glargine 100IU/ml,Antidiabetic,2026-02-23,44,67.2
26,Insulin Glargine 100IU/ml,Antidiabetic,2026-02-24,32,67.2
26,Insulin Glargine 100IU/ml,Antidiabetic,2026-02-25,23,67.2
26,Insulin Glargine 100IU/ml,Antidiabetic,2026-02-26,38,67.2
26,Insulin Glargine 100IU/ml,Antidiabetic,2026-02-27,38,67.2
26,Insulin Glargine 100IU/ml,Antidiabetic,2026-02-28,27,67.2
26,Insulin Glargine 100IU/ml,Antidiabetic,2026-03-01,30,67.2
26,Insulin Glargine 100IU/ml,Antidiabetic,2026-03-02,43,67.2
26,Insulin Glargine 100IU/ml,Antidiabetic,2026-03-03,41,67.2
26,Insulin Glargine 100IU/ml,Antidiabetic,2026-03-04,46,67.2
26,Insulin Glargine 100IU/ml,Antidiabetic,2026-03-05,30,67.2
26,Insulin Glargine 100IU/ml,Antidiabetic,2026-03-06,42,67.2
26,Insulin Glargine 100IU/ml,Antidiabetic,2026-03-07,30,67.2
26,Insulin Glargine 100IU/ml,Antidiabetic,2026-03-08,18,67.2
26,Insulin Glargine 100IU/ml,Antidiabetic,2026-03-09,30,67.2
26,Insulin Glargine 100IU/ml,Antidiabetic,2026-03-10,34,67.2
26,Insulin Glargine 100IU/ml,Antidiabetic,2026-03-11,35,67.2
26,Insulin Glargine 100IU/ml,Antidiabetic,2026-03-12,44,67.2
26,Insulin Glargine 100IU/ml,Antidiabetic,2026-03-13,35,67.2
26,Insulin Glargine 100IU/ml,Antidiabetic,2026-03-14,21,67.2
26,Insulin Glargine 100IU/ml,Antidiabetic,2026-03-15,22,67.2
26,Insulin Glargine 100IU/ml,Antidiabetic,2026-03-16,46,67.2
26,Insulin Glargine 100IU/ml,Antidiabetic,2026-03-17,39,67.2
26,Insulin Glargine 100IU/ml,Antidiabetic,2026-03-18,38,67.2
26,Insulin Glargine 100IU/ml,Antidiabetic,2026-03-19,38,67.2
26,Insulin Glargine 100IU/ml,Antidiabetic,2026-03-20,47,67.2
26,Insulin Glargine 100IU/ml,Antidiabetic,2026-03-21,21,67.2
26,Insulin Glargine 100IU/ml,Antidiabetic,2026-03-22,34,67.2
26,Insulin Glargine 100IU/ml,Antidiabetic,2026-03-23,40,67.2
26,Insulin Glargine 100IU/ml,Antidiabetic,2026-03-24,38,67.2
26,Insulin Glargine 100IU/ml,Antidiabetic,2026-03-25,54,67.2
26,Insulin Glargine 100IU/ml,Antidiabetic,2026-03-26,32,67.2
26,Insulin Glargine 100IU/ml,Antidiabetic,2026-03-27,37,67.2
26,Insulin Glargine 100IU/ml,Antidiabetic,2026-03-28,18,67.2
26,Insulin Glargine 100IU/ml,Antidiabetic,2026-03-29,32,67.2
26,Insulin Glargine 100IU/ml,Antidiabetic,2026-03-30,49,67.2
26,Insulin Glargine 100IU/ml,Antidiabetic,2026-03-31,49,67.2
26,Insulin Glargine 100IU/ml,Antidiabetic,2026-04-01,47,67.2
26,Insulin Glargine 100IU/ml,Antidiabetic,2026-04-02,38,67.2
26,Insulin Glargine 100IU/ml,Antidiabetic,2026-04-03,37,67.2
26,Insulin Glargine 100IU/ml,Antidiabetic,2026-04-04,15,67.2
26,Insulin Glargine 100IU/ml,Antidiabetic,2026-04-05,38,67.2
26,Insulin Glargine 100IU/ml,Antidiabetic,2026-04-06,42,67.2
26,Insulin Glargine 100IU/ml,Antidiabetic,2026-04-07,36,67.2
26,Insulin Glargine 100IU/ml,Antidiabetic,2026-04-08,47,67.2
26,Insulin Glargine 100IU/ml,Antidiabetic,2026-04-09,33,67.2
26,Insulin Glargine 100IU/ml,Antidiabetic,2026-04-10,42,67.2
26,Insulin Glargine 100IU/ml,Antidiabetic,2026-04-11,25,67.2
26,Insulin Glargine 100IU/ml,Antidiabetic,2026-04-12,30,67.2
26,Insulin Glargine 100IU/ml,Antidiabetic,2026-04-13,39,67.2
26,Insulin Glargine 100IU/ml,Antidiabetic,2026-04-14,30,67.2
26,Insulin Glargine 100IU/ml,Antidiabetic,2026-04-15,39,67.2
26,Insulin Glargine 100IU/ml,Antidiabetic,2026-04-16,45,67.2
26,Insulin Glargine 100IU/ml,Antidiabetic,2026-04-17,39,67.2
26,Insulin Glargine 100IU/ml,Antidiabetic,2026-04-18,31,67.2
26,Insulin Glargine 100IU/ml,Antidiabetic,2026-04-19,19,67.2
26,Insulin Glargine 100IU/ml,Antidiabetic,2026-04-20,39,67.2
26,Insulin Glargine 100IU/ml,Antidiabetic,2026-04-21,35,67.2
26,Insulin Glargine 100IU/ml,Antidiabetic,2026-04-22,44,67.2
26,Insulin Glargine 100IU/ml,Antidiabetic,2026-04-23,39,67.2
26,Insulin Glargine 100IU/ml,Antidiabetic,2026-04-24,43,67.2
26,Insulin Glargine 100IU/ml,Antidiabetic,2026-04-25,33,67.2
26,Insulin Glargine 100IU/ml,Antidiabetic,2026-04-26,30,67.2
26,Insulin Glargine 100IU/ml,Antidiabetic,2026-04-27,41,67.2
26,Insulin Glargine 100IU/ml,Antidiabetic,2026-04-28,33,67.2
26,Insulin Glargine 100IU/ml,Antidiabetic,2026-04-29,39,67.2
26,Insulin Glargine 100IU/ml,Antidiabetic,2026-04-30,36,67.2
26,Insulin Glargine 100IU/ml,Antidiabetic,2026-05-01,37,67.2
26,Insulin Glargine 100IU/ml,Antidiabetic,2026-05-02,24,67.2
26,Insulin Glargine 100IU/ml,Antidiabetic,2026-05-03,20,67.2
26,Insulin Glargine 100IU/ml,Antidiabetic,2026-05-04,27,67.2
26,Insulin Glargine 100IU/ml,Antidiabetic,2026-05-05,35,67.2
26,Insulin Glargine 100IU/ml,Antidiabetic,2026-05-06,40,67.2
26,Insulin Glargine 100IU/ml,Antidiabetic,2026-05-07,31,67.2
26,Insulin Glargine 100IU/ml,Antidiabetic,2026-05-08,39,67.2
26,Insulin Glargine 100IU/ml,Antidiabetic,2026-05-09,38,67.2
26,Insulin Glargine 100IU/ml,Antidiabetic,2026-05-10,32,67.2
26,Insulin Glargine 100IU/ml,Antidiabetic,2026-05-11,49,67.2
26,Insulin Glargine 100IU/ml,Antidiabetic,2026-05-12,41,67.2
26,Insulin Glargine 100IU/ml,Antidiabetic,2026-05-13,46,67.2
26,Insulin Glargine 100IU/ml,Antidiabetic,2026-05-14,35,67.2
26,Insulin Glargine 100IU/ml,Antidiabetic,2026-05-15,35,67.2
26,Insulin Glargine 100IU/ml,Antidiabetic,2026-05-16,9,67.2
26,Insulin Glargine 100IU/ml,Antidiabetic,2026-05-17,33,67.2
26,Insulin Glargine 100IU/ml,Antidiabetic,2026-05-18,49,67.2
26,Insulin Glargine 100IU/ml,Antidiabetic,2026-05-19,36,67.2
26,Insulin Glargine 100IU/ml,Antidiabetic,2026-05-20,37,67.2
26,Insulin Glargine 100IU/ml,Antidiabetic,2026-05-21,34,67.2
26,Insulin Glargine 100IU/ml,Antidiabetic,2026-05-22,41,67.2
26,Insulin Glargine 100IU/ml,Antidiabetic,2026-05-23,33,67.2
26,Insulin Glargine 100IU/ml,Antidiabetic,2026-05-24,15,67.2
26,Insulin Glargine 100IU/ml,Antidiabetic,2026-05-25,42,67.2
26,Insulin Glargine 100IU/ml,Antidiabetic,2026-05-26,37,67.2
26,Insulin Glargine 100IU/ml,Antidiabetic,2026-05-27,40,67.2
26,Insulin Glargine 100IU/ml,Antidiabetic,2026-05-28,42,67.2
26,Insulin Glargine 100IU/ml,Antidiabetic,2026-05-29,38,67.2
26,Insulin Glargine 100IU/ml,Antidiabetic,2026-05-30,25,67.2
26,Insulin Glargine 100IU/ml,Antidiabetic,2026-05-31,25,67.2
26,Insulin Glargine 100IU/ml,Antidiabetic,2026-06-01,45,67.2
26,Insulin Glargine 100IU/ml,Antidiabetic,2026-06-02,42,67.2
26,Insulin Glargine 100IU/ml,Antidiabetic,2026-06-03,40,67.2
26,Insulin Glargine 100IU/ml,Antidiabetic,2026-06-04,31,67.2
26,Insulin Glargine 100IU/ml,Antidiabetic,2026-06-05,37,67.2
26,Insulin Glargine 100IU/ml,Antidiabetic,2026-06-06,31,67.2
26,Insulin Glargine 100IU/ml,Antidiabetic,2026-06-07,26,67.2
26,Insulin Glargine 100IU/ml,Antidiabetic,2026-06-08,43,67.2
26,Insulin Glargine 100IU/ml,Antidiabetic,2026-06-09,50,67.2
26,Insulin Glargine 100IU/ml,Antidiabetic,2026-06-10,45,67.2
26,Insulin Glargine 100IU/ml,Antidiabetic,2026-06-11,40,67.2
26,Insulin Glargine 100IU/ml,Antidiabetic,2026-06-12,36,67.2
26,Insulin Glargine 100IU/ml,Antidiabetic,2026-06-13,10,67.2
26,Insulin Glargine 100IU/ml,Antidiabetic,2026-06-14,25,67.2
26,Insulin Glargine 100IU/ml,Antidiabetic,2026-06-15,37,67.2
26,Insulin Glargine 100IU/ml,Antidiabetic,2026-06-16,41,67.2
26,Insulin Glargine 100IU/ml,Antidiabetic,2026-06-17,38,67.2
26,Insulin Glargine 100IU/ml,Antidiabetic,2026-06-18,37,67.2
26,Insulin Glargine 100IU/ml,Antidiabetic,2026-06-19,28,67.2
26,Insulin Glargine 100IU/ml,Antidiabetic,2026-06-20,20,67.2
26,Insulin Glargine 100IU/ml,Antidiabetic,2026-06-21,29,67.2
26,Insulin Glargine 100IU/ml,Antidiabetic,2026-06-22,50,67.2
26,Insulin Glargine 100IU/ml,Antidiabetic,2026-06-23,38,67.2
26,Insulin Glargine 100IU/ml,Antidiabetic,2026-06-24,41,67.2
26,Insulin Glargine 100IU/ml,Antidiabetic,2026-06-25,45,67.2
26,Insulin Glargine 100IU/ml,Antidiabetic,2026-06-26,34,67.2
26,Insulin Glargine 100IU/ml,Antidiabetic,2026-06-27,28,67.2
26,Insulin Glargine 100IU/ml,Antidiabetic,2026-06-28,21,67.2
26,Insulin Glargine 100IU/ml,Antidiabetic,2026-06-29,44,67.2
26,Insulin Glargine 100IU/ml,Antidiabetic,2026-06-30,40,67.2
26,Insulin Glargine 100IU/ml,Antidiabetic,2026-07-01,41,67.2
26,Insulin Glargine 100IU/ml,Antidiabetic,2026-07-02,34,67.2
26,Insulin Glargine 100IU/ml,Antidiabetic,2026-07-03,43,67.2
26,Insulin Glargine 100IU/ml,Antidiabetic,2026-07-04,39,67.2
26,Insulin Glargine 100IU/ml,Antidiabetic,2026-07-05,20,67.2
26,Insulin Glargine 100IU/ml,Antidiabetic,2026-07-06,37,67.2
26,Insulin Glargine 100IU/ml,Antidiabetic,2026-07-07,40,67.2
26,Insulin Glargine 100IU/ml,Antidiabetic,2026-07-08,44,67.2
26,Insulin Glargine 100IU/ml,Antidiabetic,2026-07-09,36,67.2
26,Insulin Glargine 100IU/ml,Antidiabetic,2026-07-10,21,67.2
26,Insulin Glargine 100IU/ml,Antidiabetic,2026-07-11,34,67.2
26,Insulin Glargine 100IU/ml,Antidiabetic,2026-07-12,31,67.2
26,Insulin Glargine 100IU/ml,Antidiabetic,2026-07-13,28,67.2
26,Insulin Glargine 100IU/ml,Antidiabetic,2026-07-14,35,67.2
26,Insulin Glargine 100IU/ml,Antidiabetic,2026-07-15,49,67.2
26,Insulin Glargine 100IU/ml,Antidiabetic,2026-07-16,48,67.2
26,Insulin Glargine 100IU/ml,Antidiabetic,2026-07-17,45,67.2
26,Insulin Glargine 100IU/ml,Antidiabetic,2026-07-18,25,67.2
26,Insulin Glargine 100IU/ml,Antidiabetic,2026-07-19,26,67.2
26,Insulin Glargine 100IU/ml,Antidiabetic,2026-07-20,38,67.2
26,Insulin Glargine 100IU/ml,Antidiabetic,2026-07-21,46,67.2
26,Insulin Glargine 100IU/ml,Antidiabetic,2026-07-22,34,67.2
26,Insulin Glargine 100IU/ml,Antidiabetic,2026-07-23,34,67.2
26,Insulin Glargine 100IU/ml,Antidiabetic,2026-07-24,45,67.2
26,Insulin Glargine 100IU/ml,Antidiabetic,2026-07-25,26,67.2
26,Insulin Glargine 100IU/ml,Antidiabetic,2026-07-26,34,67.2
26,Insulin Glargine 100IU/ml,Antidiabetic,2026-07-27,35,67.2
26,Insulin Glargine 100IU/ml,Antidiabetic,2026-07-28,39,67.2
26,Insulin Glargine 100IU/ml,Antidiabetic,2026-07-29,33,67.2
26,Insulin Glargine 100IU/ml,Antidiabetic,2026-07-30,39,67.2
26,Insulin Glargine 100IU/ml,Antidiabetic,2026-07-31,30,67.2
26,Insulin Glargine 100IU/ml,Antidiabetic,2026-08-01,23,67.2
26,Insulin Glargine 100IU/ml,Antidiabetic,2026-08-02,17,67.2
26,Insulin Glargine 100IU/ml,Antidiabetic,2026-08-03,43,67.2
26,Insulin Glargine 100IU/ml,Antidiabetic,2026-08-04,43,67.2
26,Insulin Glargine 100IU/ml,Antidiabetic,2026-08-05,28,67.2
26,Insulin Glargine 100IU/ml,Antidiabetic,2026-08-06,47,67.2
26,Insulin Glargine 100IU/ml,Antidiabetic,2026-08-07,54,67.2
26,Insulin Glargine 100IU/ml,Antidiabetic,2026-08-08,26,67.2
26,Insulin Glargine 100IU/ml,Antidiabetic,2026-08-09,22,67.2
26,Insulin Glargine 100IU/ml,Antidiabetic,2026-08-10,56,67.2
26,Insulin Glargine 100IU/ml,Antidiabetic,2026-08-11,31,67.2
26,Insulin Glargine 100IU/ml,Antidiabetic,2026-08-12,39,67.2
26,Insulin Glargine 100IU/ml,Antidiabetic,2026-08-13,40,67.2
26,Insulin Glargine 100IU/ml,Antidiabetic,2026-08-14,47,67.2
26,Insulin Glargine 100IU/ml,Antidiabetic,2026-08-15,28,67.2
26,Insulin Glargine 100IU/ml,Antidiabetic,2026-08-16,23,67.2
26,Insulin Glargine 100IU/ml,Antidiabetic,2026-08-17,33,67.2
26,Insulin Glargine 100IU/ml,Antidiabetic,2026-08-18,37,67.2
26,Insulin Glargine 100IU/ml,Antidiabetic,2026-08-19,33,67.2
26,Insulin Glargine 100IU/ml,Antidiabetic,2026-08-20,39,67.2
26,Insulin Glargine 100IU/ml,Antidiabetic,2026-08-21,36,67.2
26,Insulin Glargine 100IU/ml,Antidiabetic,2026-08-22,17,67.2
26,Insulin Glargine 100IU/ml,Antidiabetic,2026-08-23,34,67.2
26,Insulin Glargine 100IU/ml,Antidiabetic,2026-08-24,36,67.2
26,Insulin Glargine 100IU/ml,Antidiabetic,2026-08-25,31,67.2
26,Insulin Glargine 100IU/ml,Antidiabetic,2026-08-26,38,67.2
26,Insulin Glargine 100IU/ml,Antidiabetic,2026-08-27,39,67.2
26,Insulin Glargine 100IU/ml,Antidiabetic,2026-08-28,28,67.2
26,Insulin Glargine 100IU/ml,Antidiabetic,2026-08-29,28,67.2
26,Insulin Glargine 100IU/ml,Antidiabetic,2026-08-30,19,67.2
26,Insulin Glargine 100IU/ml,Antidiabetic,2026-08-31,50,67.2
26,Insulin Glargine 100IU/ml,Antidiabetic,2026-09-01,42,67.2
26,Insulin Glargine 100IU/ml,Antidiabetic,2026-09-02,37,67.2
26,Insulin Glargine 100IU/ml,Antidiabetic,2026-09-03,34,67.2
26,Insulin Glargine 100IU/ml,Antidiabetic,2026-09-04,38,67.2
26,Insulin Glargine 100IU/ml,Antidiabetic,2026-09-05,30,67.2
26,Insulin Glargine 100IU/ml,Antidiabetic,2026-09-06,26,67.2
26,Insulin Glargine 100IU/ml,Antidiabetic,2026-09-07,38,67.2
26,Insulin Glargine 100IU/ml,Antidiabetic,2026-09-08,39,67.2
26,Insulin Glargine 100IU/ml,Antidiabetic,2026-09-09,35,67.2
26,Insulin Glargine 100IU/ml,Antidiabetic,2026-09-10,37,67.2
26,Insulin Glargine 100IU/ml,Antidiabetic,2026-09-11,26,67.2
26,Insulin Glargine 100IU/ml,Antidiabetic,2026-09-12,32,67.2
26,Insulin Glargine 100IU/ml,Antidiabetic,2026-09-13,28,67.2
26,Insulin Glargine 100IU/ml,Antidiabetic,2026-09-14,34,67.2
26,Insulin Glargine 100IU/ml,Antidiabetic,2026-09-15,51,67.2
26,Insulin Glargine 100IU/ml,Antidiabetic,2026-09-16,40,67.2
26,Insulin Glargine 100IU/ml,Antidiabetic,2026-09-17,33,67.2
26,Insulin Glargine 100IU/ml,Antidiabetic,2026-09-18,44,67.2
26,Insulin Glargine 100IU/ml,Antidiabetic,2026-09-19,28,67.2
26,Insulin Glargine 100IU/ml,Antidiabetic,2026-09-20,28,67.2
26,Insulin Glargine 100IU/ml,Antidiabetic,2026-09-21,36,67.2
26,Insulin Glargine 100IU/ml,Antidiabetic,2026-09-22,42,67.2
26,Insulin Glargine 100IU/ml,Antidiabetic,2026-09-23,37,67.2
26,Insulin Glargine 100IU/ml,Antidiabetic,2026-09-24,42,67.2
26,Insulin Glargine 100IU/ml,Antidiabetic,2026-09-25,27,67.2
27,Sitagliptin 100mg,Antidiabetic,2026-02-18,52,51.78
27,Sitagliptin 100mg,Antidiabetic,2026-02-19,82,51.78
27,Sitagliptin 100mg,Antidiabetic,2026-02-20,48,51.78
27,Sitagliptin 100mg,Antidiabetic,2026-02-21,30,51.78
27,Sitagliptin 100mg,Antidiabetic,2026-02-22,33,51.78
27,Sitagliptin 100mg,Antidiabetic,2026-02-23,42,51.78
27,Sitagliptin 100mg,Antidiabetic,2026-02-24,28,51.78
27,Sitagliptin 100mg,Antidiabetic,2026-02-25,55,51.78
27,Sitagliptin 100mg,Antidiabetic,2026-02-26,60,51.78
27,Sitagliptin 100mg,Antidiabetic,2026-02-27,58,51.78
27,Sitagliptin 100mg,Antidiabetic,2026-02-28,37,51.78
27,Sitagliptin 100mg,Antidiabetic,2026-03-01,39,51.78
27,Sitagliptin 100mg,Antidiabetic,2026-03-02,73,51.78
27,Sitagliptin 100mg,Antidiabetic,2026-03-03,56,51.78
27,Sitagliptin 100mg,Antidiabetic,2026-03-04,50,51.78
27,Sitagliptin 100mg,Antidiabetic,2026-03-05,55,51.78
27,Sitagliptin 100mg,Antidiabetic,2026-03-06,66,51.78
27,Sitagliptin 100mg,Antidiabetic,2026-03-07,58,51.78
27,Sitagliptin 100mg,Antidiabetic,2026-03-08,30,51.78
27,Sitagliptin 100mg,Antidiabetic,2026-03-09,60,51.78
27,Sitagliptin 100mg,Antidiabetic,2026-03-10,63,51.78
27,Sitagliptin 100mg,Antidiabetic,2026-03-11,45,51.78
27,Sitagliptin 100mg,Antidiabetic,2026-03-12,59,51.78
27,Sitagliptin 100mg,Antidiabetic,2026-03-13,38,51.78
27,Sitagliptin 100mg,Antidiabetic,2026-03-14,14,51.78
27,Sitagliptin 100mg,Antidiabetic,2026-03-15,44,51.78
27,Sitagliptin 100mg,Antidiabetic,2026-03-16,53,51.78
27,Sitagliptin 100mg,Antidiabetic,2026-03-17,61,51.78
27,Sitagliptin 100mg,Antidiabetic,2026-03-18,58,51.78
27,Sitagliptin 100mg,Antidiabetic,2026-03-19,45,51.78
27,Sitagliptin 100mg,Antidiabetic,2026-03-20,58,51.78
27,Sitagliptin 100mg,Antidiabetic,2026-03-21,22,51.78
27,Sitagliptin 100mg,Antidiabetic,2026-03-22,58,51.78
27,Sitagliptin 100mg,Antidiabetic,2026-03-23,40,51.78
27,Sitagliptin 100mg,Antidiabetic,2026-03-24,56,51.78
27,Sitagliptin 100mg,Antidiabetic,2026-03-25,44,51.78
27,Sitagliptin 100mg,Antidiabetic,2026-03-26,66,51.78
27,Sitagliptin 100mg,Antidiabetic,2026-03-27,54,51.78
27,Sitagliptin 100mg,Antidiabetic,2026-03-28,32,51.78
27,Sitagliptin 100mg,Antidiabetic,2026-03-29,51,51.78
27,Sitagliptin 100mg,Antidiabetic,2026-03-30,59,51.78
27,Sitagliptin 100mg,Antidiabetic,2026-03-31,66,51.78
27,Sitagliptin 100mg,Antidiabetic,2026-04-01,45,51.78
27,Sitagliptin 100mg,Antidiabetic,2026-04-02,39,51.78
27,Sitagliptin 100mg,Antidiabetic,2026-04-03,60,51.78
27,Sitagliptin 100mg,Antidiabetic,2026-04-04,34,51.78
27,Sitagliptin 100mg,Antidiabetic,2026-04-05,47,51.78
27,Sitagliptin 100mg,Antidiabetic,2026-04-06,57,51.78
27,Sitagliptin 100mg,Antidiabetic,2026-04-07,61,51.78
27,Sitagliptin 100mg,Antidiabetic,2026-04-08,36,51.78
27,Sitagliptin 100mg,Antidiabetic,2026-04-09,85,51.78
27,Sitagliptin 100mg,Antidiabetic,2026-04-10,56,51.78
27,Sitagliptin 100mg,Antidiabetic,2026-04-11,48,51.78
27,Sitagliptin 100mg,Antidiabetic,2026-04-12,27,51.78
27,Sitagliptin 100mg,Antidiabetic,2026-04-13,63,51.78
27,Sitagliptin 100mg,Antidiabetic,2026-04-14,40,51.78
27,Sitagliptin 100mg,Antidiabetic,2026-04-15,65,51.78
27,Sitagliptin 100mg,Antidiabetic,2026-04-16,54,51.78
27,Sitagliptin 100mg,Antidiabetic,2026-04-17,59,51.78
27,Sitagliptin 100mg,Antidiabetic,2026-04-18,48,51.78
27,Sitagliptin 100mg,Antidiabetic,2026-04-19,22,51.78
27,Sitagliptin 100mg,Antidiabetic,2026-04-20,49,51.78
27,Sitagliptin 100mg,Antidiabetic,2026-04-21,65,51.78
27,Sitagliptin 100mg,Antidiabetic,2026-04-22,88,51.78
27,Sitagliptin 100mg,Antidiabetic,2026-04-23,57,51.78
27,Sitagliptin 100mg,Antidiabetic,2026-04-24,67,51.78
27,Sitagliptin 100mg,Antidiabetic,2026-04-25,37,51.78
27,Sitagliptin 100mg,Antidiabetic,2026-04-26,66,51.78
27,Sitagliptin 100mg,Antidiabetic,2026-04-27,34,51.78
27,Sitagliptin 100mg,Antidiabetic,2026-04-28,60,51.78
27,Sitagliptin 100mg,Antidiabetic,2026-04-29,36,51.78
27,Sitagliptin 100mg,Antidiabetic,2026-04-30,24,51.78
27,Sitagliptin 100mg,Antidiabetic,2026-05-01,63,51.78
27,Sitagliptin 100mg,Antidiabetic,2026-05-02,41,51.78
27,Sitagliptin 100mg,Antidiabetic,2026-05-03,35,51.78
27,Sitagliptin 100mg,Antidiabetic,2026-05-04,57,51.78
27,Sitagliptin 100mg,Antidiabetic,2026-05-05,101,51.78
27,Sitagliptin 100mg,Antidiabetic,2026-05-06,55,51.78
27,Sitagliptin 100mg,Antidiabetic,2026-05-07,66,51.78
27,Sitagliptin 100mg,Antidiabetic,2026-05-08,49,51.78
27,Sitagliptin 100mg,Antidiabetic,2026-05-09,43,51.78
27,Sitagliptin 100mg,Antidiabetic,2026-05-10,35,51.78
27,Sitagliptin 100mg,Antidiabetic,2026-05-11,53,51.78
27,Sitagliptin 100mg,Antidiabetic,2026-05-12,84,51.78
27,Sitagliptin 100mg,Antidiabetic,2026-05-13,75,51.78
27,Sitagliptin 100mg,Antidiabetic,2026-05-14,60,51.78
27,Sitagliptin 100mg,Antidiabetic,2026-05-15,27,51.78
27,Sitagliptin 100mg,Antidiabetic,2026-05-16,34,51.78
27,Sitagliptin 100mg,Antidiabetic,2026-05-17,76,51.78
27,Sitagliptin 100mg,Antidiabetic,2026-05-18,55,51.78
27,Sitagliptin 100mg,Antidiabetic,2026-05-19,74,51.78
27,Sitagliptin 100mg,Antidiabetic,2026-05-20,78,51.78
27,Sitagliptin 100mg,Antidiabetic,2026-05-21,61,51.78
27,Sitagliptin 100mg,Antidiabetic,2026-05-22,47,51.78
27,Sitagliptin 100mg,Antidiabetic,2026-05-23,5,51.78
27,Sitagliptin 100mg,Antidiabetic,2026-05-24,48,51.78
27,Sitagliptin 100mg,Antidiabetic,2026-05-25,47,51.78
27,Sitagliptin 100mg,Antidiabetic,2026-05-26,61,51.78
27,Sitagliptin 100mg,Antidiabetic,2026-05-27,41,51.78
27,Sitagliptin 100mg,Antidiabetic,2026-05-28,55,51.78
27,Sitagliptin 100mg,Antidiabetic,2026-05-29,59,51.78
27,Sitagliptin 100mg,Antidiabetic,2026-05-30,43,51.78
27,Sitagliptin 100mg,Antidiabetic,2026-05-31,23,51.78
27,Sitagliptin 100mg,Antidiabetic,2026-06-01,75,51.78
27,Sitagliptin 100mg,Antidiabetic,2026-06-02,50,51.78
27,Sitagliptin 100mg,Antidiabetic,2026-06-03,35,51.78
27,Sitagliptin 100mg,Antidiabetic,2026-06-04,57,51.78
27,Sitagliptin 100mg,Antidiabetic,2026-06-05,59,51.78
27,Sitagliptin 100mg,Antidiabetic,2026-06-06,41,51.78
27,Sitagliptin 100mg,Antidiabetic,2026-06-07,58,51.78
27,Sitagliptin 100mg,Antidiabetic,2026-06-08,55,51.78
27,Sitagliptin 100mg,Antidiabetic,2026-06-09,57,51.78
27,Sitagliptin 100mg,Antidiabetic,2026-06-10,43,51.78
27,Sitagliptin 100mg,Antidiabetic,2026-06-11,70,51.78
27,Sitagliptin 100mg,Antidiabetic,2026-06-12,61,51.78
27,Sitagliptin 100mg,Antidiabetic,2026-06-13,33,51.78
27,Sitagliptin 100mg,Antidiabetic,2026-06-14,12,51.78
27,Sitagliptin 100mg,Antidiabetic,2026-06-15,78,51.78
27,Sitagliptin 100mg,Antidiabetic,2026-06-16,41,51.78
27,Sitagliptin 100mg,Antidiabetic,2026-06-17,50,51.78
27,Sitagliptin 100mg,Antidiabetic,2026-06-18,63,51.78
27,Sitagliptin 100mg,Antidiabetic,2026-06-19,42,51.78
27,Sitagliptin 100mg,Antidiabetic,2026-06-20,18,51.78
27,Sitagliptin 100mg,Antidiabetic,2026-06-21,9,51.78
27,Sitagliptin 100mg,Antidiabetic,2026-06-22,68,51.78
27,Sitagliptin 100mg,Antidiabetic,2026-06-23,51,51.78
27,Sitagliptin 100mg,Antidiabetic,2026-06-24,99,51.78
27,Sitagliptin 100mg,Antidiabetic,2026-06-25,45,51.78
27,Sitagliptin 100mg,Antidiabetic,2026-06-26,46,51.78
27,Sitagliptin 100mg,Antidiabetic,2026-06-27,31,51.78
27,Sitagliptin 100mg,Antidiabetic,2026-06-28,42,51.78
27,Sitagliptin 100mg,Antidiabetic,2026-06-29,52,51.78
27,Sitagliptin 100mg,Antidiabetic,2026-06-30,67,51.78
27,Sitagliptin 100mg,Antidiabetic,2026-07-01,45,51.78
27,Sitagliptin 100mg,Antidiabetic,2026-07-02,39,51.78
27,Sitagliptin 100mg,Antidiabetic,2026-07-03,34,51.78
27,Sitagliptin 100mg,Antidiabetic,2026-07-04,8,51.78
27,Sitagliptin 100mg,Antidiabetic,2026-07-05,32,51.78
27,Sitagliptin 100mg,Antidiabetic,2026-07-06,54,51.78
27,Sitagliptin 100mg,Antidiabetic,2026-07-07,50,51.78
27,Sitagliptin 100mg,Antidiabetic,2026-07-08,76,51.78
27,Sitagliptin 100mg,Antidiabetic,2026-07-09,75,51.78
27,Sitagliptin 100mg,Antidiabetic,2026-07-10,54,51.78
27,Sitagliptin 100mg,Antidiabetic,2026-07-11,14,51.78
27,Sitagliptin 100mg,Antidiabetic,2026-07-12,31,51.78
27,Sitagliptin 100mg,Antidiabetic,2026-07-13,50,51.78
27,Sitagliptin 100mg,Antidiabetic,2026-07-14,49,51.78
27,Sitagliptin 100mg,Antidiabetic,2026-07-15,49,51.78
27,Sitagliptin 100mg,Antidiabetic,2026-07-16,49,51.78
27,Sitagliptin 100mg,Antidiabetic,2026-07-17,53,51.78
27,Sitagliptin 100mg,Antidiabetic,2026-07-18,30,51.78
27,Sitagliptin 100mg,Antidiabetic,2026-07-19,42,51.78
27,Sitagliptin 100mg,Antidiabetic,2026-07-20,63,51.78
27,Sitagliptin 100mg,Antidiabetic,2026-07-21,46,51.78
27,Sitagliptin 100mg,Antidiabetic,2026-07-22,76,51.78
27,Sitagliptin 100mg,Antidiabetic,2026-07-23,45,51.78
27,Sitagliptin 100mg,Antidiabetic,2026-07-24,36,51.78
27,Sitagliptin 100mg,Antidiabetic,2026-07-25,44,51.78
27,Sitagliptin 100mg,Antidiabetic,2026-07-26,27,51.78
27,Sitagliptin 100mg,Antidiabetic,2026-07-27,63,51.78
27,Sitagliptin 100mg,Antidiabetic,2026-07-28,25,51.78
27,Sitagliptin 100mg,Antidiabetic,2026-07-29,78,51.78
27,Sitagliptin 100mg,Antidiabetic,2026-07-30,68,51.78
27,Sitagliptin 100mg,Antidiabetic,2026-07-31,38,51.78
27,Sitagliptin 100mg,Antidiabetic,2026-08-01,18,51.78
27,Sitagliptin 100mg,Antidiabetic,2026-08-02,62,51.78
27,Sitagliptin 100mg,Antidiabetic,2026-08-03,48,51.78
27,Sitagliptin 100mg,Antidiabetic,2026-08-04,47,51.78
27,Sitagliptin 100mg,Antidiabetic,2026-08-05,27,51.78
27,Sitagliptin 100mg,Antidiabetic,2026-08-06,54,51.78
27,Sitagliptin 100mg,Antidiabetic,2026-08-07,55,51.78
27,Sitagliptin 100mg,Antidiabetic,2026-08-08,49,51.78
27,Sitagliptin 100mg,Antidiabetic,2026-08-09,19,51.78
27,Sitagliptin 100mg,Antidiabetic,2026-08-10,37,51.78
27,Sitagliptin 100mg,Antidiabetic,2026-08-11,65,51.78
27,Sitagliptin 100mg,Antidiabetic,2026-08-12,72,51.78
27,Sitagliptin 100mg,Antidiabetic,2026-08-13,37,51.78
27,Sitagliptin 100mg,Antidiabetic,2026-08-14,73,51.78
27,Sitagliptin 100mg,Antidiabetic,2026-08-15,39,51.78
27,Sitagliptin 100mg,Antidiabetic,2026-08-16,54,51.78
27,Sitagliptin 100mg,Antidiabetic,2026-08-17,57,51.78
27,Sitagliptin 100mg,Antidiabetic,2026-08-18,23,51.78
27,Sitagliptin 100mg,Antidiabetic,2026-08-19,56,51.78
27,Sitagliptin 100mg,Antidiabetic,2026-08-20,73,51.78
27,Sitagliptin 100mg,Antidiabetic,2026-08-21,46,51.78
27,Sitagliptin 100mg,Antidiabetic,2026-08-22,33,51.78
27,Sitagliptin 100mg,Antidiabetic,2026-08-23,36,51.78
27,Sitagliptin 100mg,Antidiabetic,2026-08-24,18,51.78
27,Sitagliptin 100mg,Antidiabetic,2026-08-25,82,51.78
27,Sitagliptin 100mg,Antidiabetic,2026-08-26,46,51.78
27,Sitagliptin 100mg,Antidiabetic,2026-08-27,65,51.78
27,Sitagliptin 100mg,Antidiabetic,2026-08-28,57,51.78
27,Sitagliptin 100mg,Antidiabetic,2026-08-29,56,51.78
27,Sitagliptin 100mg,Antidiabetic,2026-08-30,44,51.78
27,Sitagliptin 100mg,Antidiabetic,2026-08-31,55,51.78
27,Sitagliptin 100mg,Antidiabetic,2026-09-01,46,51.78
27,Sitagliptin 100mg,Antidiabetic,2026-09-02,70,51.78
27,Sitagliptin 100mg,Antidiabetic,2026-09-03,32,51.78
27,Sitagliptin 100mg,Antidiabetic,2026-09-04,67,51.78
27,Sitagliptin 100mg,Antidiabetic,2026-09-05,24,51.78
27,Sitagliptin 100mg,Antidiabetic,2026-09-06,56,51.78
27,Sitagliptin 100mg,Antidiabetic,2026-09-07,61,51.78
27,Sitagliptin 100mg,Antidiabetic,2026-09-08,67,51.78
27,Sitagliptin 100mg,Antidiabetic,2026-09-09,60,51.78
27,Sitagliptin 100mg,Antidiabetic,2026-09-10,34,51.78
27,Sitagliptin 100mg,Antidiabetic,2026-09-11,47,51.78
27,Sitagliptin 100mg,Antidiabetic,2026-09-12,48,51.78
27,Sitagliptin 100mg,Antidiabetic,2026-09-13,41,51.78
27,Sitagliptin 100mg,Antidiabetic,2026-09-14,75,51.78
27,Sitagliptin 100mg,Antidiabetic,2026-09-15,64,51.78
27,Sitagliptin 100mg,Antidiabetic,2026-09-16,45,51.78
27,Sitagliptin 100mg,Antidiabetic,2026-09-17,47,51.78
27,Sitagliptin 100mg,Antidiabetic,2026-09-18,60,51.78
27,Sitagliptin 100mg,Antidiabetic,2026-09-19,7,51.78
27,Sitagliptin 100mg,Antidiabetic,2026-09-20,62,51.78
27,Sitagliptin 100mg,Antidiabetic,2026-09-21,65,51.78
27,Sitagliptin 100mg,Antidiabetic,2026-09-22,75,51.78
27,Sitagliptin 100mg,Antidiabetic,2026-09-23,37,51.78
27,Sitagliptin 100mg,Antidiabetic,2026-09-24,76,51.78
27,Sitagliptin 100mg,Antidiabetic,2026-09-25,89,51.78
28,Empagliflozin 10mg,Antidiabetic,2026-02-18,28,82.55
28,Empagliflozin 10mg,Antidiabetic,2026-02-19,45,82.55
28,Empagliflozin 10mg,Antidiabetic,2026-02-20,39,82.55
28,Empagliflozin 10mg,Antidiabetic,2026-02-21,13,82.55
28,Empagliflozin 10mg,Antidiabetic,2026-02-22,30,82.55
28,Empagliflozin 10mg,Antidiabetic,2026-02-23,46,82.55
28,Empagliflozin 10mg,Antidiabetic,2026-02-24,34,82.55
28,Empagliflozin 10mg,Antidiabetic,2026-02-25,49,82.55
28,Empagliflozin 10mg,Antidiabetic,2026-02-26,25,82.55
28,Empagliflozin 10mg,Antidiabetic,2026-02-27,27,82.55
28,Empagliflozin 10mg,Antidiabetic,2026-02-28,27,82.55
28,Empagliflozin 10mg,Antidiabetic,2026-03-01,26,82.55
28,Empagliflozin 10mg,Antidiabetic,2026-03-02,33,82.55
28,Empagliflozin 10mg,Antidiabetic,2026-03-03,46,82.55
28,Empagliflozin 10mg,Antidiabetic,2026-03-04,43,82.55
28,Empagliflozin 10mg,Antidiabetic,2026-03-05,46,82.55
28,Empagliflozin 10mg,Antidiabetic,2026-03-06,38,82.55
28,Empagliflozin 10mg,Antidiabetic,2026-03-07,31,82.55
28,Empagliflozin 10mg,Antidiabetic,2026-03-08,22,82.55
28,Empagliflozin 10mg,Antidiabetic,2026-03-09,56,82.55
28,Empagliflozin 10mg,Antidiabetic,2026-03-10,32,82.55
28,Empagliflozin 10mg,Antidiabetic,2026-03-11,56,82.55
28,Empagliflozin 10mg,Antidiabetic,2026-03-12,39,82.55
28,Empagliflozin 10mg,Antidiabetic,2026-03-13,28,82.55
28,Empagliflozin 10mg,Antidiabetic,2026-03-14,37,82.55
28,Empagliflozin 10mg,Antidiabetic,2026-03-15,27,82.55
28,Empagliflozin 10mg,Antidiabetic,2026-03-16,46,82.55
28,Empagliflozin 10mg,Antidiabetic,2026-03-17,49,82.55
28,Empagliflozin 10mg,Antidiabetic,2026-03-18,42,82.55
28,Empagliflozin 10mg,Antidiabetic,2026-03-19,34,82.55
28,Empagliflozin 10mg,Antidiabetic,2026-03-20,47,82.55
28,Empagliflozin 10mg,Antidiabetic,2026-03-21,26,82.55
28,Empagliflozin 10mg,Antidiabetic,2026-03-22,31,82.55
28,Empagliflozin 10mg,Antidiabetic,2026-03-23,21,82.55
28,Empagliflozin 10mg,Antidiabetic,2026-03-24,43,82.55
28,Empagliflozin 10mg,Antidiabetic,2026-03-25,34,82.55
28,Empagliflozin 10mg,Antidiabetic,2026-03-26,52,82.55
28,Empagliflozin 10mg,Antidiabetic,2026-03-27,44,82.55
28,Empagliflozin 10mg,Antidiabetic,2026-03-28,28,82.55
28,Empagliflozin 10mg,Antidiabetic,2026-03-29,30,82.55
28,Empagliflozin 10mg,Antidiabetic,2026-03-30,31,82.55
28,Empagliflozin 10mg,Antidiabetic,2026-03-31,52,82.55
28,Empagliflozin 10mg,Antidiabetic,2026-04-01,55,82.55
28,Empagliflozin 10mg,Antidiabetic,2026-04-02,42,82.55
28,Empagliflozin 10mg,Antidiabetic,2026-04-03,52,82.55
28,Empagliflozin 10mg,Antidiabetic,2026-04-04,21,82.55
28,Empagliflozin 10mg,Antidiabetic,2026-04-05,19,82.55
28,Empagliflozin 10mg,Antidiabetic,2026-04-06,39,82.55
28,Empagliflozin 10mg,Antidiabetic,2026-04-07,43,82.55
28,Empagliflozin 10mg,Antidiabetic,2026-04-08,36,82.55
28,Empagliflozin 10mg,Antidiabetic,2026-04-09,43,82.55
28,Empagliflozin 10mg,Antidiabetic,2026-04-10,41,82.55
28,Empagliflozin 10mg,Antidiabetic,2026-04-11,18,82.55
28,Empagliflozin 10mg,Antidiabetic,2026-04-12,30,82.55
28,Empagliflozin 10mg,Antidiabetic,2026-04-13,46,82.55
28,Empagliflozin 10mg,Antidiabetic,2026-04-14,40,82.55
28,Empagliflozin 10mg,Antidiabetic,2026-04-15,48,82.55
28,Empagliflozin 10mg,Antidiabetic,2026-04-16,29,82.55
28,Empagliflozin 10mg,Antidiabetic,2026-04-17,43,82.55
28,Empagliflozin 10mg,Antidiabetic,2026-04-18,16,82.55
28,Empagliflozin 10mg,Antidiabetic,2026-04-19,17,82.55
28,Empagliflozin 10mg,Antidiabetic,2026-04-20,34,82.55
28,Empagliflozin 10mg,Antidiabetic,2026-04-21,31,82.55
28,Empagliflozin 10mg,Antidiabetic,2026-04-22,35,82.55
28,Empagliflozin 10mg,Antidiabetic,2026-04-23,37,82.55
28,Empagliflozin 10mg,Antidiabetic,2026-04-24,46,82.55
28,Empagliflozin 10mg,Antidiabetic,2026-04-25,23,82.55
28,Empagliflozin 10mg,Antidiabetic,2026-04-26,13,82.55
28,Empagliflozin 10mg,Antidiabetic,2026-04-27,48,82.55
28,Empagliflozin 10mg,Antidiabetic,2026-04-28,32,82.55
28,Empagliflozin 10mg,Antidiabetic,2026-04-29,39,82.55
28,Empagliflozin 10mg,Antidiabetic,2026-04-30,43,82.55
28,Empagliflozin 10mg,Antidiabetic,2026-05-01,41,82.55
28,Empagliflozin 10mg,Antidiabetic,2026-05-02,35,82.55
28,Empagliflozin 10mg,Antidiabetic,2026-05-03,30,82.55
28,Empagliflozin 10mg,Antidiabetic,2026-05-04,32,82.55
28,Empagliflozin 10mg,Antidiabetic,2026-05-05,57,82.55
28,Empagliflozin 10mg,Antidiabetic,2026-05-06,41,82.55
28,Empagliflozin 10mg,Antidiabetic,2026-05-07,38,82.55
28,Empagliflozin 10mg,Antidiabetic,2026-05-08,47,82.55
28,Empagliflozin 10mg,Antidiabetic,2026-05-09,28,82.55
28,Empagliflozin 10mg,Antidiabetic,2026-05-10,29,82.55
28,Empagliflozin 10mg,Antidiabetic,2026-05-11,59,82.55
28,Empagliflozin 10mg,Antidiabetic,2026-05-12,37,82.55
28,Empagliflozin 10mg,Antidiabetic,2026-05-13,36,82.55
28,Empagliflozin 10mg,Antidiabetic,2026-05-14,40,82.55
28,Empagliflozin 10mg,Antidiabetic,2026-05-15,48,82.55
28,Empagliflozin 10mg,Antidiabetic,2026-05-16,14,82.55
28,Empagliflozin 10mg,Antidiabetic,2026-05-17,10,82.55
28,Empagliflozin 10mg,Antidiabetic,2026-05-18,34,82.55
28,Empagliflozin 10mg,Antidiabetic,2026-05-19,26,82.55
28,Empagliflozin 10mg,Antidiabetic,2026-05-20,36,82.55
28,Empagliflozin 10mg,Antidiabetic,2026-05-21,43,82.55
28,Empagliflozin 10mg,Antidiabetic,2026-05-22,32,82.55
28,Empagliflozin 10mg,Antidiabetic,2026-05-23,14,82.55
28,Empagliflozin 10mg,Antidiabetic,2026-05-24,26,82.55
28,Empagliflozin 10mg,Antidiabetic,2026-05-25,46,82.55
28,Empagliflozin 10mg,Antidiabetic,2026-05-26,25,82.55
28,Empagliflozin 10mg,Antidiabetic,2026-05-27,46,82.55
28,Empagliflozin 10mg,Antidiabetic,2026-05-28,46,82.55
28,Empagliflozin 10mg,Antidiabetic,2026-05-29,47,82.55
28,Empagliflozin 10mg,Antidiabetic,2026-05-30,36,82.55
28,Empagliflozin 10mg,Antidiabetic,2026-05-31,44,82.55
28,Empagliflozin 10mg,Antidiabetic,2026-06-01,36,82.55
28,Empagliflozin 10mg,Antidiabetic,2026-06-02,40,82.55
28,Empagliflozin 10mg,Antidiabetic,2026-06-03,36,82.55
28,Empagliflozin 10mg,Antidiabetic,2026-06-04,39,82.55
28,Empagliflozin 10mg,Antidiabetic,2026-06-05,52,82.55
28,Empagliflozin 10mg,Antidiabetic,2026-06-06,15,82.55
28,Empagliflozin 10mg,Antidiabetic,2026-06-07,19,82.55
28,Empagliflozin 10mg,Antidiabetic,2026-06-08,50,82.55
28,Empagliflozin 10mg,Antidiabetic,2026-06-09,47,82.55
28,Empagliflozin 10mg,Antidiabetic,2026-06-10,36,82.55
28,Empagliflozin 10mg,Antidiabetic,2026-06-11,46,82.55
28,Empagliflozin 10mg,Antidiabetic,2026-06-12,42,82.55
28,Empagliflozin 10mg,Antidiabetic,2026-06-13,38,82.55
28,Empagliflozin 10mg,Antidiabetic,2026-06-14,26,82.55
28,Empagliflozin 10mg,Antidiabetic,2026-06-15,47,82.55
28,Empagliflozin 10mg,Antidiabetic,2026-06-16,61,82.55
28,Empagliflozin 10mg,Antidiabetic,2026-06-17,44,82.55
28,Empagliflozin 10mg,Antidiabetic,2026-06-18,39,82.55
28,Empagliflozin 10mg,Antidiabetic,2026-06-19,45,82.55
28,Empagliflozin 10mg,Antidiabetic,2026-06-20,23,82.55
28,Empagliflozin 10mg,Antidiabetic,2026-06-21,45,82.55
28,Empagliflozin 10mg,Antidiabetic,2026-06-22,40,82.55
28,Empagliflozin 10mg,Antidiabetic,2026-06-23,37,82.55
28,Empagliflozin 10mg,Antidiabetic,2026-06-24,32,82.55
28,Empagliflozin 10mg,Antidiabetic,2026-06-25,48,82.55
28,Empagliflozin 10mg,Antidiabetic,2026-06-26,46,82.55
28,Empagliflozin 10mg,Antidiabetic,2026-06-27,22,82.55
28,Empagliflozin 10mg,Antidiabetic,2026-06-28,31,82.55
28,Empagliflozin 10mg,Antidiabetic,2026-06-29,27,82.55
28,Empagliflozin 10mg,Antidiabetic,2026-06-30,41,82.55
28,Empagliflozin 10mg,Antidiabetic,2026-07-01,43,82.55
28,Empagliflozin 10mg,Antidiabetic,2026-07-02,53,82.55
28,Empagliflozin 10mg,Antidiabetic,2026-07-03,33,82.55
28,Empagliflozin 10mg,Antidiabetic,2026-07-04,15,82.55
28,Empagliflozin 10mg,Antidiabetic,2026-07-05,19,82.55
28,Empagliflozin 10mg,Antidiabetic,2026-07-06,28,82.55
28,Empagliflozin 10mg,Antidiabetic,2026-07-07,50,82.55
28,Empagliflozin 10mg,Antidiabetic,2026-07-08,52,82.55
28,Empagliflozin 10mg,Antidiabetic,2026-07-09,42,82.55
28,Empagliflozin 10mg,Antidiabetic,2026-07-10,49,82.55
28,Empagliflozin 10mg,Antidiabetic,2026-07-11,27,82.55
28,Empagliflozin 10mg,Antidiabetic,2026-07-12,25,82.55
28,Empagliflozin 10mg,Antidiabetic,2026-07-13,36,82.55
28,Empagliflozin 10mg,Antidiabetic,2026-07-14,36,82.55
28,Empagliflozin 10mg,Antidiabetic,2026-07-15,26,82.55
28,Empagliflozin 10mg,Antidiabetic,2026-07-16,41,82.55
28,Empagliflozin 10mg,Antidiabetic,2026-07-17,39,82.55
28,Empagliflozin 10mg,Antidiabetic,2026-07-18,32,82.55
28,Empagliflozin 10mg,Antidiabetic,2026-07-19,27,82.55
28,Empagliflozin 10mg,Antidiabetic,2026-07-20,38,82.55
28,Empagliflozin 10mg,Antidiabetic,2026-07-21,32,82.55
28,Empagliflozin 10mg,Antidiabetic,2026-07-22,40,82.55
28,Empagliflozin 10mg,Antidiabetic,2026-07-23,45,82.55
28,Empagliflozin 10mg,Antidiabetic,2026-07-24,30,82.55
28,Empagliflozin 10mg,Antidiabetic,2026-07-25,27,82.55
28,Empagliflozin 10mg,Antidiabetic,2026-07-26,28,82.55
28,Empagliflozin 10mg,Antidiabetic,2026-07-27,33,82.55
28,Empagliflozin 10mg,Antidiabetic,2026-07-28,34,82.55
28,Empagliflozin 10mg,Antidiabetic,2026-07-29,41,82.55
28,Empagliflozin 10mg,Antidiabetic,2026-07-30,30,82.55
28,Empagliflozin 10mg,Antidiabetic,2026-07-31,42,82.55
28,Empagliflozin 10mg,Antidiabetic,2026-08-01,19,82.55
28,Empagliflozin 10mg,Antidiabetic,2026-08-02,35,82.55
28,Empagliflozin 10mg,Antidiabetic,2026-08-03,58,82.55
28,Empagliflozin 10mg,Antidiabetic,2026-08-04,32,82.55
28,Empagliflozin 10mg,Antidiabetic,2026-08-05,43,82.55
28,Empagliflozin 10mg,Antidiabetic,2026-08-06,33,82.55
28,Empagliflozin 10mg,Antidiabetic,2026-08-07,47,82.55
28,Empagliflozin 10mg,Antidiabetic,2026-08-08,15,82.55
28,Empagliflozin 10mg,Antidiabetic,2026-08-09,30,82.55
28,Empagliflozin 10mg,Antidiabetic,2026-08-10,32,82.55
28,Empagliflozin 10mg,Antidiabetic,2026-08-11,37,82.55
28,Empagliflozin 10mg,Antidiabetic,2026-08-12,31,82.55
28,Empagliflozin 10mg,Antidiabetic,2026-08-13,46,82.55
28,Empagliflozin 10mg,Antidiabetic,2026-08-14,32,82.55
28,Empagliflozin 10mg,Antidiabetic,2026-08-15,30,82.55
28,Empagliflozin 10mg,Antidiabetic,2026-08-16,23,82.55
28,Empagliflozin 10mg,Antidiabetic,2026-08-17,38,82.55
28,Empagliflozin 10mg,Antidiabetic,2026-08-18,40,82.55
28,Empagliflozin 10mg,Antidiabetic,2026-08-19,33,82.55
28,Empagliflozin 10mg,Antidiabetic,2026-08-20,41,82.55
28,Empagliflozin 10mg,Antidiabetic,2026-08-21,51,82.55
28,Empagliflozin 10mg,Antidiabetic,2026-08-22,19,82.55
28,Empagliflozin 10mg,Antidiabetic,2026-08-23,35,82.55
28,Empagliflozin 10mg,Antidiabetic,2026-08-24,51,82.55
28,Empagliflozin 10mg,Antidiabetic,2026-08-25,32,82.55
28,Empagliflozin 10mg,Antidiabetic,2026-08-26,27,82.55
28,Empagliflozin 10mg,Antidiabetic,2026-08-27,41,82.55
28,Empagliflozin 10mg,Antidiabetic,2026-08-28,35,82.55
28,Empagliflozin 10mg,Antidiabetic,2026-08-29,41,82.55
28,Empagliflozin 10mg,Antidiabetic,2026-08-30,26,82.55
28,Empagliflozin 10mg,Antidiabetic,2026-08-31,32,82.55
28,Empagliflozin 10mg,Antidiabetic,2026-09-01,30,82.55
28,Empagliflozin 10mg,Antidiabetic,2026-09-02,48,82.55
28,Empagliflozin 10mg,Antidiabetic,2026-09-03,34,82.55
28,Empagliflozin 10mg,Antidiabetic,2026-09-04,39,82.55
28,Empagliflozin 10mg,Antidiabetic,2026-09-05,34,82.55
28,Empagliflozin 10mg,Antidiabetic,2026-09-06,22,82.55
28,Empagliflozin 10mg,Antidiabetic,2026-09-07,39,82.55
28,Empagliflozin 10mg,Antidiabetic,2026-09-08,39,82.55
28,Empagliflozin 10mg,Antidiabetic,2026-09-09,45,82.55
28,Empagliflozin 10mg,Antidiabetic,2026-09-10,44,82.55
28,Empagliflozin 10mg,Antidiabetic,2026-09-11,37,82.55
28,Empagliflozin 10mg,Antidiabetic,2026-09-12,26,82.55
28,Empagliflozin 10mg,Antidiabetic,2026-09-13,23,82.55
28,Empagliflozin 10mg,Antidiabetic,2026-09-14,27,82.55
28,Empagliflozin 10mg,Antidiabetic,2026-09-15,41,82.55
28,Empagliflozin 10mg,Antidiabetic,2026-09-16,54,82.55
28,Empagliflozin 10mg,Antidiabetic,2026-09-17,32,82.55
28,Empagliflozin 10mg,Antidiabetic,2026-09-18,33,82.55
28,Empagliflozin 10mg,Antidiabetic,2026-09-19,19,82.55
28,Empagliflozin 10mg,Antidiabetic,2026-09-20,32,82.55
28,Empagliflozin 10mg,Antidiabetic,2026-09-21,43,82.55
28,Empagliflozin 10mg,Antidiabetic,2026-09-22,38,82.55
28,Empagliflozin 10mg,Antidiabetic,2026-09-23,31,82.55
28,Empagliflozin 10mg,Antidiabetic,2026-09-24,40,82.55
28,Empagliflozin 10mg,Antidiabetic,2026-09-25,26,82.55
29,Gliclazide 80mg,Antidiabetic,2026-02-18,35,37.13
29,Gliclazide 80mg,Antidiabetic,2026-02-19,41,37.13
29,Gliclazide 80mg,Antidiabetic,2026-02-20,21,37.13
29,Gliclazide 80mg,Antidiabetic,2026-02-21,7,37.13
29,Gliclazide 80mg,Antidiabetic,2026-02-22,37,37.13
29,Gliclazide 80mg,Antidiabetic,2026-02-23,27,37.13
29,Gliclazide 80mg,Antidiabetic,2026-02-24,44,37.13
29,Gliclazide 80mg,Antidiabetic,2026-02-25,32,37.13
29,Gliclazide 80mg,Antidiabetic,2026-02-26,32,37.13
29,Gliclazide 80mg,Antidiabetic,2026-02-27,37,37.13
29,Gliclazide 80mg,Antidiabetic,2026-02-28,13,37.13
29,Gliclazide 80mg,Antidiabetic,2026-03-01,23,37.13
29,Gliclazide 80mg,Antidiabetic,2026-03-02,29,37.13
29,Gliclazide 80mg,Antidiabetic,2026-03-03,20,37.13
29,Gliclazide 80mg,Antidiabetic,2026-03-04,36,37.13
29,Gliclazide 80mg,Antidiabetic,2026-03-05,31,37.13
29,Gliclazide 80mg,Antidiabetic,2026-03-06,32,37.13
29,Gliclazide 80mg,Antidiabetic,2026-03-07,10,37.13
29,Gliclazide 80mg,Antidiabetic,2026-03-08,37,37.13
29,Gliclazide 80mg,Antidiabetic,2026-03-09,42,37.13
29,Gliclazide 80mg,Antidiabetic,2026-03-10,42,37.13
29,Gliclazide 80mg,Antidiabetic,2026-03-11,30,37.13
29,Gliclazide 80mg,Antidiabetic,2026-03-12,17,37.13
29,Gliclazide 80mg,Antidiabetic,2026-03-13,52,37.13
29,Gliclazide 80mg,Antidiabetic,2026-03-14,21,37.13
29,Gliclazide 80mg,Antidiabetic,2026-03-15,15,37.13
29,Gliclazide 80mg,Antidiabetic,2026-03-16,37,37.13
29,Gliclazide 80mg,Antidiabetic,2026-03-17,44,37.13
29,Gliclazide 80mg,Antidiabetic,2026-03-18,33,37.13
29,Gliclazide 80mg,Antidiabetic,2026-03-19,45,37.13
29,Gliclazide 80mg,Antidiabetic,2026-03-20,44,37.13
29,Gliclazide 80mg,Antidiabetic,2026-03-21,12,37.13
29,Gliclazide 80mg,Antidiabetic,2026-03-22,15,37.13
29,Gliclazide 80mg,Antidiabetic,2026-03-23,42,37.13
29,Gliclazide 80mg,Antidiabetic,2026-03-24,7,37.13
29,Gliclazide 80mg,Antidiabetic,2026-03-25,32,37.13
29,Gliclazide 80mg,Antidiabetic,2026-03-26,19,37.13
29,Gliclazide 80mg,Antidiabetic,2026-03-27,29,37.13
29,Gliclazide 80mg,Antidiabetic,2026-03-28,19,37.13
29,Gliclazide 80mg,Antidiabetic,2026-03-29,18,37.13
29,Gliclazide 80mg,Antidiabetic,2026-03-30,28,37.13
29,Gliclazide 80mg,Antidiabetic,2026-03-31,23,37.13
29,Gliclazide 80mg,Antidiabetic,2026-04-01,55,37.13
29,Gliclazide 80mg,Antidiabetic,2026-04-02,51,37.13
29,Gliclazide 80mg,Antidiabetic,2026-04-03,22,37.13
29,Gliclazide 80mg,Antidiabetic,2026-04-04,37,37.13
29,Gliclazide 80mg,Antidiabetic,2026-04-05,18,37.13
29,Gliclazide 80mg,Antidiabetic,2026-04-06,34,37.13
29,Gliclazide 80mg,Antidiabetic,2026-04-07,33,37.13
29,Gliclazide 80mg,Antidiabetic,2026-04-08,27,37.13
29,Gliclazide 80mg,Antidiabetic,2026-04-09,43,37.13
29,Gliclazide 80mg,Antidiabetic,2026-04-10,34,37.13
29,Gliclazide 80mg,Antidiabetic,2026-04-11,17,37.13
29,Gliclazide 80mg,Antidiabetic,2026-04-12,9,37.13
29,Gliclazide 80mg,Antidiabetic,2026-04-13,25,37.13
29,Gliclazide 80mg,Antidiabetic,2026-04-14,17,37.13
29,Gliclazide 80mg,Antidiabetic,2026-04-15,33,37.13
29,Gliclazide 80mg,Antidiabetic,2026-04-16,22,37.13
29,Gliclazide 80mg,Antidiabetic,2026-04-17,31,37.13
29,Gliclazide 80mg,Antidiabetic,2026-04-18,35,37.13
29,Gliclazide 80mg,Antidiabetic,2026-04-19,33,37.13
29,Gliclazide 80mg,Antidiabetic,2026-04-20,33,37.13
29,Gliclazide 80mg,Antidiabetic,2026-04-21,32,37.13
29,Gliclazide 80mg,Antidiabetic,2026-04-22,51,37.13
29,Gliclazide 80mg,Antidiabetic,2026-04-23,38,37.13
29,Gliclazide 80mg,Antidiabetic,2026-04-24,30,37.13
29,Gliclazide 80mg,Antidiabetic,2026-04-25,8,37.13
29,Gliclazide 80mg,Antidiabetic,2026-04-26,26,37.13
29,Gliclazide 80mg,Antidiabetic,2026-04-27,41,37.13
29,Gliclazide 80mg,Antidiabetic,2026-04-28,27,37.13
29,Gliclazide 80mg,Antidiabetic,2026-04-29,36,37.13
29,Gliclazide 80mg,Antidiabetic,2026-04-30,30,37.13
29,Gliclazide 80mg,Antidiabetic,2026-05-01,31,37.13
29,Gliclazide 80mg,Antidiabetic,2026-05-02,0,37.13
29,Gliclazide 80mg,Antidiabetic,2026-05-03,20,37.13
29,Gliclazide 80mg,Antidiabetic,2026-05-04,42,37.13
29,Gliclazide 80mg,Antidiabetic,2026-05-05,27,37.13
29,Gliclazide 80mg,Antidiabetic,2026-05-06,34,37.13
29,Gliclazide 80mg,Antidiabetic,2026-05-07,26,37.13
29,Gliclazide 80mg,Antidiabetic,2026-05-08,37,37.13
29,Gliclazide 80mg,Antidiabetic,2026-05-09,20,37.13
29,Gliclazide 80mg,Antidiabetic,2026-05-10,13,37.13
29,Gliclazide 80mg,Antidiabetic,2026-05-11,46,37.13
29,Gliclazide 80mg,Antidiabetic,2026-05-12,42,37.13
29,Gliclazide 80mg,Antidiabetic,2026-05-13,27,37.13
29,Gliclazide 80mg,Antidiabetic,2026-05-14,38,37.13
29,Gliclazide 80mg,Antidiabetic,2026-05-15,38,37.13
29,Gliclazide 80mg,Antidiabetic,2026-05-16,28,37.13
29,Gliclazide 80mg,Antidiabetic,2026-05-17,6,37.13
29,Gliclazide 80mg,Antidiabetic,2026-05-18,43,37.13
29,Gliclazide 80mg,Antidiabetic,2026-05-19,28,37.13
29,Gliclazide 80mg,Antidiabetic,2026-05-20,30,37.13
29,Gliclazide 80mg,Antidiabetic,2026-05-21,58,37.13
29,Gliclazide 80mg,Antidiabetic,2026-05-22,36,37.13
29,Gliclazide 80mg,Antidiabetic,2026-05-23,18,37.13
29,Gliclazide 80mg,Antidiabetic,2026-05-24,1,37.13
29,Gliclazide 80mg,Antidiabetic,2026-05-25,46,37.13
29,Gliclazide 80mg,Antidiabetic,2026-05-26,20,37.13
29,Gliclazide 80mg,Antidiabetic,2026-05-27,23,37.13
29,Gliclazide 80mg,Antidiabetic,2026-05-28,30,37.13
29,Gliclazide 80mg,Antidiabetic,2026-05-29,47,37.13
29,Gliclazide 80mg,Antidiabetic,2026-05-30,29,37.13
29,Gliclazide 80mg,Antidiabetic,2026-05-31,20,37.13
29,Gliclazide 80mg,Antidiabetic,2026-06-01,36,37.13
29,Gliclazide 80mg,Antidiabetic,2026-06-02,27,37.13
29,Gliclazide 80mg,Antidiabetic,2026-06-03,34,37.13
29,Gliclazide 80mg,Antidiabetic,2026-06-04,34,37.13
29,Gliclazide 80mg,Antidiabetic,2026-06-05,42,37.13
29,Gliclazide 80mg,Antidiabetic,2026-06-06,31,37.13
29,Gliclazide 80mg,Antidiabetic,2026-06-07,27,37.13
29,Gliclazide 80mg,Antidiabetic,2026-06-08,30,37.13
29,Gliclazide 80mg,Antidiabetic,2026-06-09,40,37.13
29,Gliclazide 80mg,Antidiabetic,2026-06-10,32,37.13
29,Gliclazide 80mg,Antidiabetic,2026-06-11,23,37.13
29,Gliclazide 80mg,Antidiabetic,2026-06-12,29,37.13
29,Gliclazide 80mg,Antidiabetic,2026-06-13,23,37.13
29,Gliclazide 80mg,Antidiabetic,2026-06-14,31,37.13
29,Gliclazide 80mg,Antidiabetic,2026-06-15,31,37.13
29,Gliclazide 80mg,Antidiabetic,2026-06-16,22,37.13
29,Gliclazide 80mg,Antidiabetic,2026-06-17,34,37.13
29,Gliclazide 80mg,Antidiabetic,2026-06-18,34,37.13
29,Gliclazide 80mg,Antidiabetic,2026-06-19,35,37.13
29,Gliclazide 80mg,Antidiabetic,2026-06-20,31,37.13
29,Gliclazide 80mg,Antidiabetic,2026-06-21,32,37.13
29,Gliclazide 80mg,Antidiabetic,2026-06-22,27,37.13
29,Gliclazide 80mg,Antidiabetic,2026-06-23,27,37.13
29,Gliclazide 80mg,Antidiabetic,2026-06-24,23,37.13
29,Gliclazide 80mg,Antidiabetic,2026-06-25,40,37.13
29,Gliclazide 80mg,Antidiabetic,2026-06-26,47,37.13
29,Gliclazide 80mg,Antidiabetic,2026-06-27,19,37.13
29,Gliclazide 80mg,Antidiabetic,2026-06-28,20,37.13
29,Gliclazide 80mg,Antidiabetic,2026-06-29,47,37.13
29,Gliclazide 80mg,Antidiabetic,2026-06-30,38,37.13
29,Gliclazide 80mg,Antidiabetic,2026-07-01,37,37.13
29,Gliclazide 80mg,Antidiabetic,2026-07-02,22,37.13
29,Gliclazide 80mg,Antidiabetic,2026-07-03,40,37.13
29,Gliclazide 80mg,Antidiabetic,2026-07-04,13,37.13
29,Gliclazide 80mg,Antidiabetic,2026-07-05,11,37.13
29,Gliclazide 80mg,Antidiabetic,2026-07-06,30,37.13
29,Gliclazide 80mg,Antidiabetic,2026-07-07,27,37.13
29,Gliclazide 80mg,Antidiabetic,2026-07-08,31,37.13
29,Gliclazide 80mg,Antidiabetic,2026-07-09,19,37.13
29,Gliclazide 80mg,Antidiabetic,2026-07-10,42,37.13
29,Gliclazide 80mg,Antidiabetic,2026-07-11,33,37.13
29,Gliclazide 80mg,Antidiabetic,2026-07-12,3,37.13
29,Gliclazide 80mg,Antidiabetic,2026-07-13,43,37.13
29,Gliclazide 80mg,Antidiabetic,2026-07-14,25,37.13
29,Gliclazide 80mg,Antidiabetic,2026-07-15,41,37.13
29,Gliclazide 80mg,Antidiabetic,2026-07-16,32,37.13
29,Gliclazide 80mg,Antidiabetic,2026-07-17,33,37.13
29,Gliclazide 80mg,Antidiabetic,2026-07-18,20,37.13
29,Gliclazide 80mg,Antidiabetic,2026-07-19,34,37.13
29,Gliclazide 80mg,Antidiabetic,2026-07-20,21,37.13
29,Gliclazide 80mg,Antidiabetic,2026-07-21,39,37.13
29,Gliclazide 80mg,Antidiabetic,2026-07-22,44,37.13
29,Gliclazide 80mg,Antidiabetic,2026-07-23,40,37.13
29,Gliclazide 80mg,Antidiabetic,2026-07-24,55,37.13
29,Gliclazide 80mg,Antidiabetic,2026-07-25,17,37.13
29,Gliclazide 80mg,Antidiabetic,2026-07-26,31,37.13
29,Gliclazide 80mg,Antidiabetic,2026-07-27,32,37.13
29,Gliclazide 80mg,Antidiabetic,2026-07-28,45,37.13
29,Gliclazide 80mg,Antidiabetic,2026-07-29,33,37.13
29,Gliclazide 80mg,Antidiabetic,2026-07-30,29,37.13
29,Gliclazide 80mg,Antidiabetic,2026-07-31,46,37.13
29,Gliclazide 80mg,Antidiabetic,2026-08-01,17,37.13
29,Gliclazide 80mg,Antidiabetic,2026-08-02,8,37.13
29,Gliclazide 80mg,Antidiabetic,2026-08-03,28,37.13
29,Gliclazide 80mg,Antidiabetic,2026-08-04,39,37.13
29,Gliclazide 80mg,Antidiabetic,2026-08-05,46,37.13
29,Gliclazide 80mg,Antidiabetic,2026-08-06,34,37.13
29,Gliclazide 80mg,Antidiabetic,2026-08-07,46,37.13
29,Gliclazide 80mg,Antidiabetic,2026-08-08,9,37.13
29,Gliclazide 80mg,Antidiabetic,2026-08-09,18,37.13
29,Gliclazide 80mg,Antidiabetic,2026-08-10,30,37.13
29,Gliclazide 80mg,Antidiabetic,2026-08-11,32,37.13
29,Gliclazide 80mg,Antidiabetic,2026-08-12,34,37.13
29,Gliclazide 80mg,Antidiabetic,2026-08-13,40,37.13
29,Gliclazide 80mg,Antidiabetic,2026-08-14,29,37.13
29,Gliclazide 80mg,Antidiabetic,2026-08-15,23,37.13
29,Gliclazide 80mg,Antidiabetic,2026-08-16,21,37.13
29,Gliclazide 80mg,Antidiabetic,2026-08-17,24,37.13
29,Gliclazide 80mg,Antidiabetic,2026-08-18,32,37.13
29,Gliclazide 80mg,Antidiabetic,2026-08-19,32,37.13
29,Gliclazide 80mg,Antidiabetic,2026-08-20,32,37.13
29,Gliclazide 80mg,Antidiabetic,2026-08-21,33,37.13
29,Gliclazide 80mg,Antidiabetic,2026-08-22,23,37.13
29,Gliclazide 80mg,Antidiabetic,2026-08-23,18,37.13
29,Gliclazide 80mg,Antidiabetic,2026-08-24,45,37.13
29,Gliclazide 80mg,Antidiabetic,2026-08-25,22,37.13
29,Gliclazide 80mg,Antidiabetic,2026-08-26,26,37.13
29,Gliclazide 80mg,Antidiabetic,2026-08-27,60,37.13
29,Gliclazide 80mg,Antidiabetic,2026-08-28,23,37.13
29,Gliclazide 80mg,Antidiabetic,2026-08-29,9,37.13
29,Gliclazide 80mg,Antidiabetic,2026-08-30,29,37.13
29,Gliclazide 80mg,Antidiabetic,2026-08-31,13,37.13
29,Gliclazide 80mg,Antidiabetic,2026-09-01,31,37.13
29,Gliclazide 80mg,Antidiabetic,2026-09-02,54,37.13
29,Gliclazide 80mg,Antidiabetic,2026-09-03,18,37.13
29,Gliclazide 80mg,Antidiabetic,2026-09-04,14,37.13
29,Gliclazide 80mg,Antidiabetic,2026-09-05,8,37.13
29,Gliclazide 80mg,Antidiabetic,2026-09-06,31,37.13
29,Gliclazide 80mg,Antidiabetic,2026-09-07,44,37.13
29,Gliclazide 80mg,Antidiabetic,2026-09-08,28,37.13
29,Gliclazide 80mg,Antidiabetic,2026-09-09,40,37.13
29,Gliclazide 80mg,Antidiabetic,2026-09-10,46,37.13
29,Gliclazide 80mg,Antidiabetic,2026-09-11,50,37.13
29,Gliclazide 80mg,Antidiabetic,2026-09-12,20,37.13
29,Gliclazide 80mg,Antidiabetic,2026-09-13,0,37.13
29,Gliclazide 80mg,Antidiabetic,2026-09-14,25,37.13
29,Gliclazide 80mg,Antidiabetic,2026-09-15,29,37.13
29,Gliclazide 80mg,Antidiabetic,2026-09-16,31,37.13
29,Gliclazide 80mg,Antidiabetic,2026-09-17,31,37.13
29,Gliclazide 80mg,Antidiabetic,2026-09-18,44,37.13
29,Gliclazide 80mg,Antidiabetic,2026-09-19,34,37.13
29,Gliclazide 80mg,Antidiabetic,2026-09-20,20,37.13
29,Gliclazide 80mg,Antidiabetic,2026-09-21,44,37.13
29,Gliclazide 80mg,Antidiabetic,2026-09-22,37,37.13
29,Gliclazide 80mg,Antidiabetic,2026-09-23,34,37.13
29,Gliclazide 80mg,Antidiabetic,2026-09-24,42,37.13
29,Gliclazide 80mg,Antidiabetic,2026-09-25,34,37.13
30,Salbutamol 100mcg Inhaler,Respiratory,2026-02-18,66,79.85
30,Salbutamol 100mcg Inhaler,Respiratory,2026-02-19,42,79.85
30,Salbutamol 100mcg Inhaler,Respiratory,2026-02-20,48,79.85
30,Salbutamol 100mcg Inhaler,Respiratory,2026-02-21,34,79.85
30,Salbutamol 100mcg Inhaler,Respiratory,2026-02-22,37,79.85
30,Salbutamol 100mcg Inhaler,Respiratory,2026-02-23,60,79.85
30,Salbutamol 100mcg Inhaler,Respiratory,2026-02-24,52,79.85
30,Salbutamol 100mcg Inhaler,Respiratory,2026-02-25,42,79.85
30,Salbutamol 100mcg Inhaler,Respiratory,2026-02-26,58,79.85
30,Salbutamol 100mcg Inhaler,Respiratory,2026-02-27,57,79.85
30,Salbutamol 100mcg Inhaler,Respiratory,2026-02-28,21,79.85
30,Salbutamol 100mcg Inhaler,Respiratory,2026-03-01,25,79.85
30,Salbutamol 100mcg Inhaler,Respiratory,2026-03-02,28,79.85
30,Salbutamol 100mcg Inhaler,Respiratory,2026-03-03,34,79.85
30,Salbutamol 100mcg Inhaler,Respiratory,2026-03-04,32,79.85
30,Salbutamol 100mcg Inhaler,Respiratory,2026-03-05,44,79.85
30,Salbutamol 100mcg Inhaler,Respiratory,2026-03-06,39,79.85
30,Salbutamol 100mcg Inhaler,Respiratory,2026-03-07,17,79.85
30,Salbutamol 100mcg Inhaler,Respiratory,2026-03-08,31,79.85
30,Salbutamol 100mcg Inhaler,Respiratory,2026-03-09,29,79.85
30,Salbutamol 100mcg Inhaler,Respiratory,2026-03-10,41,79.85
30,Salbutamol 100mcg Inhaler,Respiratory,2026-03-11,33,79.85
30,Salbutamol 100mcg Inhaler,Respiratory,2026-03-12,36,79.85
30,Salbutamol 100mcg Inhaler,Respiratory,2026-03-13,42,79.85
30,Salbutamol 100mcg Inhaler,Respiratory,2026-03-14,29,79.85
30,Salbutamol 100mcg Inhaler,Respiratory,2026-03-15,34,79.85
30,Salbutamol 100mcg Inhaler,Respiratory,2026-03-16,38,79.85
30,Salbutamol 100mcg Inhaler,Respiratory,2026-03-17,40,79.85
30,Salbutamol 100mcg Inhaler,Respiratory,2026-03-18,35,79.85
30,Salbutamol 100mcg Inhaler,Respiratory,2026-03-19,40,79.85
30,Salbutamol 100mcg Inhaler,Respiratory,2026-03-20,41,79.85
30,Salbutamol 100mcg Inhaler,Respiratory,2026-03-21,25,79.85
30,Salbutamol 100mcg Inhaler,Respiratory,2026-03-22,13,79.85
30,Salbutamol 100mcg Inhaler,Respiratory,2026-03-23,41,79.85
30,Salbutamol 100mcg Inhaler,Respiratory,2026-03-24,41,79.85
30,Salbutamol 100mcg Inhaler,Respiratory,2026-03-25,34,79.85
30,Salbutamol 100mcg Inhaler,Respiratory,2026-03-26,30,79.85
30,Salbutamol 100mcg Inhaler,Respiratory,2026-03-27,48,79.85
30,Salbutamol 100mcg Inhaler,Respiratory,2026-03-28,29,79.85
30,Salbutamol 100mcg Inhaler,Respiratory,2026-03-29,24,79.85
30,Salbutamol 100mcg Inhaler,Respiratory,2026-03-30,31,79.85
30,Salbutamol 100mcg Inhaler,Respiratory,2026-03-31,33,79.85
30,Salbutamol 100mcg Inhaler,Respiratory,2026-04-01,47,79.85
30,Salbutamol 100mcg Inhaler,Respiratory,2026-04-02,39,79.85
30,Salbutamol 100mcg Inhaler,Respiratory,2026-04-03,35,79.85
30,Salbutamol 100mcg Inhaler,Respiratory,2026-04-04,29,79.85
30,Salbutamol 100mcg Inhaler,Respiratory,2026-04-05,20,79.85
30,Salbutamol 100mcg Inhaler,Respiratory,2026-04-06,48,79.85
30,Salbutamol 100mcg Inhaler,Respiratory,2026-04-07,47,79.85
30,Salbutamol 100mcg Inhaler,Respiratory,2026-04-08,35,79.85
30,Salbutamol 100mcg Inhaler,Respiratory,2026-04-09,34,79.85
30,Salbutamol 100mcg Inhaler,Respiratory,2026-04-10,21,79.85
30,Salbutamol 100mcg Inhaler,Respiratory,2026-04-11,15,79.85
30,Salbutamol 100mcg Inhaler,Respiratory,2026-04-12,16,79.85
30,Salbutamol 100mcg Inhaler,Respiratory,2026-04-13,39,79.85
30,Salbutamol 100mcg Inhaler,Respiratory,2026-04-14,36,79.85
30,Salbutamol 100mcg Inhaler,Respiratory,2026-04-15,29,79.85
30,Salbutamol 100mcg Inhaler,Respiratory,2026-04-16,36,79.85
30,Salbutamol 100mcg Inhaler,Respiratory,2026-04-17,42,79.85
30,Salbutamol 100mcg Inhaler,Respiratory,2026-04-18,29,79.85
30,Salbutamol 100mcg Inhaler,Respiratory,2026-04-19,13,79.85
30,Salbutamol 100mcg Inhaler,Respiratory,2026-04-20,37,79.85
30,Salbutamol 100mcg Inhaler,Respiratory,2026-04-21,29,79.85
30,Salbutamol 100mcg Inhaler,Respiratory,2026-04-22,44,79.85
30,Salbutamol 100mcg Inhaler,Respiratory,2026-04-23,44,79.85
30,Salbutamol 100mcg Inhaler,Respiratory,2026-04-24,32,79.85
30,Salbutamol 100mcg Inhaler,Respiratory,2026-04-25,20,79.85
30,Salbutamol 100mcg Inhaler,Respiratory,2026-04-26,22,79.85
30,Salbutamol 100mcg Inhaler,Respiratory,2026-04-27,23,79.85
30,Salbutamol 100mcg Inhaler,Respiratory,2026-04-28,41,79.85
30,Salbutamol 100mcg Inhaler,Respiratory,2026-04-29,37,79.85
30,Salbutamol 100mcg Inhaler,Respiratory,2026-04-30,45,79.85
30,Salbutamol 100mcg Inhaler,Respiratory,2026-05-01,31,79.85
30,Salbutamol 100mcg Inhaler,Respiratory,2026-05-02,21,79.85
30,Salbutamol 100mcg Inhaler,Respiratory,2026-05-03,15,79.85
30,Salbutamol 100mcg Inhaler,Respiratory,2026-05-04,32,79.85
30,Salbutamol 100mcg Inhaler,Respiratory,2026-05-05,30,79.85
30,Salbutamol 100mcg Inhaler,Respiratory,2026-05-06,45,79.85
30,Salbutamol 100mcg Inhaler,Respiratory,2026-05-07,34,79.85
30,Salbutamol 100mcg Inhaler,Respiratory,2026-05-08,39,79.85
30,Salbutamol 100mcg Inhaler,Respiratory,2026-05-09,23,79.85
30,Salbutamol 100mcg Inhaler,Respiratory,2026-05-10,17,79.85
30,Salbutamol 100mcg Inhaler,Respiratory,2026-05-11,37,79.85
30,Salbutamol 100mcg Inhaler,Respiratory,2026-05-12,42,79.85
30,Salbutamol 100mcg Inhaler,Respiratory,2026-05-13,30,79.85
30,Salbutamol 100mcg Inhaler,Respiratory,2026-05-14,44,79.85
30,Salbutamol 100mcg Inhaler,Respiratory,2026-05-15,33,79.85
30,Salbutamol 100mcg Inhaler,Respiratory,2026-05-16,22,79.85
30,Salbutamol 100mcg Inhaler,Respiratory,2026-05-17,29,79.85
30,Salbutamol 100mcg Inhaler,Respiratory,2026-05-18,34,79.85
30,Salbutamol 100mcg Inhaler,Respiratory,2026-05-19,39,79.85
30,Salbutamol 100mcg Inhaler,Respiratory,2026-05-20,36,79.85
30,Salbutamol 100mcg Inhaler,Respiratory,2026-05-21,39,79.85
30,Salbutamol 100mcg Inhaler,Respiratory,2026-05-22,22,79.85
30,Salbutamol 100mcg Inhaler,Respiratory,2026-05-23,13,79.85
30,Salbutamol 100mcg Inhaler,Respiratory,2026-05-24,30,79.85
30,Salbutamol 100mcg Inhaler,Respiratory,2026-05-25,45,79.85
30,Salbutamol 100mcg Inhaler,Respiratory,2026-05-26,32,79.85
30,Salbutamol 100mcg Inhaler,Respiratory,2026-05-27,37,79.85
30,Salbutamol 100mcg Inhaler,Respiratory,2026-05-28,40,79.85
30,Salbutamol 100mcg Inhaler,Respiratory,2026-05-29,43,79.85
30,Salbutamol 100mcg Inhaler,Respiratory,2026-05-30,12,79.85
30,Salbutamol 100mcg Inhaler,Respiratory,2026-05-31,19,79.85
30,Salbutamol 100mcg Inhaler,Respiratory,2026-06-01,36,79.85
30,Salbutamol 100mcg Inhaler,Respiratory,2026-06-02,43,79.85
30,Salbutamol 100mcg Inhaler,Respiratory,2026-06-03,55,79.85
30,Salbutamol 100mcg Inhaler,Respiratory,2026-06-04,37,79.85
30,Salbutamol 100mcg Inhaler,Respiratory,2026-06-05,29,79.85
30,Salbutamol 100mcg Inhaler,Respiratory,2026-06-06,28,79.85
30,Salbutamol 100mcg Inhaler,Respiratory,2026-06-07,34,79.85
30,Salbutamol 100mcg Inhaler,Respiratory,2026-06-08,39,79.85
30,Salbutamol 100mcg Inhaler,Respiratory,2026-06-09,32,79.85
30,Salbutamol 100mcg Inhaler,Respiratory,2026-06-10,45,79.85
30,Salbutamol 100mcg Inhaler,Respiratory,2026-06-11,43,79.85
30,Salbutamol 100mcg Inhaler,Respiratory,2026-06-12,31,79.85
30,Salbutamol 100mcg Inhaler,Respiratory,2026-06-13,28,79.85
30,Salbutamol 100mcg Inhaler,Respiratory,2026-06-14,32,79.85
30,Salbutamol 100mcg Inhaler,Respiratory,2026-06-15,46,79.85
30,Salbutamol 100mcg Inhaler,Respiratory,2026-06-16,38,79.85
30,Salbutamol 100mcg Inhaler,Respiratory,2026-06-17,36,79.85
30,Salbutamol 100mcg Inhaler,Respiratory,2026-06-18,47,79.85
30,Salbutamol 100mcg Inhaler,Respiratory,2026-06-19,30,79.85
30,Salbutamol 100mcg Inhaler,Respiratory,2026-06-20,28,79.85
30,Salbutamol 100mcg Inhaler,Respiratory,2026-06-21,16,79.85
30,Salbutamol 100mcg Inhaler,Respiratory,2026-06-22,46,79.85
30,Salbutamol 100mcg Inhaler,Respiratory,2026-06-23,37,79.85
30,Salbutamol 100mcg Inhaler,Respiratory,2026-06-24,47,79.85
30,Salbutamol 100mcg Inhaler,Respiratory,2026-06-25,42,79.85
30,Salbutamol 100mcg Inhaler,Respiratory,2026-06-26,30,79.85
30,Salbutamol 100mcg Inhaler,Respiratory,2026-06-27,35,79.85
30,Salbutamol 100mcg Inhaler,Respiratory,2026-06-28,36,79.85
30,Salbutamol 100mcg Inhaler,Respiratory,2026-06-29,44,79.85
30,Salbutamol 100mcg Inhaler,Respiratory,2026-06-30,33,79.85
30,Salbutamol 100mcg Inhaler,Respiratory,2026-07-01,36,79.85
30,Salbutamol 100mcg Inhaler,Respiratory,2026-07-02,39,79.85
30,Salbutamol 100mcg Inhaler,Respiratory,2026-07-03,34,79.85
30,Salbutamol 100mcg Inhaler,Respiratory,2026-07-04,37,79.85
30,Salbutamol 100mcg Inhaler,Respiratory,2026-07-05,26,79.85
30,Salbutamol 100mcg Inhaler,Respiratory,2026-07-06,20,79.85
30,Salbutamol 100mcg Inhaler,Respiratory,2026-07-07,41,79.85
30,Salbutamol 100mcg Inhaler,Respiratory,2026-07-08,36,79.85
30,Salbutamol 100mcg Inhaler,Respiratory,2026-07-09,38,79.85
30,Salbutamol 100mcg Inhaler,Respiratory,2026-07-10,36,79.85
30,Salbutamol 100mcg Inhaler,Respiratory,2026-07-11,31,79.85
30,Salbutamol 100mcg Inhaler,Respiratory,2026-07-12,33,79.85
30,Salbutamol 100mcg Inhaler,Respiratory,2026-07-13,40,79.85
30,Salbutamol 100mcg Inhaler,Respiratory,2026-07-14,36,79.85
30,Salbutamol 100mcg Inhaler,Respiratory,2026-07-15,38,79.85
30,Salbutamol 100mcg Inhaler,Respiratory,2026-07-16,38,79.85
30,Salbutamol 100mcg Inhaler,Respiratory,2026-07-17,33,79.85
30,Salbutamol 100mcg Inhaler,Respiratory,2026-07-18,29,79.85
30,Salbutamol 100mcg Inhaler,Respiratory,2026-07-19,28,79.85
30,Salbutamol 100mcg Inhaler,Respiratory,2026-07-20,49,79.85
30,Salbutamol 100mcg Inhaler,Respiratory,2026-07-21,47,79.85
30,Salbutamol 100mcg Inhaler,Respiratory,2026-07-22,34,79.85
30,Salbutamol 100mcg Inhaler,Respiratory,2026-07-23,44,79.85
30,Salbutamol 100mcg Inhaler,Respiratory,2026-07-24,32,79.85
30,Salbutamol 100mcg Inhaler,Respiratory,2026-07-25,30,79.85
30,Salbutamol 100mcg Inhaler,Respiratory,2026-07-26,22,79.85
30,Salbutamol 100mcg Inhaler,Respiratory,2026-07-27,31,79.85
30,Salbutamol 100mcg Inhaler,Respiratory,2026-07-28,40,79.85
30,Salbutamol 100mcg Inhaler,Respiratory,2026-07-29,20,79.85
30,Salbutamol 100mcg Inhaler,Respiratory,2026-07-30,27,79.85
30,Salbutamol 100mcg Inhaler,Respiratory,2026-07-31,37,79.85
30,Salbutamol 100mcg Inhaler,Respiratory,2026-08-01,26,79.85
30,Salbutamol 100mcg Inhaler,Respiratory,2026-08-02,23,79.85
30,Salbutamol 100mcg Inhaler,Respiratory,2026-08-03,28,79.85
30,Salbutamol 100mcg Inhaler,Respiratory,2026-08-04,33,79.85
30,Salbutamol 100mcg Inhaler,Respiratory,2026-08-05,41,79.85
30,Salbutamol 100mcg Inhaler,Respiratory,2026-08-06,42,79.85
30,Salbutamol 100mcg Inhaler,Respiratory,2026-08-07,38,79.85
30,Salbutamol 100mcg Inhaler,Respiratory,2026-08-08,33,79.85
30,Salbutamol 100mcg Inhaler,Respiratory,2026-08-09,28,79.85
30,Salbutamol 100mcg Inhaler,Respiratory,2026-08-10,33,79.85
30,Salbutamol 100mcg Inhaler,Respiratory,2026-08-11,36,79.85
30,Salbutamol 100mcg Inhaler,Respiratory,2026-08-12,29,79.85
30,Salbutamol 100mcg Inhaler,Respiratory,2026-08-13,38,79.85
30,Salbutamol 100mcg Inhaler,Respiratory,2026-08-14,46,79.85
30,Salbutamol 100mcg Inhaler,Respiratory,2026-08-15,30,79.85
30,Salbutamol 100mcg Inhaler,Respiratory,2026-08-16,35,79.85
30,Salbutamol 100mcg Inhaler,Respiratory,2026-08-17,36,79.85
30,Salbutamol 100mcg Inhaler,Respiratory,2026-08-18,47,79.85
30,Salbutamol 100mcg Inhaler,Respiratory,2026-08-19,37,79.85
30,Salbutamol 100mcg Inhaler,Respiratory,2026-08-20,48,79.85
30,Salbutamol 100mcg Inhaler,Respiratory,2026-08-21,38,79.85
30,Salbutamol 100mcg Inhaler,Respiratory,2026-08-22,30,79.85
30,Salbutamol 100mcg Inhaler,Respiratory,2026-08-23,35,79.85
30,Salbutamol 100mcg Inhaler,Respiratory,2026-08-24,37,79.85
30,Salbutamol 100mcg Inhaler,Respiratory,2026-08-25,40,79.85
30,Salbutamol 100mcg Inhaler,Respiratory,2026-08-26,47,79.85
30,Salbutamol 100mcg Inhaler,Respiratory,2026-08-27,37,79.85
30,Salbutamol 100mcg Inhaler,Respiratory,2026-08-28,29,79.85
30,Salbutamol 100mcg Inhaler,Respiratory,2026-08-29,40,79.85
30,Salbutamol 100mcg Inhaler,Respiratory,2026-08-30,22,79.85
30,Salbutamol 100mcg Inhaler,Respiratory,2026-08-31,39,79.85
30,Salbutamol 100mcg Inhaler,Respiratory,2026-09-01,46,79.85
30,Salbutamol 100mcg Inhaler,Respiratory,2026-09-02,34,79.85
30,Salbutamol 100mcg Inhaler,Respiratory,2026-09-03,32,79.85
30,Salbutamol 100mcg Inhaler,Respiratory,2026-09-04,40,79.85
30,Salbutamol 100mcg Inhaler,Respiratory,2026-09-05,13,79.85
30,Salbutamol 100mcg Inhaler,Respiratory,2026-09-06,23,79.85
30,Salbutamol 100mcg Inhaler,Respiratory,2026-09-07,40,79.85
30,Salbutamol 100mcg Inhaler,Respiratory,2026-09-08,37,79.85
30,Salbutamol 100mcg Inhaler,Respiratory,2026-09-09,28,79.85
30,Salbutamol 100mcg Inhaler,Respiratory,2026-09-10,49,79.85
30,Salbutamol 100mcg Inhaler,Respiratory,2026-09-11,39,79.85
30,Salbutamol 100mcg Inhaler,Respiratory,2026-09-12,35,79.85
30,Salbutamol 100mcg Inhaler,Respiratory,2026-09-13,24,79.85
30,Salbutamol 100mcg Inhaler,Respiratory,2026-09-14,32,79.85
30,Salbutamol 100mcg Inhaler,Respiratory,2026-09-15,40,79.85
30,Salbutamol 100mcg Inhaler,Respiratory,2026-09-16,37,79.85
30,Salbutamol 100mcg Inhaler,Respiratory,2026-09-17,30,79.85
30,Salbutamol 100mcg Inhaler,Respiratory,2026-09-18,48,79.85
30,Salbutamol 100mcg Inhaler,Respiratory,2026-09-19,21,79.85
30,Salbutamol 100mcg Inhaler,Respiratory,2026-09-20,13,79.85
30,Salbutamol 100mcg Inhaler,Respiratory,2026-09-21,47,79.85
30,Salbutamol 100mcg Inhaler,Respiratory,2026-09-22,35,79.85
30,Salbutamol 100mcg Inhaler,Respiratory,2026-09-23,34,79.85
30,Salbutamol 100mcg Inhaler,Respiratory,2026-09-24,26,79.85
30,Salbutamol 100mcg Inhaler,Respiratory,2026-09-25,50,79.85
31,Budesonide 200mcg Turbuhaler,Respiratory,2026-02-18,32,26.52
31,Budesonide 200mcg Turbuhaler,Respiratory,2026-02-19,42,26.52
31,Budesonide 200mcg Turbuhaler,Respiratory,2026-02-20,49,26.52
31,Budesonide 200mcg Turbuhaler,Respiratory,2026-02-21,31,26.52
31,Budesonide 200mcg Turbuhaler,Respiratory,2026-02-22,27,26.52
31,Budesonide 200mcg Turbuhaler,Respiratory,2026-02-23,29,26.52
31,Budesonide 200mcg Turbuhaler,Respiratory,2026-02-24,36,26.52
31,Budesonide 200mcg Turbuhaler,Respiratory,2026-02-25,43,26.52
31,Budesonide 200mcg Turbuhaler,Respiratory,2026-02-26,36,26.52
31,Budesonide 200mcg Turbuhaler,Respiratory,2026-02-27,44,26.52
31,Budesonide 200mcg Turbuhaler,Respiratory,2026-02-28,33,26.52
31,Budesonide 200mcg Turbuhaler,Respiratory,2026-03-01,28,26.52
31,Budesonide 200mcg Turbuhaler,Respiratory,2026-03-02,22,26.52
31,Budesonide 200mcg Turbuhaler,Respiratory,2026-03-03,48,26.52
31,Budesonide 200mcg Turbuhaler,Respiratory,2026-03-04,37,26.52
31,Budesonide 200mcg Turbuhaler,Respiratory,2026-03-05,31,26.52
31,Budesonide 200mcg Turbuhaler,Respiratory,2026-03-06,39,26.52
31,Budesonide 200mcg Turbuhaler,Respiratory,2026-03-07,39,26.52
31,Budesonide 200mcg Turbuhaler,Respiratory,2026-03-08,10,26.52
31,Budesonide 200mcg Turbuhaler,Respiratory,2026-03-09,29,26.52
31,Budesonide 200mcg Turbuhaler,Respiratory,2026-03-10,13,26.52
31,Budesonide 200mcg Turbuhaler,Respiratory,2026-03-11,32,26.52
31,Budesonide 200mcg Turbuhaler,Respiratory,2026-03-12,34,26.52
31,Budesonide 200mcg Turbuhaler,Respiratory,2026-03-13,31,26.52
31,Budesonide 200mcg Turbuhaler,Respiratory,2026-03-14,15,26.52
31,Budesonide 200mcg Turbuhaler,Respiratory,2026-03-15,5,26.52
31,Budesonide 200mcg Turbuhaler,Respiratory,2026-03-16,34,26.52
31,Budesonide 200mcg Turbuhaler,Respiratory,2026-03-17,42,26.52
31,Budesonide 200mcg Turbuhaler,Respiratory,2026-03-18,26,26.52
31,Budesonide 200mcg Turbuhaler,Respiratory,2026-03-19,34,26.52
31,Budesonide 200mcg Turbuhaler,Respiratory,2026-03-20,19,26.52
31,Budesonide 200mcg Turbuhaler,Respiratory,2026-03-21,24,26.52
31,Budesonide 200mcg Turbuhaler,Respiratory,2026-03-22,17,26.52
31,Budesonide 200mcg Turbuhaler,Respiratory,2026-03-23,25,26.52
31,Budesonide 200mcg Turbuhaler,Respiratory,2026-03-24,25,26.52
31,Budesonide 200mcg Turbuhaler,Respiratory,2026-03-25,28,26.52
31,Budesonide 200mcg Turbuhaler,Respiratory,2026-03-26,34,26.52
31,Budesonide 200mcg Turbuhaler,Respiratory,2026-03-27,21,26.52
31,Budesonide 200mcg Turbuhaler,Respiratory,2026-03-28,17,26.52
31,Budesonide 200mcg Turbuhaler,Respiratory,2026-03-29,20,26.52
31,Budesonide 200mcg Turbuhaler,Respiratory,2026-03-30,23,26.52
31,Budesonide 200mcg Turbuhaler,Respiratory,2026-03-31,45,26.52
31,Budesonide 200mcg Turbuhaler,Respiratory,2026-04-01,24,26.52
31,Budesonide 200mcg Turbuhaler,Respiratory,2026-04-02,26,26.52
31,Budesonide 200mcg Turbuhaler,Respiratory,2026-04-03,24,26.52
31,Budesonide 200mcg Turbuhaler,Respiratory,2026-04-04,34,26.52
31,Budesonide 200mcg Turbuhaler,Respiratory,2026-04-05,25,26.52
31,Budesonide 200mcg Turbuhaler,Respiratory,2026-04-06,24,26.52
31,Budesonide 200mcg Turbuhaler,Respiratory,2026-04-07,39,26.52
31,Budesonide 200mcg Turbuhaler,Respiratory,2026-04-08,33,26.52
31,Budesonide 200mcg Turbuhaler,Respiratory,2026-04-09,33,26.52
31,Budesonide 200mcg Turbuhaler,Respiratory,2026-04-10,28,26.52
31,Budesonide 200mcg Turbuhaler,Respiratory,2026-04-11,15,26.52
31,Budesonide 200mcg Turbuhaler,Respiratory,2026-04-12,23,26.52
31,Budesonide 200mcg Turbuhaler,Respiratory,2026-04-13,27,26.52
31,Budesonide 200mcg Turbuhaler,Respiratory,2026-04-14,45,26.52
31,Budesonide 200mcg Turbuhaler,Respiratory,2026-04-15,21,26.52
31,Budesonide 200mcg Turbuhaler,Respiratory,2026-04-16,43,26.52
31,Budesonide 200mcg Turbuhaler,Respiratory,2026-04-17,30,26.52
31,Budesonide 200mcg Turbuhaler,Respiratory,2026-04-18,23,26.52
31,Budesonide 200mcg Turbuhaler,Respiratory,2026-04-19,27,26.52
31,Budesonide 200mcg Turbuhaler,Respiratory,2026-04-20,26,26.52
31,Budesonide 200mcg Turbuhaler,Respiratory,2026-04-21,38,26.52
31,Budesonide 200mcg Turbuhaler,Respiratory,2026-04-22,10,26.52
31,Budesonide 200mcg Turbuhaler,Respiratory,2026-04-23,25,26.52
31,Budesonide 200mcg Turbuhaler,Respiratory,2026-04-24,24,26.52
31,Budesonide 200mcg Turbuhaler,Respiratory,2026-04-25,11,26.52
31,Budesonide 200mcg Turbuhaler,Respiratory,2026-04-26,19,26.52
31,Budesonide 200mcg Turbuhaler,Respiratory,2026-04-27,34,26.52
31,Budesonide 200mcg Turbuhaler,Respiratory,2026-04-28,36,26.52
31,Budesonide 200mcg Turbuhaler,Respiratory,2026-04-29,33,26.52
31,Budesonide 200mcg Turbuhaler,Respiratory,2026-04-30,26,26.52
31,Budesonide 200mcg Turbuhaler,Respiratory,2026-05-01,34,26.52
31,Budesonide 200mcg Turbuhaler,Respiratory,2026-05-02,21,26.52
31,Budesonide 200mcg Turbuhaler,Respiratory,2026-05-03,28,26.52
31,Budesonide 200mcg Turbuhaler,Respiratory,2026-05-04,37,26.52
31,Budesonide 200mcg Turbuhaler,Respiratory,2026-05-05,31,26.52
31,Budesonide 200mcg Turbuhaler,Respiratory,2026-05-06,24,26.52
31,Budesonide 200mcg Turbuhaler,Respiratory,2026-05-07,26,26.52
31,Budesonide 200mcg Turbuhaler,Respiratory,2026-05-08,27,26.52
31,Budesonide 200mcg Turbuhaler,Respiratory,2026-05-09,18,26.52
31,Budesonide 200mcg Turbuhaler,Respiratory,2026-05-10,23,26.52
31,Budesonide 200mcg Turbuhaler,Respiratory,2026-05-11,36,26.52
31,Budesonide 200mcg Turbuhaler,Respiratory,2026-05-12,31,26.52
31,Budesonide 200mcg Turbuhaler,Respiratory,2026-05-13,31,26.52
31,Budesonide 200mcg Turbuhaler,Respiratory,2026-05-14,32,26.52
31,Budesonide 200mcg Turbuhaler,Respiratory,2026-05-15,27,26.52
31,Budesonide 200mcg Turbuhaler,Respiratory,2026-05-16,13,26.52
31,Budesonide 200mcg Turbuhaler,Respiratory,2026-05-17,7,26.52
31,Budesonide 200mcg Turbuhaler,Respiratory,2026-05-18,26,26.52
31,Budesonide 200mcg Turbuhaler,Respiratory,2026-05-19,35,26.52
31,Budesonide 200mcg Turbuhaler,Respiratory,2026-05-20,26,26.52
31,Budesonide 200mcg Turbuhaler,Respiratory,2026-05-21,29,26.52
31,Budesonide 200mcg Turbuhaler,Respiratory,2026-05-22,35,26.52
31,Budesonide 200mcg Turbuhaler,Respiratory,2026-05-23,24,26.52
31,Budesonide 200mcg Turbuhaler,Respiratory,2026-05-24,12,26.52
31,Budesonide 200mcg Turbuhaler,Respiratory,2026-05-25,39,26.52
31,Budesonide 200mcg Turbuhaler,Respiratory,2026-05-26,40,26.52
31,Budesonide 200mcg Turbuhaler,Respiratory,2026-05-27,22,26.52
31,Budesonide 200mcg Turbuhaler,Respiratory,2026-05-28,25,26.52
31,Budesonide 200mcg Turbuhaler,Respiratory,2026-05-29,40,26.52
31,Budesonide 200mcg Turbuhaler,Respiratory,2026-05-30,19,26.52
31,Budesonide 200mcg Turbuhaler,Respiratory,2026-05-31,4,26.52
31,Budesonide 200mcg Turbuhaler,Respiratory,2026-06-01,20,26.52
31,Budesonide 200mcg Turbuhaler,Respiratory,2026-06-02,29,26.52
31,Budesonide 200mcg Turbuhaler,Respiratory,2026-06-03,22,26.52
31,Budesonide 200mcg Turbuhaler,Respiratory,2026-06-04,28,26.52
31,Budesonide 200mcg Turbuhaler,Respiratory,2026-06-05,31,26.52
31,Budesonide 200mcg Turbuhaler,Respiratory,2026-06-06,32,26.52
31,Budesonide 200mcg Turbuhaler,Respiratory,2026-06-07,18,26.52
31,Budesonide 200mcg Turbuhaler,Respiratory,2026-06-08,39,26.52
31,Budesonide 200mcg Turbuhaler,Respiratory,2026-06-09,42,26.52
31,Budesonide 200mcg Turbuhaler,Respiratory,2026-06-10,42,26.52
31,Budesonide 200mcg Turbuhaler,Respiratory,2026-06-11,33,26.52
31,Budesonide 200mcg Turbuhaler,Respiratory,2026-06-12,16,26.52
31,Budesonide 200mcg Turbuhaler,Respiratory,2026-06-13,24,26.52
31,Budesonide 200mcg Turbuhaler,Respiratory,2026-06-14,28,26.52
31,Budesonide 200mcg Turbuhaler,Respiratory,2026-06-15,30,26.52
31,Budesonide 200mcg Turbuhaler,Respiratory,2026-06-16,44,26.52
31,Budesonide 200mcg Turbuhaler,Respiratory,2026-06-17,38,26.52
31,Budesonide 200mcg Turbuhaler,Respiratory,2026-06-18,35,26.52
31,Budesonide 200mcg Turbuhaler,Respiratory,2026-06-19,39,26.52
31,Budesonide 200mcg Turbuhaler,Respiratory,2026-06-20,23,26.52
31,Budesonide 200mcg Turbuhaler,Respiratory,2026-06-21,1,26.52
31,Budesonide 200mcg Turbuhaler,Respiratory,2026-06-22,27,26.52
31,Budesonide 200mcg Turbuhaler,Respiratory,2026-06-23,40,26.52
31,Budesonide 200mcg Turbuhaler,Respiratory,2026-06-24,25,26.52
31,Budesonide 200mcg Turbuhaler,Respiratory,2026-06-25,29,26.52
31,Budesonide 200mcg Turbuhaler,Respiratory,2026-06-26,23,26.52
31,Budesonide 200mcg Turbuhaler,Respiratory,2026-06-27,34,26.52
31,Budesonide 200mcg Turbuhaler,Respiratory,2026-06-28,33,26.52
31,Budesonide 200mcg Turbuhaler,Respiratory,2026-06-29,24,26.52
31,Budesonide 200mcg Turbuhaler,Respiratory,2026-06-30,32,26.52
31,Budesonide 200mcg Turbuhaler,Respiratory,2026-07-01,26,26.52
31,Budesonide 200mcg Turbuhaler,Respiratory,2026-07-02,36,26.52
31,Budesonide 200mcg Turbuhaler,Respiratory,2026-07-03,35,26.52
31,Budesonide 200mcg Turbuhaler,Respiratory,2026-07-04,27,26.52
31,Budesonide 200mcg Turbuhaler,Respiratory,2026-07-05,23,26.52
31,Budesonide 200mcg Turbuhaler,Respiratory,2026-07-06,53,26.52
31,Budesonide 200mcg Turbuhaler,Respiratory,2026-07-07,23,26.52
31,Budesonide 200mcg Turbuhaler,Respiratory,2026-07-08,18,26.52
31,Budesonide 200mcg Turbuhaler,Respiratory,2026-07-09,28,26.52
31,Budesonide 200mcg Turbuhaler,Respiratory,2026-07-10,19,26.52
31,Budesonide 200mcg Turbuhaler,Respiratory,2026-07-11,9,26.52
31,Budesonide 200mcg Turbuhaler,Respiratory,2026-07-12,13,26.52
31,Budesonide 200mcg Turbuhaler,Respiratory,2026-07-13,24,26.52
31,Budesonide 200mcg Turbuhaler,Respiratory,2026-07-14,24,26.52
31,Budesonide 200mcg Turbuhaler,Respiratory,2026-07-15,35,26.52
31,Budesonide 200mcg Turbuhaler,Respiratory,2026-07-16,27,26.52
31,Budesonide 200mcg Turbuhaler,Respiratory,2026-07-17,30,26.52
31,Budesonide 200mcg Turbuhaler,Respiratory,2026-07-18,27,26.52
31,Budesonide 200mcg Turbuhaler,Respiratory,2026-07-19,15,26.52
31,Budesonide 200mcg Turbuhaler,Respiratory,2026-07-20,29,26.52
31,Budesonide 200mcg Turbuhaler,Respiratory,2026-07-21,34,26.52
31,Budesonide 200mcg Turbuhaler,Respiratory,2026-07-22,16,26.52
31,Budesonide 200mcg Turbuhaler,Respiratory,2026-07-23,13,26.52
31,Budesonide 200mcg Turbuhaler,Respiratory,2026-07-24,34,26.52
31,Budesonide 200mcg Turbuhaler,Respiratory,2026-07-25,24,26.52
31,Budesonide 200mcg Turbuhaler,Respiratory,2026-07-26,36,26.52
31,Budesonide 200mcg Turbuhaler,Respiratory,2026-07-27,32,26.52
31,Budesonide 200mcg Turbuhaler,Respiratory,2026-07-28,37,26.52
31,Budesonide 200mcg Turbuhaler,Respiratory,2026-07-29,29,26.52
31,Budesonide 200mcg Turbuhaler,Respiratory,2026-07-30,33,26.52
31,Budesonide 200mcg Turbuhaler,Respiratory,2026-07-31,44,26.52
31,Budesonide 200mcg Turbuhaler,Respiratory,2026-08-01,4,26.52
31,Budesonide 200mcg Turbuhaler,Respiratory,2026-08-02,24,26.52
31,Budesonide 200mcg Turbuhaler,Respiratory,2026-08-03,47,26.52
31,Budesonide 200mcg Turbuhaler,Respiratory,2026-08-04,33,26.52
31,Budesonide 200mcg Turbuhaler,Respiratory,2026-08-05,44,26.52
31,Budesonide 200mcg Turbuhaler,Respiratory,2026-08-06,26,26.52
31,Budesonide 200mcg Turbuhaler,Respiratory,2026-08-07,31,26.52
31,Budesonide 200mcg Turbuhaler,Respiratory,2026-08-08,21,26.52
31,Budesonide 200mcg Turbuhaler,Respiratory,2026-08-09,4,26.52
31,Budesonide 200mcg Turbuhaler,Respiratory,2026-08-10,22,26.52
31,Budesonide 200mcg Turbuhaler,Respiratory,2026-08-11,23,26.52
31,Budesonide 200mcg Turbuhaler,Respiratory,2026-08-12,37,26.52
31,Budesonide 200mcg Turbuhaler,Respiratory,2026-08-13,38,26.52
31,Budesonide 200mcg Turbuhaler,Respiratory,2026-08-14,33,26.52
31,Budesonide 200mcg Turbuhaler,Respiratory,2026-08-15,27,26.52
31,Budesonide 200mcg Turbuhaler,Respiratory,2026-08-16,19,26.52
31,Budesonide 200mcg Turbuhaler,Respiratory,2026-08-17,40,26.52
31,Budesonide 200mcg Turbuhaler,Respiratory,2026-08-18,31,26.52
31,Budesonide 200mcg Turbuhaler,Respiratory,2026-08-19,31,26.52
31,Budesonide 200mcg Turbuhaler,Respiratory,2026-08-20,29,26.52
31,Budesonide 200mcg Turbuhaler,Respiratory,2026-08-21,36,26.52
31,Budesonide 200mcg Turbuhaler,Respiratory,2026-08-22,17,26.52
31,Budesonide 200mcg Turbuhaler,Respiratory,2026-08-23,28,26.52
31,Budesonide 200mcg Turbuhaler,Respiratory,2026-08-24,22,26.52
31,Budesonide 200mcg Turbuhaler,Respiratory,2026-08-25,23,26.52
31,Budesonide 200mcg Turbuhaler,Respiratory,2026-08-26,36,26.52
31,Budesonide 200mcg Turbuhaler,Respiratory,2026-08-27,30,26.52
31,Budesonide 200mcg Turbuhaler,Respiratory,2026-08-28,28,26.52
31,Budesonide 200mcg Turbuhaler,Respiratory,2026-08-29,27,26.52
31,Budesonide 200mcg Turbuhaler,Respiratory,2026-08-30,16,26.52
31,Budesonide 200mcg Turbuhaler,Respiratory,2026-08-31,29,26.52
31,Budesonide 200mcg Turbuhaler,Respiratory,2026-09-01,42,26.52
31,Budesonide 200mcg Turbuhaler,Respiratory,2026-09-02,43,26.52
31,Budesonide 200mcg Turbuhaler,Respiratory,2026-09-03,43,26.52
31,Budesonide 200mcg Turbuhaler,Respiratory,2026-09-04,29,26.52
31,Budesonide 200mcg Turbuhaler,Respiratory,2026-09-05,30,26.52
31,Budesonide 200mcg Turbuhaler,Respiratory,2026-09-06,13,26.52
31,Budesonide 200mcg Turbuhaler,Respiratory,2026-09-07,24,26.52
31,Budesonide 200mcg Turbuhaler,Respiratory,2026-09-08,13,26.52
31,Budesonide 200mcg Turbuhaler,Respiratory,2026-09-09,44,26.52
31,Budesonide 200mcg Turbuhaler,Respiratory,2026-09-10,24,26.52
31,Budesonide 200mcg Turbuhaler,Respiratory,2026-09-11,30,26.52
31,Budesonide 200mcg Turbuhaler,Respiratory,2026-09-12,14,26.52
31,Budesonide 200mcg Turbuhaler,Respiratory,2026-09-13,26,26.52
31,Budesonide 200mcg Turbuhaler,Respiratory,2026-09-14,28,26.52
31,Budesonide 200mcg Turbuhaler,Respiratory,2026-09-15,21,26.52
31,Budesonide 200mcg Turbuhaler,Respiratory,2026-09-16,34,26.52
31,Budesonide 200mcg Turbuhaler,Respiratory,2026-09-17,20,26.52
31,Budesonide 200mcg Turbuhaler,Respiratory,2026-09-18,25,26.52
31,Budesonide 200mcg Turbuhaler,Respiratory,2026-09-19,4,26.52
31,Budesonide 200mcg Turbuhaler,Respiratory,2026-09-20,10,26.52
31,Budesonide 200mcg Turbuhaler,Respiratory,2026-09-21,32,26.52
31,Budesonide 200mcg Turbuhaler,Respiratory,2026-09-22,16,26.52
31,Budesonide 200mcg Turbuhaler,Respiratory,2026-09-23,20,26.52
31,Budesonide 200mcg Turbuhaler,Respiratory,2026-09-24,31,26.52
31,Budesonide 200mcg Turbuhaler,Respiratory,2026-09-25,27,26.52
32,Montelukast 10mg,Respiratory,2026-02-18,101,65.29
32,Montelukast 10mg,Respiratory,2026-02-19,99,65.29
32,Montelukast 10mg,Respiratory,2026-02-20,65,65.29
32,Montelukast 10mg,Respiratory,2026-02-21,58,65.29
32,Montelukast 10mg,Respiratory,2026-02-22,60,65.29
32,Montelukast 10mg,Respiratory,2026-02-23,68,65.29
32,Montelukast 10mg,Respiratory,2026-02-24,57,65.29
32,Montelukast 10mg,Respiratory,2026-02-25,76,65.29
32,Montelukast 10mg,Respiratory,2026-02-26,74,65.29
32,Montelukast 10mg,Respiratory,2026-02-27,70,65.29
32,Montelukast 10mg,Respiratory,2026-02-28,56,65.29
32,Montelukast 10mg,Respiratory,2026-03-01,28,65.29
32,Montelukast 10mg,Respiratory,2026-03-02,41,65.29
32,Montelukast 10mg,Respiratory,2026-03-03,57,65.29
32,Montelukast 10mg,Respiratory,2026-03-04,61,65.29
32,Montelukast 10mg,Respiratory,2026-03-05,41,65.29
32,Montelukast 10mg,Respiratory,2026-03-06,68,65.29
32,Montelukast 10mg,Respiratory,2026-03-07,15,65.29
32,Montelukast 10mg,Respiratory,2026-03-08,30,65.29
32,Montelukast 10mg,Respiratory,2026-03-09,53,65.29
32,Montelukast 10mg,Respiratory,2026-03-10,48,65.29
32,Montelukast 10mg,Respiratory,2026-03-11,49,65.29
32,Montelukast 10mg,Respiratory,2026-03-12,80,65.29
32,Montelukast 10mg,Respiratory,2026-03-13,45,65.29
32,Montelukast 10mg,Respiratory,2026-03-14,68,65.29
32,Montelukast 10mg,Respiratory,2026-03-15,43,65.29
32,Montelukast 10mg,Respiratory,2026-03-16,57,65.29
32,Montelukast 10mg,Respiratory,2026-03-17,62,65.29
32,Montelukast 10mg,Respiratory,2026-03-18,88,65.29
32,Montelukast 10mg,Respiratory,2026-03-19,43,65.29
32,Montelukast 10mg,Respiratory,2026-03-20,42,65.29
32,Montelukast 10mg,Respiratory,2026-03-21,28,65.29
32,Montelukast 10mg,Respiratory,2026-03-22,38,65.29
32,Montelukast 10mg,Respiratory,2026-03-23,34,65.29
32,Montelukast 10mg,Respiratory,2026-03-24,56,65.29
32,Montelukast 10mg,Respiratory,2026-03-25,78,65.29
32,Montelukast 10mg,Respiratory,2026-03-26,58,65.29
32,Montelukast 10mg,Respiratory,2026-03-27,52,65.29
32,Montelukast 10mg,Respiratory,2026-03-28,29,65.29
32,Montelukast 10mg,Respiratory,2026-03-29,49,65.29
32,Montelukast 10mg,Respiratory,2026-03-30,46,65.29
32,Montelukast 10mg,Respiratory,2026-03-31,80,65.29
32,Montelukast 10mg,Respiratory,2026-04-01,81,65.29
32,Montelukast 10mg,Respiratory,2026-04-02,59,65.29
32,Montelukast 10mg,Respiratory,2026-04-03,56,65.29
32,Montelukast 10mg,Respiratory,2026-04-04,50,65.29
32,Montelukast 10mg,Respiratory,2026-04-05,51,65.29
32,Montelukast 10mg,Respiratory,2026-04-06,46,65.29
32,Montelukast 10mg,Respiratory,2026-04-07,49,65.29
32,Montelukast 10mg,Respiratory,2026-04-08,39,65.29
32,Montelukast 10mg,Respiratory,2026-04-09,61,65.29
32,Montelukast 10mg,Respiratory,2026-04-10,65,65.29
32,Montelukast 10mg,Respiratory,2026-04-11,20,65.29
32,Montelukast 10mg,Respiratory,2026-04-12,31,65.29
32,Montelukast 10mg,Respiratory,2026-04-13,39,65.29
32,Montelukast 10mg,Respiratory,2026-04-14,45,65.29
32,Montelukast 10mg,Respiratory,2026-04-15,63,65.29
32,Montelukast 10mg,Respiratory,2026-04-16,47,65.29
32,Montelukast 10mg,Respiratory,2026-04-17,52,65.29
32,Montelukast 10mg,Respiratory,2026-04-18,16,65.29
32,Montelukast 10mg,Respiratory,2026-04-19,40,65.29
32,Montelukast 10mg,Respiratory,2026-04-20,56,65.29
32,Montelukast 10mg,Respiratory,2026-04-21,47,65.29
32,Montelukast 10mg,Respiratory,2026-04-22,54,65.29
32,Montelukast 10mg,Respiratory,2026-04-23,58,65.29
32,Montelukast 10mg,Respiratory,2026-04-24,46,65.29
32,Montelukast 10mg,Respiratory,2026-04-25,18,65.29
32,Montelukast 10mg,Respiratory,2026-04-26,60,65.29
32,Montelukast 10mg,Respiratory,2026-04-27,48,65.29
32,Montelukast 10mg,Respiratory,2026-04-28,55,65.29
32,Montelukast 10mg,Respiratory,2026-04-29,69,65.29
32,Montelukast 10mg,Respiratory,2026-04-30,101,65.29
32,Montelukast 10mg,Respiratory,2026-05-01,40,65.29
32,Montelukast 10mg,Respiratory,2026-05-02,43,65.29
32,Montelukast 10mg,Respiratory,2026-05-03,28,65.29
32,Montelukast 10mg,Respiratory,2026-05-04,49,65.29
32,Montelukast 10mg,Respiratory,2026-05-05,47,65.29
32,Montelukast 10mg,Respiratory,2026-05-06,42,65.29
32,Montelukast 10mg,Respiratory,2026-05-07,56,65.29
32,Montelukast 10mg,Respiratory,2026-05-08,37,65.29
32,Montelukast 10mg,Respiratory,2026-05-09,49,65.29
32,Montelukast 10mg,Respiratory,2026-05-10,38,65.29
32,Montelukast 10mg,Respiratory,2026-05-11,61,65.29
32,Montelukast 10mg,Respiratory,2026-05-12,50,65.29
32,Montelukast 10mg,Respiratory,2026-05-13,51,65.29
32,Montelukast 10mg,Respiratory,2026-05-14,60,65.29
32,Montelukast 10mg,Respiratory,2026-05-15,41,65.29
32,Montelukast 10mg,Respiratory,2026-05-16,33,65.29
32,Montelukast 10mg,Respiratory,2026-05-17,26,65.29
32,Montelukast 10mg,Respiratory,2026-05-18,45,65.29
32,Montelukast 10mg,Respiratory,2026-05-19,29,65.29
32,Montelukast 10mg,Respiratory,2026-05-20,73,65.29
32,Montelukast 10mg,Respiratory,2026-05-21,47,65.29
32,Montelukast 10mg,Respiratory,2026-05-22,71,65.29
32,Montelukast 10mg,Respiratory,2026-05-23,51,65.29
32,Montelukast 10mg,Respiratory,2026-05-24,21,65.29
32,Montelukast 10mg,Respiratory,2026-05-25,42,65.29
32,Montelukast 10mg,Respiratory,2026-05-26,89,65.29
32,Montelukast 10mg,Respiratory,2026-05-27,78,65.29
32,Montelukast 10mg,Respiratory,2026-05-28,56,65.29
32,Montelukast 10mg,Respiratory,2026-05-29,59,65.29
32,Montelukast 10mg,Respiratory,2026-05-30,29,65.29
32,Montelukast 10mg,Respiratory,2026-05-31,43,65.29
32,Montelukast 10mg,Respiratory,2026-06-01,47,65.29
32,Montelukast 10mg,Respiratory,2026-06-02,30,65.29
32,Montelukast 10mg,Respiratory,2026-06-03,39,65.29
32,Montelukast 10mg,Respiratory,2026-06-04,56,65.29
32,Montelukast 10mg,Respiratory,2026-06-05,42,65.29
32,Montelukast 10mg,Respiratory,2026-06-06,36,65.29
32,Montelukast 10mg,Respiratory,2026-06-07,24,65.29
32,Montelukast 10mg,Respiratory,2026-06-08,46,65.29
32,Montelukast 10mg,Respiratory,2026-06-09,67,65.29
32,Montelukast 10mg,Respiratory,2026-06-10,59,65.29
32,Montelukast 10mg,Respiratory,2026-06-11,56,65.29
32,Montelukast 10mg,Respiratory,2026-06-12,67,65.29
32,Montelukast 10mg,Respiratory,2026-06-13,43,65.29
32,Montelukast 10mg,Respiratory,2026-06-14,56,65.29
32,Montelukast 10mg,Respiratory,2026-06-15,50,65.29
32,Montelukast 10mg,Respiratory,2026-06-16,51,65.29
32,Montelukast 10mg,Respiratory,2026-06-17,39,65.29
32,Montelukast 10mg,Respiratory,2026-06-18,51,65.29
32,Montelukast 10mg,Respiratory,2026-06-19,68,65.29
32,Montelukast 10mg,Respiratory,2026-06-20,54,65.29
32,Montelukast 10mg,Respiratory,2026-06-21,49,65.29
32,Montelukast 10mg,Respiratory,2026-06-22,33,65.29
32,Montelukast 10mg,Respiratory,2026-06-23,70,65.29
32,Montelukast 10mg,Respiratory,2026-06-24,33,65.29
32,Montelukast 10mg,Respiratory,2026-06-25,68,65.29
32,Montelukast 10mg,Respiratory,2026-06-26,51,65.29
32,Montelukast 10mg,Respiratory,2026-06-27,46,65.29
32,Montelukast 10mg,Respiratory,2026-06-28,20,65.29
32,Montelukast 10mg,Respiratory,2026-06-29,71,65.29
32,Montelukast 10mg,Respiratory,2026-06-30,37,65.29
32,Montelukast 10mg,Respiratory,2026-07-01,48,65.29
32,Montelukast 10mg,Respiratory,2026-07-02,43,65.29
32,Montelukast 10mg,Respiratory,2026-07-03,34,65.29
32,Montelukast 10mg,Respiratory,2026-07-04,38,65.29
32,Montelukast 10mg,Respiratory,2026-07-05,60,65.29
32,Montelukast 10mg,Respiratory,2026-07-06,90,65.29
32,Montelukast 10mg,Respiratory,2026-07-07,57,65.29
32,Montelukast 10mg,Respiratory,2026-07-08,70,65.29
32,Montelukast 10mg,Respiratory,2026-07-09,59,65.29
32,Montelukast 10mg,Respiratory,2026-07-10,62,65.29
32,Montelukast 10mg,Respiratory,2026-07-11,33,65.29
32,Montelukast 10mg,Respiratory,2026-07-12,40,65.29
32,Montelukast 10mg,Respiratory,2026-07-13,63,65.29
32,Montelukast 10mg,Respiratory,2026-07-14,49,65.29
32,Montelukast 10mg,Respiratory,2026-07-15,55,65.29
32,Montelukast 10mg,Respiratory,2026-07-16,55,65.29
32,Montelukast 10mg,Respiratory,2026-07-17,67,65.29
32,Montelukast 10mg,Respiratory,2026-07-18,24,65.29
32,Montelukast 10mg,Respiratory,2026-07-19,37,65.29
32,Montelukast 10mg,Respiratory,2026-07-20,81,65.29
32,Montelukast 10mg,Respiratory,2026-07-21,71,65.29
32,Montelukast 10mg,Respiratory,2026-07-22,73,65.29
32,Montelukast 10mg,Respiratory,2026-07-23,56,65.29
32,Montelukast 10mg,Respiratory,2026-07-24,60,65.29
32,Montelukast 10mg,Respiratory,2026-07-25,50,65.29
32,Montelukast 10mg,Respiratory,2026-07-26,57,65.29
32,Montelukast 10mg,Respiratory,2026-07-27,31,65.29
32,Montelukast 10mg,Respiratory,2026-07-28,39,65.29
32,Montelukast 10mg,Respiratory,2026-07-29,73,65.29
32,Montelukast 10mg,Respiratory,2026-07-30,53,65.29
32,Montelukast 10mg,Respiratory,2026-07-31,48,65.29
32,Montelukast 10mg,Respiratory,2026-08-01,21,65.29
32,Montelukast 10mg,Respiratory,2026-08-02,30,65.29
32,Montelukast 10mg,Respiratory,2026-08-03,38,65.29
32,Montelukast 10mg,Respiratory,2026-08-04,83,65.29
32,Montelukast 10mg,Respiratory,2026-08-05,56,65.29
32,Montelukast 10mg,Respiratory,2026-08-06,55,65.29
32,Montelukast 10mg,Respiratory,2026-08-07,64,65.29
32,Montelukast 10mg,Respiratory,2026-08-08,50,65.29
32,Montelukast 10mg,Respiratory,2026-08-09,49,65.29
32,Montelukast 10mg,Respiratory,2026-08-10,70,65.29
32,Montelukast 10mg,Respiratory,2026-08-11,48,65.29
32,Montelukast 10mg,Respiratory,2026-08-12,52,65.29
32,Montelukast 10mg,Respiratory,2026-08-13,66,65.29
32,Montelukast 10mg,Respiratory,2026-08-14,49,65.29
32,Montelukast 10mg,Respiratory,2026-08-15,37,65.29
32,Montelukast 10mg,Respiratory,2026-08-16,42,65.29
32,Montelukast 10mg,Respiratory,2026-08-17,66,65.29
32,Montelukast 10mg,Respiratory,2026-08-18,33,65.29
32,Montelukast 10mg,Respiratory,2026-08-19,65,65.29
32,Montelukast 10mg,Respiratory,2026-08-20,53,65.29
32,Montelukast 10mg,Respiratory,2026-08-21,65,65.29
32,Montelukast 10mg,Respiratory,2026-08-22,47,65.29
32,Montelukast 10mg,Respiratory,2026-08-23,58,65.29
32,Montelukast 10mg,Respiratory,2026-08-24,73,65.29
32,Montelukast 10mg,Respiratory,2026-08-25,73,65.29
32,Montelukast 10mg,Respiratory,2026-08-26,75,65.29
32,Montelukast 10mg,Respiratory,2026-08-27,60,65.29
32,Montelukast 10mg,Respiratory,2026-08-28,57,65.29
32,Montelukast 10mg,Respiratory,2026-08-29,48,65.29
32,Montelukast 10mg,Respiratory,2026-08-30,47,65.29
32,Montelukast 10mg,Respiratory,2026-08-31,52,65.29
32,Montelukast 10mg,Respiratory,2026-09-01,61,65.29
32,Montelukast 10mg,Respiratory,2026-09-02,56,65.29
32,Montelukast 10mg,Respiratory,2026-09-03,45,65.29
32,Montelukast 10mg,Respiratory,2026-09-04,73,65.29
32,Montelukast 10mg,Respiratory,2026-09-05,38,65.29
32,Montelukast 10mg,Respiratory,2026-09-06,63,65.29
32,Montelukast 10mg,Respiratory,2026-09-07,35,65.29
32,Montelukast 10mg,Respiratory,2026-09-08,49,65.29
32,Montelukast 10mg,Respiratory,2026-09-09,57,65.29
32,Montelukast 10mg,Respiratory,2026-09-10,71,65.29
32,Montelukast 10mg,Respiratory,2026-09-11,61,65.29
32,Montelukast 10mg,Respiratory,2026-09-12,41,65.29
32,Montelukast 10mg,Respiratory,2026-09-13,23,65.29
32,Montelukast 10mg,Respiratory,2026-09-14,41,65.29
32,Montelukast 10mg,Respiratory,2026-09-15,60,65.29
32,Montelukast 10mg,Respiratory,2026-09-16,39,65.29
32,Montelukast 10mg,Respiratory,2026-09-17,49,65.29
32,Montelukast 10mg,Respiratory,2026-09-18,62,65.29
32,Montelukast 10mg,Respiratory,2026-09-19,25,65.29
32,Montelukast 10mg,Respiratory,2026-09-20,58,65.29
32,Montelukast 10mg,Respiratory,2026-09-21,72,65.29
32,Montelukast 10mg,Respiratory,2026-09-22,36,65.29
32,Montelukast 10mg,Respiratory,2026-09-23,44,65.29
32,Montelukast 10mg,Respiratory,2026-09-24,27,65.29
32,Montelukast 10mg,Respiratory,2026-09-25,46,65.29
33,Cetirizine 10mg,Respiratory,2026-02-18,61,67.36
33,Cetirizine 10mg,Respiratory,2026-02-19,48,67.36
33,Cetirizine 10mg,Respiratory,2026-02-20,58,67.36
33,Cetirizine 10mg,Respiratory,2026-02-21,19,67.36
33,Cetirizine 10mg,Respiratory,2026-02-22,43,67.36
33,Cetirizine 10mg,Respiratory,2026-02-23,47,67.36
33,Cetirizine 10mg,Respiratory,2026-02-24,53,67.36
33,Cetirizine 10mg,Respiratory,2026-02-25,52,67.36
33,Cetirizine 10mg,Respiratory,2026-02-26,40,67.36
33,Cetirizine 10mg,Respiratory,2026-02-27,41,67.36
33,Cetirizine 10mg,Respiratory,2026-02-28,45,67.36
33,Cetirizine 10mg,Respiratory,2026-03-01,30,67.36
33,Cetirizine 10mg,Respiratory,2026-03-02,50,67.36
33,Cetirizine 10mg,Respiratory,2026-03-03,42,67.36
33,Cetirizine 10mg,Respiratory,2026-03-04,40,67.36
33,Cetirizine 10mg,Respiratory,2026-03-05,21,67.36
33,Cetirizine 10mg,Respiratory,2026-03-06,36,67.36
33,Cetirizine 10mg,Respiratory,2026-03-07,26,67.36
33,Cetirizine 10mg,Respiratory,2026-03-08,46,67.36
33,Cetirizine 10mg,Respiratory,2026-03-09,46,67.36
33,Cetirizine 10mg,Respiratory,2026-03-10,55,67.36
33,Cetirizine 10mg,Respiratory,2026-03-11,45,67.36
33,Cetirizine 10mg,Respiratory,2026-03-12,32,67.36
33,Cetirizine 10mg,Respiratory,2026-03-13,40,67.36
33,Cetirizine 10mg,Respiratory,2026-03-14,28,67.36
33,Cetirizine 10mg,Respiratory,2026-03-15,16,67.36
33,Cetirizine 10mg,Respiratory,2026-03-16,35,67.36
33,Cetirizine 10mg,Respiratory,2026-03-17,37,67.36
33,Cetirizine 10mg,Respiratory,2026-03-18,56,67.36
33,Cetirizine 10mg,Respiratory,2026-03-19,17,67.36
33,Cetirizine 10mg,Respiratory,2026-03-20,52,67.36
33,Cetirizine 10mg,Respiratory,2026-03-21,16,67.36
33,Cetirizine 10mg,Respiratory,2026-03-22,11,67.36
33,Cetirizine 10mg,Respiratory,2026-03-23,51,67.36
33,Cetirizine 10mg,Respiratory,2026-03-24,47,67.36
33,Cetirizine 10mg,Respiratory,2026-03-25,52,67.36
33,Cetirizine 10mg,Respiratory,2026-03-26,47,67.36
33,Cetirizine 10mg,Respiratory,2026-03-27,61,67.36
33,Cetirizine 10mg,Respiratory,2026-03-28,32,67.36
33,Cetirizine 10mg,Respiratory,2026-03-29,24,67.36
33,Cetirizine 10mg,Respiratory,2026-03-30,43,67.36
33,Cetirizine 10mg,Respiratory,2026-03-31,52,67.36
33,Cetirizine 10mg,Respiratory,2026-04-01,31,67.36
33,Cetirizine 10mg,Respiratory,2026-04-02,32,67.36
33,Cetirizine 10mg,Respiratory,2026-04-03,36,67.36
33,Cetirizine 10mg,Respiratory,2026-04-04,4,67.36
33,Cetirizine 10mg,Respiratory,2026-04-05,27,67.36
33,Cetirizine 10mg,Respiratory,2026-04-06,19,67.36
33,Cetirizine 10mg,Respiratory,2026-04-07,40,67.36
33,Cetirizine 10mg,Respiratory,2026-04-08,48,67.36
33,Cetirizine 10mg,Respiratory,2026-04-09,34,67.36
33,Cetirizine 10mg,Respiratory,2026-04-10,57,67.36
33,Cetirizine 10mg,Respiratory,2026-04-11,11,67.36
33,Cetirizine 10mg,Respiratory,2026-04-12,38,67.36
33,Cetirizine 10mg,Respiratory,2026-04-13,46,67.36
33,Cetirizine 10mg,Respiratory,2026-04-14,21,67.36
33,Cetirizine 10mg,Respiratory,2026-04-15,67,67.36
33,Cetirizine 10mg,Respiratory,2026-04-16,38,67.36
33,Cetirizine 10mg,Respiratory,2026-04-17,30,67.36
33,Cetirizine 10mg,Respiratory,2026-04-18,11,67.36
33,Cetirizine 10mg,Respiratory,2026-04-19,24,67.36
33,Cetirizine 10mg,Respiratory,2026-04-20,38,67.36
33,Cetirizine 10mg,Respiratory,2026-04-21,40,67.36
33,Cetirizine 10mg,Respiratory,2026-04-22,36,67.36
33,Cetirizine 10mg,Respiratory,2026-04-23,46,67.36
33,Cetirizine 10mg,Respiratory,2026-04-24,35,67.36
33,Cetirizine 10mg,Respiratory,2026-04-25,6,67.36
33,Cetirizine 10mg,Respiratory,2026-04-26,24,67.36
33,Cetirizine 10mg,Respiratory,2026-04-27,14,67.36
33,Cetirizine 10mg,Respiratory,2026-04-28,43,67.36
33,Cetirizine 10mg,Respiratory,2026-04-29,29,67.36
33,Cetirizine 10mg,Respiratory,2026-04-30,41,67.36
33,Cetirizine 10mg,Respiratory,2026-05-01,53,67.36
33,Cetirizine 10mg,Respiratory,2026-05-02,16,67.36
33,Cetirizine 10mg,Respiratory,2026-05-03,37,67.36
33,Cetirizine 10mg,Respiratory,2026-05-04,34,67.36
33,Cetirizine 10mg,Respiratory,2026-05-05,57,67.36
33,Cetirizine 10mg,Respiratory,2026-05-06,35,67.36
33,Cetirizine 10mg,Respiratory,2026-05-07,30,67.36
33,Cetirizine 10mg,Respiratory,2026-05-08,46,67.36
33,Cetirizine 10mg,Respiratory,2026-05-09,21,67.36
33,Cetirizine 10mg,Respiratory,2026-05-10,17,67.36
33,Cetirizine 10mg,Respiratory,2026-05-11,34,67.36
33,Cetirizine 10mg,Respiratory,2026-05-12,39,67.36
33,Cetirizine 10mg,Respiratory,2026-05-13,53,67.36
33,Cetirizine 10mg,Respiratory,2026-05-14,19,67.36
33,Cetirizine 10mg,Respiratory,2026-05-15,39,67.36
33,Cetirizine 10mg,Respiratory,2026-05-16,32,67.36
33,Cetirizine 10mg,Respiratory,2026-05-17,28,67.36
33,Cetirizine 10mg,Respiratory,2026-05-18,53,67.36
33,Cetirizine 10mg,Respiratory,2026-05-19,38,67.36
33,Cetirizine 10mg,Respiratory,2026-05-20,37,67.36
33,Cetirizine 10mg,Respiratory,2026-05-21,45,67.36
33,Cetirizine 10mg,Respiratory,2026-05-22,40,67.36
33,Cetirizine 10mg,Respiratory,2026-05-23,22,67.36
33,Cetirizine 10mg,Respiratory,2026-05-24,31,67.36
33,Cetirizine 10mg,Respiratory,2026-05-25,32,67.36
33,Cetirizine 10mg,Respiratory,2026-05-26,33,67.36
33,Cetirizine 10mg,Respiratory,2026-05-27,33,67.36
33,Cetirizine 10mg,Respiratory,2026-05-28,53,67.36
33,Cetirizine 10mg,Respiratory,2026-05-29,5,67.36
33,Cetirizine 10mg,Respiratory,2026-05-30,30,67.36
33,Cetirizine 10mg,Respiratory,2026-05-31,26,67.36
33,Cetirizine 10mg,Respiratory,2026-06-01,21,67.36
33,Cetirizine 10mg,Respiratory,2026-06-02,42,67.36
33,Cetirizine 10mg,Respiratory,2026-06-03,44,67.36
33,Cetirizine 10mg,Respiratory,2026-06-04,45,67.36
33,Cetirizine 10mg,Respiratory,2026-06-05,11,67.36
33,Cetirizine 10mg,Respiratory,2026-06-06,40,67.36
33,Cetirizine 10mg,Respiratory,2026-06-07,18,67.36
33,Cetirizine 10mg,Respiratory,2026-06-08,46,67.36
33,Cetirizine 10mg,Respiratory,2026-06-09,47,67.36
33,Cetirizine 10mg,Respiratory,2026-06-10,30,67.36
33,Cetirizine 10mg,Respiratory,2026-06-11,46,67.36
33,Cetirizine 10mg,Respiratory,2026-06-12,35,67.36
33,Cetirizine 10mg,Respiratory,2026-06-13,4,67.36
33,Cetirizine 10mg,Respiratory,2026-06-14,38,67.36
33,Cetirizine 10mg,Respiratory,2026-06-15,31,67.36
33,Cetirizine 10mg,Respiratory,2026-06-16,30,67.36
33,Cetirizine 10mg,Respiratory,2026-06-17,35,67.36
33,Cetirizine 10mg,Respiratory,2026-06-18,42,67.36
33,Cetirizine 10mg,Respiratory,2026-06-19,38,67.36
33,Cetirizine 10mg,Respiratory,2026-06-20,32,67.36
33,Cetirizine 10mg,Respiratory,2026-06-21,12,67.36
33,Cetirizine 10mg,Respiratory,2026-06-22,31,67.36
33,Cetirizine 10mg,Respiratory,2026-06-23,38,67.36
33,Cetirizine 10mg,Respiratory,2026-06-24,59,67.36
33,Cetirizine 10mg,Respiratory,2026-06-25,38,67.36
33,Cetirizine 10mg,Respiratory,2026-06-26,50,67.36
33,Cetirizine 10mg,Respiratory,2026-06-27,26,67.36
33,Cetirizine 10mg,Respiratory,2026-06-28,21,67.36
33,Cetirizine 10mg,Respiratory,2026-06-29,36,67.36
33,Cetirizine 10mg,Respiratory,2026-06-30,37,67.36
33,Cetirizine 10mg,Respiratory,2026-07-01,45,67.36
33,Cetirizine 10mg,Respiratory,2026-07-02,53,67.36
33,Cetirizine 10mg,Respiratory,2026-07-03,43,67.36
33,Cetirizine 10mg,Respiratory,2026-07-04,38,67.36
33,Cetirizine 10mg,Respiratory,2026-07-05,16,67.36
33,Cetirizine 10mg,Respiratory,2026-07-06,35,67.36
33,Cetirizine 10mg,Respiratory,2026-07-07,31,67.36
33,Cetirizine 10mg,Respiratory,2026-07-08,42,67.36
33,Cetirizine 10mg,Respiratory,2026-07-09,35,67.36
33,Cetirizine 10mg,Respiratory,2026-07-10,47,67.36
33,Cetirizine 10mg,Respiratory,2026-07-11,16,67.36
33,Cetirizine 10mg,Respiratory,2026-07-12,26,67.36
33,Cetirizine 10mg,Respiratory,2026-07-13,46,67.36
33,Cetirizine 10mg,Respiratory,2026-07-14,17,67.36
33,Cetirizine 10mg,Respiratory,2026-07-15,61,67.36
33,Cetirizine 10mg,Respiratory,2026-07-16,36,67.36
33,Cetirizine 10mg,Respiratory,2026-07-17,18,67.36
33,Cetirizine 10mg,Respiratory,2026-07-18,27,67.36
33,Cetirizine 10mg,Respiratory,2026-07-19,26,67.36
33,Cetirizine 10mg,Respiratory,2026-07-20,38,67.36
33,Cetirizine 10mg,Respiratory,2026-07-21,49,67.36
33,Cetirizine 10mg,Respiratory,2026-07-22,47,67.36
33,Cetirizine 10mg,Respiratory,2026-07-23,42,67.36
33,Cetirizine 10mg,Respiratory,2026-07-24,44,67.36
33,Cetirizine 10mg,Respiratory,2026-07-25,25,67.36
33,Cetirizine 10mg,Respiratory,2026-07-26,44,67.36
33,Cetirizine 10mg,Respiratory,2026-07-27,24,67.36
33,Cetirizine 10mg,Respiratory,2026-07-28,40,67.36
33,Cetirizine 10mg,Respiratory,2026-07-29,40,67.36
33,Cetirizine 10mg,Respiratory,2026-07-30,47,67.36
33,Cetirizine 10mg,Respiratory,2026-07-31,30,67.36
33,Cetirizine 10mg,Respiratory,2026-08-01,8,67.36
33,Cetirizine 10mg,Respiratory,2026-08-02,27,67.36
33,Cetirizine 10mg,Respiratory,2026-08-03,42,67.36
33,Cetirizine 10mg,Respiratory,2026-08-04,55,67.36
33,Cetirizine 10mg,Respiratory,2026-08-05,26,67.36
33,Cetirizine 10mg,Respiratory,2026-08-06,51,67.36
33,Cetirizine 10mg,Respiratory,2026-08-07,64,67.36
33,Cetirizine 10mg,Respiratory,2026-08-08,22,67.36
33,Cetirizine 10mg,Respiratory,2026-08-09,12,67.36
33,Cetirizine 10mg,Respiratory,2026-08-10,35,67.36
33,Cetirizine 10mg,Respiratory,2026-08-11,39,67.36
33,Cetirizine 10mg,Respiratory,2026-08-12,45,67.36
33,Cetirizine 10mg,Respiratory,2026-08-13,33,67.36
33,Cetirizine 10mg,Respiratory,2026-08-14,55,67.36
33,Cetirizine 10mg,Respiratory,2026-08-15,14,67.36
33,Cetirizine 10mg,Respiratory,2026-08-16,8,67.36
33,Cetirizine 10mg,Respiratory,2026-08-17,51,67.36
33,Cetirizine 10mg,Respiratory,2026-08-18,15,67.36
33,Cetirizine 10mg,Respiratory,2026-08-19,37,67.36
33,Cetirizine 10mg,Respiratory,2026-08-20,72,67.36
33,Cetirizine 10mg,Respiratory,2026-08-21,39,67.36
33,Cetirizine 10mg,Respiratory,2026-08-22,14,67.36
33,Cetirizine 10mg,Respiratory,2026-08-23,25,67.36
33,Cetirizine 10mg,Respiratory,2026-08-24,38,67.36
33,Cetirizine 10mg,Respiratory,2026-08-25,41,67.36
33,Cetirizine 10mg,Respiratory,2026-08-26,46,67.36
33,Cetirizine 10mg,Respiratory,2026-08-27,28,67.36
33,Cetirizine 10mg,Respiratory,2026-08-28,57,67.36
33,Cetirizine 10mg,Respiratory,2026-08-29,28,67.36
33,Cetirizine 10mg,Respiratory,2026-08-30,33,67.36
33,Cetirizine 10mg,Respiratory,2026-08-31,32,67.36
33,Cetirizine 10mg,Respiratory,2026-09-01,52,67.36
33,Cetirizine 10mg,Respiratory,2026-09-02,36,67.36
33,Cetirizine 10mg,Respiratory,2026-09-03,42,67.36
33,Cetirizine 10mg,Respiratory,2026-09-04,29,67.36
33,Cetirizine 10mg,Respiratory,2026-09-05,15,67.36
33,Cetirizine 10mg,Respiratory,2026-09-06,33,67.36
33,Cetirizine 10mg,Respiratory,2026-09-07,34,67.36
33,Cetirizine 10mg,Respiratory,2026-09-08,30,67.36
33,Cetirizine 10mg,Respiratory,2026-09-09,32,67.36
33,Cetirizine 10mg,Respiratory,2026-09-10,46,67.36
33,Cetirizine 10mg,Respiratory,2026-09-11,32,67.36
33,Cetirizine 10mg,Respiratory,2026-09-12,25,67.36
33,Cetirizine 10mg,Respiratory,2026-09-13,26,67.36
33,Cetirizine 10mg,Respiratory,2026-09-14,19,67.36
33,Cetirizine 10mg,Respiratory,2026-09-15,24,67.36
33,Cetirizine 10mg,Respiratory,2026-09-16,42,67.36
33,Cetirizine 10mg,Respiratory,2026-09-17,31,67.36
33,Cetirizine 10mg,Respiratory,2026-09-18,50,67.36
33,Cetirizine 10mg,Respiratory,2026-09-19,36,67.36
33,Cetirizine 10mg,Respiratory,2026-09-20,33,67.36
33,Cetirizine 10mg,Respiratory,2026-09-21,58,67.36
33,Cetirizine 10mg,Respiratory,2026-09-22,38,67.36
33,Cetirizine 10mg,Respiratory,2026-09-23,46,67.36
33,Cetirizine 10mg,Respiratory,2026-09-24,33,67.36
33,Cetirizine 10mg,Respiratory,2026-09-25,65,67.36
34,Ipratropium Bromide Respules,Respiratory,2026-02-18,77,82.25
34,Ipratropium Bromide Respules,Respiratory,2026-02-19,61,82.25
34,Ipratropium Bromide Respules,Respiratory,2026-02-20,64,82.25
34,Ipratropium Bromide Respules,Respiratory,2026-02-21,52,82.25
34,Ipratropium Bromide Respules,Respiratory,2026-02-22,40,82.25
34,Ipratropium Bromide Respules,Respiratory,2026-02-23,56,82.25
34,Ipratropium Bromide Respules,Respiratory,2026-02-24,68,82.25
34,Ipratropium Bromide Respules,Respiratory,2026-02-25,62,82.25
34,Ipratropium Bromide Respules,Respiratory,2026-02-26,63,82.25
34,Ipratropium Bromide Respules,Respiratory,2026-02-27,55,82.25
34,Ipratropium Bromide Respules,Respiratory,2026-02-28,27,82.25
34,Ipratropium Bromide Respules,Respiratory,2026-03-01,32,82.25
34,Ipratropium Bromide Respules,Respiratory,2026-03-02,53,82.25
34,Ipratropium Bromide Respules,Respiratory,2026-03-03,43,82.25
34,Ipratropium Bromide Respules,Respiratory,2026-03-04,57,82.25
34,Ipratropium Bromide Respules,Respiratory,2026-03-05,40,82.25
34,Ipratropium Bromide Respules,Respiratory,2026-03-06,37,82.25
34,Ipratropium Bromide Respules,Respiratory,2026-03-07,29,82.25
34,Ipratropium Bromide Respules,Respiratory,2026-03-08,29,82.25
34,Ipratropium Bromide Respules,Respiratory,2026-03-09,52,82.25
34,Ipratropium Bromide Respules,Respiratory,2026-03-10,39,82.25
34,Ipratropium Bromide Respules,Respiratory,2026-03-11,56,82.25
34,Ipratropium Bromide Respules,Respiratory,2026-03-12,61,82.25
34,Ipratropium Bromide Respules,Respiratory,2026-03-13,45,82.25
34,Ipratropium Bromide Respules,Respiratory,2026-03-14,40,82.25
34,Ipratropium Bromide Respules,Respiratory,2026-03-15,22,82.25
34,Ipratropium Bromide Respules,Respiratory,2026-03-16,54,82.25
34,Ipratropium Bromide Respules,Respiratory,2026-03-17,54,82.25
34,Ipratropium Bromide Respules,Respiratory,2026-03-18,52,82.25
34,Ipratropium Bromide Respules,Respiratory,2026-03-19,45,82.25
34,Ipratropium Bromide Respules,Respiratory,2026-03-20,21,82.25
34,Ipratropium Bromide Respules,Respiratory,2026-03-21,25,82.25
34,Ipratropium Bromide Respules,Respiratory,2026-03-22,25,82.25
34,Ipratropium Bromide Respules,Respiratory,2026-03-23,37,82.25
34,Ipratropium Bromide Respules,Respiratory,2026-03-24,46,82.25
34,Ipratropium Bromide Respules,Respiratory,2026-03-25,42,82.25
34,Ipratropium Bromide Respules,Respiratory,2026-03-26,39,82.25
34,Ipratropium Bromide Respules,Respiratory,2026-03-27,37,82.25
34,Ipratropium Bromide Respules,Respiratory,2026-03-28,24,82.25
34,Ipratropium Bromide Respules,Respiratory,2026-03-29,39,82.25
34,Ipratropium Bromide Respules,Respiratory,2026-03-30,40,82.25
34,Ipratropium Bromide Respules,Respiratory,2026-03-31,41,82.25
34,Ipratropium Bromide Respules,Respiratory,2026-04-01,42,82.25
34,Ipratropium Bromide Respules,Respiratory,2026-04-02,48,82.25
34,Ipratropium Bromide Respules,Respiratory,2026-04-03,49,82.25
34,Ipratropium Bromide Respules,Respiratory,2026-04-04,5,82.25
34,Ipratropium Bromide Respules,Respiratory,2026-04-05,38,82.25
34,Ipratropium Bromide Respules,Respiratory,2026-04-06,57,82.25
34,Ipratropium Bromide Respules,Respiratory,2026-04-07,37,82.25
34,Ipratropium Bromide Respules,Respiratory,2026-04-08,37,82.25
34,Ipratropium Bromide Respules,Respiratory,2026-04-09,42,82.25
34,Ipratropium Bromide Respules,Respiratory,2026-04-10,39,82.25
34,Ipratropium Bromide Respules,Respiratory,2026-04-11,32,82.25
34,Ipratropium Bromide Respules,Respiratory,2026-04-12,14,82.25
34,Ipratropium Bromide Respules,Respiratory,2026-04-13,36,82.25
34,Ipratropium Bromide Respules,Respiratory,2026-04-14,58,82.25
34,Ipratropium Bromide Respules,Respiratory,2026-04-15,38,82.25
34,Ipratropium Bromide Respules,Respiratory,2026-04-16,55,82.25
34,Ipratropium Bromide Respules,Respiratory,2026-04-17,48,82.25
34,Ipratropium Bromide Respules,Respiratory,2026-04-18,15,82.25
34,Ipratropium Bromide Respules,Respiratory,2026-04-19,35,82.25
34,Ipratropium Bromide Respules,Respiratory,2026-04-20,44,82.25
34,Ipratropium Bromide Respules,Respiratory,2026-04-21,42,82.25
34,Ipratropium Bromide Respules,Respiratory,2026-04-22,47,82.25
34,Ipratropium Bromide Respules,Respiratory,2026-04-23,49,82.25
34,Ipratropium Bromide Respules,Respiratory,2026-04-24,51,82.25
34,Ipratropium Bromide Respules,Respiratory,2026-04-25,40,82.25
34,Ipratropium Bromide Respules,Respiratory,2026-04-26,33,82.25
34,Ipratropium Bromide Respules,Respiratory,2026-04-27,34,82.25
34,Ipratropium Bromide Respules,Respiratory,2026-04-28,41,82.25
34,Ipratropium Bromide Respules,Respiratory,2026-04-29,69,82.25
34,Ipratropium Bromide Respules,Respiratory,2026-04-30,51,82.25
34,Ipratropium Bromide Respules,Respiratory,2026-05-01,64,82.25
34,Ipratropium Bromide Respules,Respiratory,2026-05-02,41,82.25
34,Ipratropium Bromide Respules,Respiratory,2026-05-03,32,82.25
34,Ipratropium Bromide Respules,Respiratory,2026-05-04,48,82.25
34,Ipratropium Bromide Respules,Respiratory,2026-05-05,45,82.25
34,Ipratropium Bromide Respules,Respiratory,2026-05-06,31,82.25
34,Ipratropium Bromide Respules,Respiratory,2026-05-07,45,82.25
34,Ipratropium Bromide Respules,Respiratory,2026-05-08,55,82.25
34,Ipratropium Bromide Respules,Respiratory,2026-05-09,25,82.25
34,Ipratropium Bromide Respules,Respiratory,2026-05-10,33,82.25
34,Ipratropium Bromide Respules,Respiratory,2026-05-11,52,82.25
34,Ipratropium Bromide Respules,Respiratory,2026-05-12,38,82.25
34,Ipratropium Bromide Respules,Respiratory,2026-05-13,42,82.25
34,Ipratropium Bromide Respules,Respiratory,2026-05-14,37,82.25
34,Ipratropium Bromide Respules,Respiratory,2026-05-15,39,82.25
34,Ipratropium Bromide Respules,Respiratory,2026-05-16,20,82.25
34,Ipratropium Bromide Respules,Respiratory,2026-05-17,23,82.25
34,Ipratropium Bromide Respules,Respiratory,2026-05-18,57,82.25
34,Ipratropium Bromide Respules,Respiratory,2026-05-19,38,82.25
34,Ipratropium Bromide Respules,Respiratory,2026-05-20,46,82.25
34,Ipratropium Bromide Respules,Respiratory,2026-05-21,41,82.25
34,Ipratropium Bromide Respules,Respiratory,2026-05-22,55,82.25
34,Ipratropium Bromide Respules,Respiratory,2026-05-23,41,82.25
34,Ipratropium Bromide Respules,Respiratory,2026-05-24,37,82.25
34,Ipratropium Bromide Respules,Respiratory,2026-05-25,48,82.25
34,Ipratropium Bromide Respules,Respiratory,2026-05-26,43,82.25
34,Ipratropium Bromide Respules,Respiratory,2026-05-27,36,82.25
34,Ipratropium Bromide Respules,Respiratory,2026-05-28,61,82.25
34,Ipratropium Bromide Respules,Respiratory,2026-05-29,39,82.25
34,Ipratropium Bromide Respules,Respiratory,2026-05-30,35,82.25
34,Ipratropium Bromide Respules,Respiratory,2026-05-31,39,82.25
34,Ipratropium Bromide Respules,Respiratory,2026-06-01,41,82.25
34,Ipratropium Bromide Respules,Respiratory,2026-06-02,54,82.25
34,Ipratropium Bromide Respules,Respiratory,2026-06-03,51,82.25
34,Ipratropium Bromide Respules,Respiratory,2026-06-04,59,82.25
34,Ipratropium Bromide Respules,Respiratory,2026-06-05,42,82.25
34,Ipratropium Bromide Respules,Respiratory,2026-06-06,20,82.25
34,Ipratropium Bromide Respules,Respiratory,2026-06-07,26,82.25
34,Ipratropium Bromide Respules,Respiratory,2026-06-08,47,82.25
34,Ipratropium Bromide Respules,Respiratory,2026-06-09,46,82.25
34,Ipratropium Bromide Respules,Respiratory,2026-06-10,42,82.25
34,Ipratropium Bromide Respules,Respiratory,2026-06-11,30,82.25
34,Ipratropium Bromide Respules,Respiratory,2026-06-12,49,82.25
34,Ipratropium Bromide Respules,Respiratory,2026-06-13,46,82.25
34,Ipratropium Bromide Respules,Respiratory,2026-06-14,34,82.25
34,Ipratropium Bromide Respules,Respiratory,2026-06-15,50,82.25
34,Ipratropium Bromide Respules,Respiratory,2026-06-16,50,82.25
34,Ipratropium Bromide Respules,Respiratory,2026-06-17,49,82.25
34,Ipratropium Bromide Respules,Respiratory,2026-06-18,53,82.25
34,Ipratropium Bromide Respules,Respiratory,2026-06-19,49,82.25
34,Ipratropium Bromide Respules,Respiratory,2026-06-20,28,82.25
34,Ipratropium Bromide Respules,Respiratory,2026-06-21,24,82.25
34,Ipratropium Bromide Respules,Respiratory,2026-06-22,43,82.25
34,Ipratropium Bromide Respules,Respiratory,2026-06-23,48,82.25
34,Ipratropium Bromide Respules,Respiratory,2026-06-24,43,82.25
34,Ipratropium Bromide Respules,Respiratory,2026-06-25,48,82.25
34,Ipratropium Bromide Respules,Respiratory,2026-06-26,49,82.25
34,Ipratropium Bromide Respules,Respiratory,2026-06-27,37,82.25
34,Ipratropium Bromide Respules,Respiratory,2026-06-28,40,82.25
34,Ipratropium Bromide Respules,Respiratory,2026-06-29,46,82.25
34,Ipratropium Bromide Respules,Respiratory,2026-06-30,35,82.25
34,Ipratropium Bromide Respules,Respiratory,2026-07-01,43,82.25
34,Ipratropium Bromide Respules,Respiratory,2026-07-02,46,82.25
34,Ipratropium Bromide Respules,Respiratory,2026-07-03,30,82.25
34,Ipratropium Bromide Respules,Respiratory,2026-07-04,41,82.25
34,Ipratropium Bromide Respules,Respiratory,2026-07-05,31,82.25
34,Ipratropium Bromide Respules,Respiratory,2026-07-06,48,82.25
34,Ipratropium Bromide Respules,Respiratory,2026-07-07,56,82.25
34,Ipratropium Bromide Respules,Respiratory,2026-07-08,40,82.25
34,Ipratropium Bromide Respules,Respiratory,2026-07-09,50,82.25
34,Ipratropium Bromide Respules,Respiratory,2026-07-10,44,82.25
34,Ipratropium Bromide Respules,Respiratory,2026-07-11,29,82.25
34,Ipratropium Bromide Respules,Respiratory,2026-07-12,24,82.25
34,Ipratropium Bromide Respules,Respiratory,2026-07-13,59,82.25
34,Ipratropium Bromide Respules,Respiratory,2026-07-14,42,82.25
34,Ipratropium Bromide Respules,Respiratory,2026-07-15,51,82.25
34,Ipratropium Bromide Respules,Respiratory,2026-07-16,30,82.25
34,Ipratropium Bromide Respules,Respiratory,2026-07-17,55,82.25
34,Ipratropium Bromide Respules,Respiratory,2026-07-18,39,82.25
34,Ipratropium Bromide Respules,Respiratory,2026-07-19,31,82.25
34,Ipratropium Bromide Respules,Respiratory,2026-07-20,43,82.25
34,Ipratropium Bromide Respules,Respiratory,2026-07-21,49,82.25
34,Ipratropium Bromide Respules,Respiratory,2026-07-22,64,82.25
34,Ipratropium Bromide Respules,Respiratory,2026-07-23,31,82.25
34,Ipratropium Bromide Respules,Respiratory,2026-07-24,52,82.25
34,Ipratropium Bromide Respules,Respiratory,2026-07-25,23,82.25
34,Ipratropium Bromide Respules,Respiratory,2026-07-26,30,82.25
34,Ipratropium Bromide Respules,Respiratory,2026-07-27,43,82.25
34,Ipratropium Bromide Respules,Respiratory,2026-07-28,42,82.25
34,Ipratropium Bromide Respules,Respiratory,2026-07-29,45,82.25
34,Ipratropium Bromide Respules,Respiratory,2026-07-30,36,82.25
34,Ipratropium Bromide Respules,Respiratory,2026-07-31,54,82.25
34,Ipratropium Bromide Respules,Respiratory,2026-08-01,16,82.25
34,Ipratropium Bromide Respules,Respiratory,2026-08-02,34,82.25
34,Ipratropium Bromide Respules,Respiratory,2026-08-03,43,82.25
34,Ipratropium Bromide Respules,Respiratory,2026-08-04,36,82.25
34,Ipratropium Bromide Respules,Respiratory,2026-08-05,47,82.25
34,Ipratropium Bromide Respules,Respiratory,2026-08-06,33,82.25
34,Ipratropium Bromide Respules,Respiratory,2026-08-07,46,82.25
34,Ipratropium Bromide Respules,Respiratory,2026-08-08,19,82.25
34,Ipratropium Bromide Respules,Respiratory,2026-08-09,34,82.25
34,Ipratropium Bromide Respules,Respiratory,2026-08-10,38,82.25
34,Ipratropium Bromide Respules,Respiratory,2026-08-11,42,82.25
34,Ipratropium Bromide Respules,Respiratory,2026-08-12,48,82.25
34,Ipratropium Bromide Respules,Respiratory,2026-08-13,39,82.25
34,Ipratropium Bromide Respules,Respiratory,2026-08-14,45,82.25
34,Ipratropium Bromide Respules,Respiratory,2026-08-15,18,82.25
34,Ipratropium Bromide Respules,Respiratory,2026-08-16,35,82.25
34,Ipratropium Bromide Respules,Respiratory,2026-08-17,60,82.25
34,Ipratropium Bromide Respules,Respiratory,2026-08-18,68,82.25
34,Ipratropium Bromide Respules,Respiratory,2026-08-19,46,82.25
34,Ipratropium Bromide Respules,Respiratory,2026-08-20,52,82.25
34,Ipratropium Bromide Respules,Respiratory,2026-08-21,31,82.25
34,Ipratropium Bromide Respules,Respiratory,2026-08-22,42,82.25
34,Ipratropium Bromide Respules,Respiratory,2026-08-23,36,82.25
34,Ipratropium Bromide Respules,Respiratory,2026-08-24,41,82.25
34,Ipratropium Bromide Respules,Respiratory,2026-08-25,55,82.25
34,Ipratropium Bromide Respules,Respiratory,2026-08-26,43,82.25
34,Ipratropium Bromide Respules,Respiratory,2026-08-27,42,82.25
34,Ipratropium Bromide Respules,Respiratory,2026-08-28,49,82.25
34,Ipratropium Bromide Respules,Respiratory,2026-08-29,21,82.25
34,Ipratropium Bromide Respules,Respiratory,2026-08-30,38,82.25
34,Ipratropium Bromide Respules,Respiratory,2026-08-31,37,82.25
34,Ipratropium Bromide Respules,Respiratory,2026-09-01,37,82.25
34,Ipratropium Bromide Respules,Respiratory,2026-09-02,38,82.25
34,Ipratropium Bromide Respules,Respiratory,2026-09-03,51,82.25
34,Ipratropium Bromide Respules,Respiratory,2026-09-04,40,82.25
34,Ipratropium Bromide Respules,Respiratory,2026-09-05,19,82.25
34,Ipratropium Bromide Respules,Respiratory,2026-09-06,25,82.25
34,Ipratropium Bromide Respules,Respiratory,2026-09-07,45,82.25
34,Ipratropium Bromide Respules,Respiratory,2026-09-08,36,82.25
34,Ipratropium Bromide Respules,Respiratory,2026-09-09,36,82.25
34,Ipratropium Bromide Respules,Respiratory,2026-09-10,62,82.25
34,Ipratropium Bromide Respules,Respiratory,2026-09-11,38,82.25
34,Ipratropium Bromide Respules,Respiratory,2026-09-12,27,82.25
34,Ipratropium Bromide Respules,Respiratory,2026-09-13,27,82.25
34,Ipratropium Bromide Respules,Respiratory,2026-09-14,42,82.25
34,Ipratropium Bromide Respules,Respiratory,2026-09-15,50,82.25
34,Ipratropium Bromide Respules,Respiratory,2026-09-16,53,82.25
34,Ipratropium Bromide Respules,Respiratory,2026-09-17,43,82.25
34,Ipratropium Bromide Respules,Respiratory,2026-09-18,35,82.25
34,Ipratropium Bromide Respules,Respiratory,2026-09-19,40,82.25
34,Ipratropium Bromide Respules,Respiratory,2026-09-20,29,82.25
34,Ipratropium Bromide Respules,Respiratory,2026-09-21,59,82.25
34,Ipratropium Bromide Respules,Respiratory,2026-09-22,27,82.25
34,Ipratropium Bromide Respules,Respiratory,2026-09-23,47,82.25
34,Ipratropium Bromide Respules,Respiratory,2026-09-24,61,82.25
34,Ipratropium Bromide Respules,Respiratory,2026-09-25,42,82.25
35,Fluticasone Furoate Nasal Spray,Respiratory,2026-02-18,47,32.24
35,Fluticasone Furoate Nasal Spray,Respiratory,2026-02-19,51,32.24
35,Fluticasone Furoate Nasal Spray,Respiratory,2026-02-20,44,32.24
35,Fluticasone Furoate Nasal Spray,Respiratory,2026-02-21,30,32.24
35,Fluticasone Furoate Nasal Spray,Respiratory,2026-02-22,29,32.24
35,Fluticasone Furoate Nasal Spray,Respiratory,2026-02-23,43,32.24
35,Fluticasone Furoate Nasal Spray,Respiratory,2026-02-24,59,32.24
35,Fluticasone Furoate Nasal Spray,Respiratory,2026-02-25,52,32.24
35,Fluticasone Furoate Nasal Spray,Respiratory,2026-02-26,51,32.24
35,Fluticasone Furoate Nasal Spray,Respiratory,2026-02-27,55,32.24
35,Fluticasone Furoate Nasal Spray,Respiratory,2026-02-28,30,32.24
35,Fluticasone Furoate Nasal Spray,Respiratory,2026-03-01,17,32.24
35,Fluticasone Furoate Nasal Spray,Respiratory,2026-03-02,31,32.24
35,Fluticasone Furoate Nasal Spray,Respiratory,2026-03-03,36,32.24
35,Fluticasone Furoate Nasal Spray,Respiratory,2026-03-04,27,32.24
35,Fluticasone Furoate Nasal Spray,Respiratory,2026-03-05,32,32.24
35,Fluticasone Furoate Nasal Spray,Respiratory,2026-03-06,32,32.24
35,Fluticasone Furoate Nasal Spray,Respiratory,2026-03-07,41,32.24
35,Fluticasone Furoate Nasal Spray,Respiratory,2026-03-08,1,32.24
35,Fluticasone Furoate Nasal Spray,Respiratory,2026-03-09,34,32.24
35,Fluticasone Furoate Nasal Spray,Respiratory,2026-03-10,50,32.24
35,Fluticasone Furoate Nasal Spray,Respiratory,2026-03-11,37,32.24
35,Fluticasone Furoate Nasal Spray,Respiratory,2026-03-12,42,32.24
35,Fluticasone Furoate Nasal Spray,Respiratory,2026-03-13,37,32.24
35,Fluticasone Furoate Nasal Spray,Respiratory,2026-03-14,18,32.24
35,Fluticasone Furoate Nasal Spray,Respiratory,2026-03-15,5,32.24
35,Fluticasone Furoate Nasal Spray,Respiratory,2026-03-16,38,32.24
35,Fluticasone Furoate Nasal Spray,Respiratory,2026-03-17,30,32.24
35,Fluticasone Furoate Nasal Spray,Respiratory,2026-03-18,29,32.24
35,Fluticasone Furoate Nasal Spray,Respiratory,2026-03-19,32,32.24
35,Fluticasone Furoate Nasal Spray,Respiratory,2026-03-20,50,32.24
35,Fluticasone Furoate Nasal Spray,Respiratory,2026-03-21,44,32.24
35,Fluticasone Furoate Nasal Spray,Respiratory,2026-03-22,26,32.24
35,Fluticasone Furoate Nasal Spray,Respiratory,2026-03-23,32,32.24
35,Fluticasone Furoate Nasal Spray,Respiratory,2026-03-24,26,32.24
35,Fluticasone Furoate Nasal Spray,Respiratory,2026-03-25,40,32.24
35,Fluticasone Furoate Nasal Spray,Respiratory,2026-03-26,51,32.24
35,Fluticasone Furoate Nasal Spray,Respiratory,2026-03-27,34,32.24
35,Fluticasone Furoate Nasal Spray,Respiratory,2026-03-28,4,32.24
35,Fluticasone Furoate Nasal Spray,Respiratory,2026-03-29,29,32.24
35,Fluticasone Furoate Nasal Spray,Respiratory,2026-03-30,44,32.24
35,Fluticasone Furoate Nasal Spray,Respiratory,2026-03-31,23,32.24
35,Fluticasone Furoate Nasal Spray,Respiratory,2026-04-01,37,32.24
35,Fluticasone Furoate Nasal Spray,Respiratory,2026-04-02,40,32.24
35,Fluticasone Furoate Nasal Spray,Respiratory,2026-04-03,35,32.24
35,Fluticasone Furoate Nasal Spray,Respiratory,2026-04-04,17,32.24
35,Fluticasone Furoate Nasal Spray,Respiratory,2026-04-05,32,32.24
35,Fluticasone Furoate Nasal Spray,Respiratory,2026-04-06,33,32.24
35,Fluticasone Furoate Nasal Spray,Respiratory,2026-04-07,24,32.24
35,Fluticasone Furoate Nasal Spray,Respiratory,2026-04-08,19,32.24
35,Fluticasone Furoate Nasal Spray,Respiratory,2026-04-09,46,32.24
35,Fluticasone Furoate Nasal Spray,Respiratory,2026-04-10,41,32.24
35,Fluticasone Furoate Nasal Spray,Respiratory,2026-04-11,24,32.24
35,Fluticasone Furoate Nasal Spray,Respiratory,2026-04-12,20,32.24
35,Fluticasone Furoate Nasal Spray,Respiratory,2026-04-13,32,32.24
35,Fluticasone Furoate Nasal Spray,Respiratory,2026-04-14,27,32.24
35,Fluticasone Furoate Nasal Spray,Respiratory,2026-04-15,32,32.24
35,Fluticasone Furoate Nasal Spray,Respiratory,2026-04-16,18,32.24
35,Fluticasone Furoate Nasal Spray,Respiratory,2026-04-17,30,32.24
35,Fluticasone Furoate Nasal Spray,Respiratory,2026-04-18,21,32.24
35,Fluticasone Furoate Nasal Spray,Respiratory,2026-04-19,29,32.24
35,Fluticasone Furoate Nasal Spray,Respiratory,2026-04-20,36,32.24
35,Fluticasone Furoate Nasal Spray,Respiratory,2026-04-21,42,32.24
35,Fluticasone Furoate Nasal Spray,Respiratory,2026-04-22,47,32.24
35,Fluticasone Furoate Nasal Spray,Respiratory,2026-04-23,45,32.24
35,Fluticasone Furoate Nasal Spray,Respiratory,2026-04-24,40,32.24
35,Fluticasone Furoate Nasal Spray,Respiratory,2026-04-25,24,32.24
35,Fluticasone Furoate Nasal Spray,Respiratory,2026-04-26,16,32.24
35,Fluticasone Furoate Nasal Spray,Respiratory,2026-04-27,42,32.24
35,Fluticasone Furoate Nasal Spray,Respiratory,2026-04-28,50,32.24
35,Fluticasone Furoate Nasal Spray,Respiratory,2026-04-29,39,32.24
35,Fluticasone Furoate Nasal Spray,Respiratory,2026-04-30,52,32.24
35,Fluticasone Furoate Nasal Spray,Respiratory,2026-05-01,23,32.24
35,Fluticasone Furoate Nasal Spray,Respiratory,2026-05-02,14,32.24
35,Fluticasone Furoate Nasal Spray,Respiratory,2026-05-03,31,32.24
35,Fluticasone Furoate Nasal Spray,Respiratory,2026-05-04,38,32.24
35,Fluticasone Furoate Nasal Spray,Respiratory,2026-05-05,47,32.24
35,Fluticasone Furoate Nasal Spray,Respiratory,2026-05-06,36,32.24
35,Fluticasone Furoate Nasal Spray,Respiratory,2026-05-07,29,32.24
35,Fluticasone Furoate Nasal Spray,Respiratory,2026-05-08,34,32.24
35,Fluticasone Furoate Nasal Spray,Respiratory,2026-05-09,11,32.24
35,Fluticasone Furoate Nasal Spray,Respiratory,2026-05-10,14,32.24
35,Fluticasone Furoate Nasal Spray,Respiratory,2026-05-11,44,32.24
35,Fluticasone Furoate Nasal Spray,Respiratory,2026-05-12,43,32.24
35,Fluticasone Furoate Nasal Spray,Respiratory,2026-05-13,39,32.24
35,Fluticasone Furoate Nasal Spray,Respiratory,2026-05-14,22,32.24
35,Fluticasone Furoate Nasal Spray,Respiratory,2026-05-15,33,32.24
35,Fluticasone Furoate Nasal Spray,Respiratory,2026-05-16,14,32.24
35,Fluticasone Furoate Nasal Spray,Respiratory,2026-05-17,33,32.24
35,Fluticasone Furoate Nasal Spray,Respiratory,2026-05-18,31,32.24
35,Fluticasone Furoate Nasal Spray,Respiratory,2026-05-19,27,32.24
35,Fluticasone Furoate Nasal Spray,Respiratory,2026-05-20,36,32.24
35,Fluticasone Furoate Nasal Spray,Respiratory,2026-05-21,31,32.24
35,Fluticasone Furoate Nasal Spray,Respiratory,2026-05-22,48,32.24
35,Fluticasone Furoate Nasal Spray,Respiratory,2026-05-23,18,32.24
35,Fluticasone Furoate Nasal Spray,Respiratory,2026-05-24,12,32.24
35,Fluticasone Furoate Nasal Spray,Respiratory,2026-05-25,18,32.24
35,Fluticasone Furoate Nasal Spray,Respiratory,2026-05-26,36,32.24
35,Fluticasone Furoate Nasal Spray,Respiratory,2026-05-27,31,32.24
35,Fluticasone Furoate Nasal Spray,Respiratory,2026-05-28,24,32.24
35,Fluticasone Furoate Nasal Spray,Respiratory,2026-05-29,46,32.24
35,Fluticasone Furoate Nasal Spray,Respiratory,2026-05-30,29,32.24
35,Fluticasone Furoate Nasal Spray,Respiratory,2026-05-31,24,32.24
35,Fluticasone Furoate Nasal Spray,Respiratory,2026-06-01,47,32.24
35,Fluticasone Furoate Nasal Spray,Respiratory,2026-06-02,41,32.24
35,Fluticasone Furoate Nasal Spray,Respiratory,2026-06-03,29,32.24
35,Fluticasone Furoate Nasal Spray,Respiratory,2026-06-04,27,32.24
35,Fluticasone Furoate Nasal Spray,Respiratory,2026-06-05,43,32.24
35,Fluticasone Furoate Nasal Spray,Respiratory,2026-06-06,27,32.24
35,Fluticasone Furoate Nasal Spray,Respiratory,2026-06-07,25,32.24
35,Fluticasone Furoate Nasal Spray,Respiratory,2026-06-08,29,32.24
35,Fluticasone Furoate Nasal Spray,Respiratory,2026-06-09,41,32.24
35,Fluticasone Furoate Nasal Spray,Respiratory,2026-06-10,30,32.24
35,Fluticasone Furoate Nasal Spray,Respiratory,2026-06-11,35,32.24
35,Fluticasone Furoate Nasal Spray,Respiratory,2026-06-12,48,32.24
35,Fluticasone Furoate Nasal Spray,Respiratory,2026-06-13,18,32.24
35,Fluticasone Furoate Nasal Spray,Respiratory,2026-06-14,11,32.24
35,Fluticasone Furoate Nasal Spray,Respiratory,2026-06-15,27,32.24
35,Fluticasone Furoate Nasal Spray,Respiratory,2026-06-16,44,32.24
35,Fluticasone Furoate Nasal Spray,Respiratory,2026-06-17,38,32.24
35,Fluticasone Furoate Nasal Spray,Respiratory,2026-06-18,35,32.24
35,Fluticasone Furoate Nasal Spray,Respiratory,2026-06-19,32,32.24
35,Fluticasone Furoate Nasal Spray,Respiratory,2026-06-20,28,32.24
35,Fluticasone Furoate Nasal Spray,Respiratory,2026-06-21,17,32.24
35,Fluticasone Furoate Nasal Spray,Respiratory,2026-06-22,38,32.24
35,Fluticasone Furoate Nasal Spray,Respiratory,2026-06-23,30,32.24
35,Fluticasone Furoate Nasal Spray,Respiratory,2026-06-24,29,32.24
35,Fluticasone Furoate Nasal Spray,Respiratory,2026-06-25,31,32.24
35,Fluticasone Furoate Nasal Spray,Respiratory,2026-06-26,33,32.24
35,Fluticasone Furoate Nasal Spray,Respiratory,2026-06-27,23,32.24
35,Fluticasone Furoate Nasal Spray,Respiratory,2026-06-28,26,32.24
35,Fluticasone Furoate Nasal Spray,Respiratory,2026-06-29,6,32.24
35,Fluticasone Furoate Nasal Spray,Respiratory,2026-06-30,29,32.24
35,Fluticasone Furoate Nasal Spray,Respiratory,2026-07-01,33,32.24
35,Fluticasone Furoate Nasal Spray,Respiratory,2026-07-02,48,32.24
35,Fluticasone Furoate Nasal Spray,Respiratory,2026-07-03,27,32.24
35,Fluticasone Furoate Nasal Spray,Respiratory,2026-07-04,25,32.24
35,Fluticasone Furoate Nasal Spray,Respiratory,2026-07-05,36,32.24
35,Fluticasone Furoate Nasal Spray,Respiratory,2026-07-06,25,32.24
35,Fluticasone Furoate Nasal Spray,Respiratory,2026-07-07,39,32.24
35,Fluticasone Furoate Nasal Spray,Respiratory,2026-07-08,29,32.24
35,Fluticasone Furoate Nasal Spray,Respiratory,2026-07-09,32,32.24
35,Fluticasone Furoate Nasal Spray,Respiratory,2026-07-10,29,32.24
35,Fluticasone Furoate Nasal Spray,Respiratory,2026-07-11,18,32.24
35,Fluticasone Furoate Nasal Spray,Respiratory,2026-07-12,46,32.24
35,Fluticasone Furoate Nasal Spray,Respiratory,2026-07-13,43,32.24
35,Fluticasone Furoate Nasal Spray,Respiratory,2026-07-14,45,32.24
35,Fluticasone Furoate Nasal Spray,Respiratory,2026-07-15,40,32.24
35,Fluticasone Furoate Nasal Spray,Respiratory,2026-07-16,23,32.24
35,Fluticasone Furoate Nasal Spray,Respiratory,2026-07-17,39,32.24
35,Fluticasone Furoate Nasal Spray,Respiratory,2026-07-18,33,32.24
35,Fluticasone Furoate Nasal Spray,Respiratory,2026-07-19,17,32.24
35,Fluticasone Furoate Nasal Spray,Respiratory,2026-07-20,44,32.24
35,Fluticasone Furoate Nasal Spray,Respiratory,2026-07-21,42,32.24
35,Fluticasone Furoate Nasal Spray,Respiratory,2026-07-22,51,32.24
35,Fluticasone Furoate Nasal Spray,Respiratory,2026-07-23,32,32.24
35,Fluticasone Furoate Nasal Spray,Respiratory,2026-07-24,27,32.24
35,Fluticasone Furoate Nasal Spray,Respiratory,2026-07-25,21,32.24
35,Fluticasone Furoate Nasal Spray,Respiratory,2026-07-26,36,32.24
35,Fluticasone Furoate Nasal Spray,Respiratory,2026-07-27,21,32.24
35,Fluticasone Furoate Nasal Spray,Respiratory,2026-07-28,19,32.24
35,Fluticasone Furoate Nasal Spray,Respiratory,2026-07-29,37,32.24
35,Fluticasone Furoate Nasal Spray,Respiratory,2026-07-30,32,32.24
35,Fluticasone Furoate Nasal Spray,Respiratory,2026-07-31,36,32.24
35,Fluticasone Furoate Nasal Spray,Respiratory,2026-08-01,32,32.24
35,Fluticasone Furoate Nasal Spray,Respiratory,2026-08-02,19,32.24
35,Fluticasone Furoate Nasal Spray,Respiratory,2026-08-03,20,32.24
35,Fluticasone Furoate Nasal Spray,Respiratory,2026-08-04,53,32.24
35,Fluticasone Furoate Nasal Spray,Respiratory,2026-08-05,28,32.24
35,Fluticasone Furoate Nasal Spray,Respiratory,2026-08-06,27,32.24
35,Fluticasone Furoate Nasal Spray,Respiratory,2026-08-07,45,32.24
35,Fluticasone Furoate Nasal Spray,Respiratory,2026-08-08,21,32.24
35,Fluticasone Furoate Nasal Spray,Respiratory,2026-08-09,23,32.24
35,Fluticasone Furoate Nasal Spray,Respiratory,2026-08-10,40,32.24
35,Fluticasone Furoate Nasal Spray,Respiratory,2026-08-11,45,32.24
35,Fluticasone Furoate Nasal Spray,Respiratory,2026-08-12,33,32.24
35,Fluticasone Furoate Nasal Spray,Respiratory,2026-08-13,48,32.24
35,Fluticasone Furoate Nasal Spray,Respiratory,2026-08-14,18,32.24
35,Fluticasone Furoate Nasal Spray,Respiratory,2026-08-15,30,32.24
35,Fluticasone Furoate Nasal Spray,Respiratory,2026-08-16,17,32.24
35,Fluticasone Furoate Nasal Spray,Respiratory,2026-08-17,47,32.24
35,Fluticasone Furoate Nasal Spray,Respiratory,2026-08-18,37,32.24
35,Fluticasone Furoate Nasal Spray,Respiratory,2026-08-19,30,32.24
35,Fluticasone Furoate Nasal Spray,Respiratory,2026-08-20,41,32.24
35,Fluticasone Furoate Nasal Spray,Respiratory,2026-08-21,43,32.24
35,Fluticasone Furoate Nasal Spray,Respiratory,2026-08-22,29,32.24
35,Fluticasone Furoate Nasal Spray,Respiratory,2026-08-23,15,32.24
35,Fluticasone Furoate Nasal Spray,Respiratory,2026-08-24,32,32.24
35,Fluticasone Furoate Nasal Spray,Respiratory,2026-08-25,36,32.24
35,Fluticasone Furoate Nasal Spray,Respiratory,2026-08-26,36,32.24
35,Fluticasone Furoate Nasal Spray,Respiratory,2026-08-27,42,32.24
35,Fluticasone Furoate Nasal Spray,Respiratory,2026-08-28,19,32.24
35,Fluticasone Furoate Nasal Spray,Respiratory,2026-08-29,27,32.24
35,Fluticasone Furoate Nasal Spray,Respiratory,2026-08-30,21,32.24
35,Fluticasone Furoate Nasal Spray,Respiratory,2026-08-31,29,32.24
35,Fluticasone Furoate Nasal Spray,Respiratory,2026-09-01,30,32.24
35,Fluticasone Furoate Nasal Spray,Respiratory,2026-09-02,34,32.24
35,Fluticasone Furoate Nasal Spray,Respiratory,2026-09-03,6,32.24
35,Fluticasone Furoate Nasal Spray,Respiratory,2026-09-04,30,32.24
35,Fluticasone Furoate Nasal Spray,Respiratory,2026-09-05,17,32.24
35,Fluticasone Furoate Nasal Spray,Respiratory,2026-09-06,28,32.24
35,Fluticasone Furoate Nasal Spray,Respiratory,2026-09-07,29,32.24
35,Fluticasone Furoate Nasal Spray,Respiratory,2026-09-08,34,32.24
35,Fluticasone Furoate Nasal Spray,Respiratory,2026-09-09,49,32.24
35,Fluticasone Furoate Nasal Spray,Respiratory,2026-09-10,44,32.24
35,Fluticasone Furoate Nasal Spray,Respiratory,2026-09-11,43,32.24
35,Fluticasone Furoate Nasal Spray,Respiratory,2026-09-12,20,32.24
35,Fluticasone Furoate Nasal Spray,Respiratory,2026-09-13,28,32.24
35,Fluticasone Furoate Nasal Spray,Respiratory,2026-09-14,34,32.24
35,Fluticasone Furoate Nasal Spray,Respiratory,2026-09-15,34,32.24
35,Fluticasone Furoate Nasal Spray,Respiratory,2026-09-16,39,32.24
35,Fluticasone Furoate Nasal Spray,Respiratory,2026-09-17,31,32.24
35,Fluticasone Furoate Nasal Spray,Respiratory,2026-09-18,48,32.24
35,Fluticasone Furoate Nasal Spray,Respiratory,2026-09-19,22,32.24
35,Fluticasone Furoate Nasal Spray,Respiratory,2026-09-20,29,32.24
35,Fluticasone Furoate Nasal Spray,Respiratory,2026-09-21,48,32.24
35,Fluticasone Furoate Nasal Spray,Respiratory,2026-09-22,44,32.24
35,Fluticasone Furoate Nasal Spray,Respiratory,2026-09-23,24,32.24
35,Fluticasone Furoate Nasal Spray,Respiratory,2026-09-24,40,32.24
35,Fluticasone Furoate Nasal Spray,Respiratory,2026-09-25,43,32.24
36,Omeprazole 20mg,Gastrointestinal,2026-02-18,42,18.34
36,Omeprazole 20mg,Gastrointestinal,2026-02-19,28,18.34
36,Omeprazole 20mg,Gastrointestinal,2026-02-20,31,18.34
36,Omeprazole 20mg,Gastrointestinal,2026-02-21,31,18.34
36,Omeprazole 20mg,Gastrointestinal,2026-02-22,18,18.34
36,Omeprazole 20mg,Gastrointestinal,2026-02-23,34,18.34
36,Omeprazole 20mg,Gastrointestinal,2026-02-24,47,18.34
36,Omeprazole 20mg,Gastrointestinal,2026-02-25,35,18.34
36,Omeprazole 20mg,Gastrointestinal,2026-02-26,31,18.34
36,Omeprazole 20mg,Gastrointestinal,2026-02-27,29,18.34
36,Omeprazole 20mg,Gastrointestinal,2026-02-28,26,18.34
36,Omeprazole 20mg,Gastrointestinal,2026-03-01,14,18.34
36,Omeprazole 20mg,Gastrointestinal,2026-03-02,34,18.34
36,Omeprazole 20mg,Gastrointestinal,2026-03-03,38,18.34
36,Omeprazole 20mg,Gastrointestinal,2026-03-04,45,18.34
36,Omeprazole 20mg,Gastrointestinal,2026-03-05,41,18.34
36,Omeprazole 20mg,Gastrointestinal,2026-03-06,31,18.34
36,Omeprazole 20mg,Gastrointestinal,2026-03-07,32,18.34
36,Omeprazole 20mg,Gastrointestinal,2026-03-08,22,18.34
36,Omeprazole 20mg,Gastrointestinal,2026-03-09,27,18.34
36,Omeprazole 20mg,Gastrointestinal,2026-03-10,35,18.34
36,Omeprazole 20mg,Gastrointestinal,2026-03-11,46,18.34
36,Omeprazole 20mg,Gastrointestinal,2026-03-12,37,18.34
36,Omeprazole 20mg,Gastrointestinal,2026-03-13,36,18.34
36,Omeprazole 20mg,Gastrointestinal,2026-03-14,36,18.34
36,Omeprazole 20mg,Gastrointestinal,2026-03-15,13,18.34
36,Omeprazole 20mg,Gastrointestinal,2026-03-16,26,18.34
36,Omeprazole 20mg,Gastrointestinal,2026-03-17,24,18.34
36,Omeprazole 20mg,Gastrointestinal,2026-03-18,38,18.34
36,Omeprazole 20mg,Gastrointestinal,2026-03-19,37,18.34
36,Omeprazole 20mg,Gastrointestinal,2026-03-20,47,18.34
36,Omeprazole 20mg,Gastrointestinal,2026-03-21,25,18.34
36,Omeprazole 20mg,Gastrointestinal,2026-03-22,21,18.34
36,Omeprazole 20mg,Gastrointestinal,2026-03-23,36,18.34
36,Omeprazole 20mg,Gastrointestinal,2026-03-24,37,18.34
36,Omeprazole 20mg,Gastrointestinal,2026-03-25,24,18.34
36,Omeprazole 20mg,Gastrointestinal,2026-03-26,55,18.34
36,Omeprazole 20mg,Gastrointestinal,2026-03-27,40,18.34
36,Omeprazole 20mg,Gastrointestinal,2026-03-28,25,18.34
36,Omeprazole 20mg,Gastrointestinal,2026-03-29,28,18.34
36,Omeprazole 20mg,Gastrointestinal,2026-03-30,41,18.34
36,Omeprazole 20mg,Gastrointestinal,2026-03-31,35,18.34
36,Omeprazole 20mg,Gastrointestinal,2026-04-01,31,18.34
36,Omeprazole 20mg,Gastrointestinal,2026-04-02,40,18.34
36,Omeprazole 20mg,Gastrointestinal,2026-04-03,39,18.34
36,Omeprazole 20mg,Gastrointestinal,2026-04-04,18,18.34
36,Omeprazole 20mg,Gastrointestinal,2026-04-05,34,18.34
36,Omeprazole 20mg,Gastrointestinal,2026-04-06,38,18.34
36,Omeprazole 20mg,Gastrointestinal,2026-04-07,41,18.34
36,Omeprazole 20mg,Gastrointestinal,2026-04-08,46,18.34
36,Omeprazole 20mg,Gastrointestinal,2026-04-09,36,18.34
36,Omeprazole 20mg,Gastrointestinal,2026-04-10,38,18.34
36,Omeprazole 20mg,Gastrointestinal,2026-04-11,30,18.34
36,Omeprazole 20mg,Gastrointestinal,2026-04-12,18,18.34
36,Omeprazole 20mg,Gastrointestinal,2026-04-13,36,18.34
36,Omeprazole 20mg,Gastrointestinal,2026-04-14,37,18.34
36,Omeprazole 20mg,Gastrointestinal,2026-04-15,29,18.34
36,Omeprazole 20mg,Gastrointestinal,2026-04-16,53,18.34
36,Omeprazole 20mg,Gastrointestinal,2026-04-17,26,18.34
36,Omeprazole 20mg,Gastrointestinal,2026-04-18,14,18.34
36,Omeprazole 20mg,Gastrointestinal,2026-04-19,33,18.34
36,Omeprazole 20mg,Gastrointestinal,2026-04-20,41,18.34
36,Omeprazole 20mg,Gastrointestinal,2026-04-21,28,18.34
36,Omeprazole 20mg,Gastrointestinal,2026-04-22,40,18.34
36,Omeprazole 20mg,Gastrointestinal,2026-04-23,46,18.34
36,Omeprazole 20mg,Gastrointestinal,2026-04-24,36,18.34
36,Omeprazole 20mg,Gastrointestinal,2026-04-25,42,18.34
36,Omeprazole 20mg,Gastrointestinal,2026-04-26,11,18.34
36,Omeprazole 20mg,Gastrointestinal,2026-04-27,41,18.34
36,Omeprazole 20mg,Gastrointestinal,2026-04-28,44,18.34
36,Omeprazole 20mg,Gastrointestinal,2026-04-29,42,18.34
36,Omeprazole 20mg,Gastrointestinal,2026-04-30,34,18.34
36,Omeprazole 20mg,Gastrointestinal,2026-05-01,46,18.34
36,Omeprazole 20mg,Gastrointestinal,2026-05-02,35,18.34
36,Omeprazole 20mg,Gastrointestinal,2026-05-03,38,18.34
36,Omeprazole 20mg,Gastrointestinal,2026-05-04,53,18.34
36,Omeprazole 20mg,Gastrointestinal,2026-05-05,56,18.34
36,Omeprazole 20mg,Gastrointestinal,2026-05-06,41,18.34
36,Omeprazole 20mg,Gastrointestinal,2026-05-07,47,18.34
36,Omeprazole 20mg,Gastrointestinal,2026-05-08,42,18.34
36,Omeprazole 20mg,Gastrointestinal,2026-05-09,29,18.34
36,Omeprazole 20mg,Gastrointestinal,2026-05-10,39,18.34
36,Omeprazole 20mg,Gastrointestinal,2026-05-11,49,18.34
36,Omeprazole 20mg,Gastrointestinal,2026-05-12,67,18.34
36,Omeprazole 20mg,Gastrointestinal,2026-05-13,50,18.34
36,Omeprazole 20mg,Gastrointestinal,2026-05-14,49,18.34
36,Omeprazole 20mg,Gastrointestinal,2026-05-15,49,18.34
36,Omeprazole 20mg,Gastrointestinal,2026-05-16,28,18.34
36,Omeprazole 20mg,Gastrointestinal,2026-05-17,32,18.34
36,Omeprazole 20mg,Gastrointestinal,2026-05-18,57,18.34
36,Omeprazole 20mg,Gastrointestinal,2026-05-19,49,18.34
36,Omeprazole 20mg,Gastrointestinal,2026-05-20,43,18.34
36,Omeprazole 20mg,Gastrointestinal,2026-05-21,42,18.34
36,Omeprazole 20mg,Gastrointestinal,2026-05-22,45,18.34
36,Omeprazole 20mg,Gastrointestinal,2026-05-23,33,18.34
36,Omeprazole 20mg,Gastrointestinal,2026-05-24,41,18.34
36,Omeprazole 20mg,Gastrointestinal,2026-05-25,39,18.34
36,Omeprazole 20mg,Gastrointestinal,2026-05-26,46,18.34
36,Omeprazole 20mg,Gastrointestinal,2026-05-27,50,18.34
36,Omeprazole 20mg,Gastrointestinal,2026-05-28,35,18.34
36,Omeprazole 20mg,Gastrointestinal,2026-05-29,42,18.34
36,Omeprazole 20mg,Gastrointestinal,2026-05-30,27,18.34
36,Omeprazole 20mg,Gastrointestinal,2026-05-31,26,18.34
36,Omeprazole 20mg,Gastrointestinal,2026-06-01,50,18.34
36,Omeprazole 20mg,Gastrointestinal,2026-06-02,47,18.34
36,Omeprazole 20mg,Gastrointestinal,2026-06-03,44,18.34
36,Omeprazole 20mg,Gastrointestinal,2026-06-04,52,18.34
36,Omeprazole 20mg,Gastrointestinal,2026-06-05,61,18.34
36,Omeprazole 20mg,Gastrointestinal,2026-06-06,44,18.34
36,Omeprazole 20mg,Gastrointestinal,2026-06-07,18,18.34
36,Omeprazole 20mg,Gastrointestinal,2026-06-08,53,18.34
36,Omeprazole 20mg,Gastrointestinal,2026-06-09,47,18.34
36,Omeprazole 20mg,Gastrointestinal,2026-06-10,50,18.34
36,Omeprazole 20mg,Gastrointestinal,2026-06-11,46,18.34
36,Omeprazole 20mg,Gastrointestinal,2026-06-12,49,18.34
36,Omeprazole 20mg,Gastrointestinal,2026-06-13,33,18.34
36,Omeprazole 20mg,Gastrointestinal,2026-06-14,28,18.34
36,Omeprazole 20mg,Gastrointestinal,2026-06-15,42,18.34
36,Omeprazole 20mg,Gastrointestinal,2026-06-16,45,18.34
36,Omeprazole 20mg,Gastrointestinal,2026-06-17,50,18.34
36,Omeprazole 20mg,Gastrointestinal,2026-06-18,53,18.34
36,Omeprazole 20mg,Gastrointestinal,2026-06-19,55,18.34
36,Omeprazole 20mg,Gastrointestinal,2026-06-20,29,18.34
36,Omeprazole 20mg,Gastrointestinal,2026-06-21,34,18.34
36,Omeprazole 20mg,Gastrointestinal,2026-06-22,55,18.34
36,Omeprazole 20mg,Gastrointestinal,2026-06-23,57,18.34
36,Omeprazole 20mg,Gastrointestinal,2026-06-24,48,18.34
36,Omeprazole 20mg,Gastrointestinal,2026-06-25,47,18.34
36,Omeprazole 20mg,Gastrointestinal,2026-06-26,50,18.34
36,Omeprazole 20mg,Gastrointestinal,2026-06-27,24,18.34
36,Omeprazole 20mg,Gastrointestinal,2026-06-28,31,18.34
36,Omeprazole 20mg,Gastrointestinal,2026-06-29,54,18.34
36,Omeprazole 20mg,Gastrointestinal,2026-06-30,53,18.34
36,Omeprazole 20mg,Gastrointestinal,2026-07-01,47,18.34
36,Omeprazole 20mg,Gastrointestinal,2026-07-02,50,18.34
36,Omeprazole 20mg,Gastrointestinal,2026-07-03,43,18.34
36,Omeprazole 20mg,Gastrointestinal,2026-07-04,37,18.34
36,Omeprazole 20mg,Gastrointestinal,2026-07-05,32,18.34
36,Omeprazole 20mg,Gastrointestinal,2026-07-06,46,18.34
36,Omeprazole 20mg,Gastrointestinal,2026-07-07,46,18.34
36,Omeprazole 20mg,Gastrointestinal,2026-07-08,48,18.34
36,Omeprazole 20mg,Gastrointestinal,2026-07-09,45,18.34
36,Omeprazole 20mg,Gastrointestinal,2026-07-10,53,18.34
36,Omeprazole 20mg,Gastrointestinal,2026-07-11,29,18.34
36,Omeprazole 20mg,Gastrointestinal,2026-07-12,44,18.34
36,Omeprazole 20mg,Gastrointestinal,2026-07-13,59,18.34
36,Omeprazole 20mg,Gastrointestinal,2026-07-14,42,18.34
36,Omeprazole 20mg,Gastrointestinal,2026-07-15,49,18.34
36,Omeprazole 20mg,Gastrointestinal,2026-07-16,44,18.34
36,Omeprazole 20mg,Gastrointestinal,2026-07-17,46,18.34
36,Omeprazole 20mg,Gastrointestinal,2026-07-18,47,18.34
36,Omeprazole 20mg,Gastrointestinal,2026-07-19,30,18.34
36,Omeprazole 20mg,Gastrointestinal,2026-07-20,51,18.34
36,Omeprazole 20mg,Gastrointestinal,2026-07-21,52,18.34
36,Omeprazole 20mg,Gastrointestinal,2026-07-22,41,18.34
36,Omeprazole 20mg,Gastrointestinal,2026-07-23,42,18.34
36,Omeprazole 20mg,Gastrointestinal,2026-07-24,40,18.34
36,Omeprazole 20mg,Gastrointestinal,2026-07-25,26,18.34
36,Omeprazole 20mg,Gastrointestinal,2026-07-26,12,18.34
36,Omeprazole 20mg,Gastrointestinal,2026-07-27,52,18.34
36,Omeprazole 20mg,Gastrointestinal,2026-07-28,63,18.34
36,Omeprazole 20mg,Gastrointestinal,2026-07-29,50,18.34
36,Omeprazole 20mg,Gastrointestinal,2026-07-30,38,18.34
36,Omeprazole 20mg,Gastrointestinal,2026-07-31,44,18.34
36,Omeprazole 20mg,Gastrointestinal,2026-08-01,29,18.34
36,Omeprazole 20mg,Gastrointestinal,2026-08-02,25,18.34
36,Omeprazole 20mg,Gastrointestinal,2026-08-03,55,18.34
36,Omeprazole 20mg,Gastrointestinal,2026-08-04,54,18.34
36,Omeprazole 20mg,Gastrointestinal,2026-08-05,40,18.34
36,Omeprazole 20mg,Gastrointestinal,2026-08-06,54,18.34
36,Omeprazole 20mg,Gastrointestinal,2026-08-07,60,18.34
36,Omeprazole 20mg,Gastrointestinal,2026-08-08,46,18.34
36,Omeprazole 20mg,Gastrointestinal,2026-08-09,53,18.34
36,Omeprazole 20mg,Gastrointestinal,2026-08-10,42,18.34
36,Omeprazole 20mg,Gastrointestinal,2026-08-11,69,18.34
36,Omeprazole 20mg,Gastrointestinal,2026-08-12,46,18.34
36,Omeprazole 20mg,Gastrointestinal,2026-08-13,44,18.34
36,Omeprazole 20mg,Gastrointestinal,2026-08-14,51,18.34
36,Omeprazole 20mg,Gastrointestinal,2026-08-15,28,18.34
36,Omeprazole 20mg,Gastrointestinal,2026-08-16,35,18.34
36,Omeprazole 20mg,Gastrointestinal,2026-08-17,39,18.34
36,Omeprazole 20mg,Gastrointestinal,2026-08-18,47,18.34
36,Omeprazole 20mg,Gastrointestinal,2026-08-19,58,18.34
36,Omeprazole 20mg,Gastrointestinal,2026-08-20,48,18.34
36,Omeprazole 20mg,Gastrointestinal,2026-08-21,49,18.34
36,Omeprazole 20mg,Gastrointestinal,2026-08-22,36,18.34
36,Omeprazole 20mg,Gastrointestinal,2026-08-23,41,18.34
36,Omeprazole 20mg,Gastrointestinal,2026-08-24,36,18.34
36,Omeprazole 20mg,Gastrointestinal,2026-08-25,53,18.34
36,Omeprazole 20mg,Gastrointestinal,2026-08-26,47,18.34
36,Omeprazole 20mg,Gastrointestinal,2026-08-27,50,18.34
36,Omeprazole 20mg,Gastrointestinal,2026-08-28,56,18.34
36,Omeprazole 20mg,Gastrointestinal,2026-08-29,24,18.34
36,Omeprazole 20mg,Gastrointestinal,2026-08-30,25,18.34
36,Omeprazole 20mg,Gastrointestinal,2026-08-31,34,18.34
36,Omeprazole 20mg,Gastrointestinal,2026-09-01,32,18.34
36,Omeprazole 20mg,Gastrointestinal,2026-09-02,45,18.34
36,Omeprazole 20mg,Gastrointestinal,2026-09-03,35,18.34
36,Omeprazole 20mg,Gastrointestinal,2026-09-04,26,18.34
36,Omeprazole 20mg,Gastrointestinal,2026-09-05,20,18.34
36,Omeprazole 20mg,Gastrointestinal,2026-09-06,13,18.34
36,Omeprazole 20mg,Gastrointestinal,2026-09-07,28,18.34
36,Omeprazole 20mg,Gastrointestinal,2026-09-08,39,18.34
36,Omeprazole 20mg,Gastrointestinal,2026-09-09,27,18.34
36,Omeprazole 20mg,Gastrointestinal,2026-09-10,44,18.34
36,Omeprazole 20mg,Gastrointestinal,2026-09-11,35,18.34
36,Omeprazole 20mg,Gastrointestinal,2026-09-12,24,18.34
36,Omeprazole 20mg,Gastrointestinal,2026-09-13,22,18.34
36,Omeprazole 20mg,Gastrointestinal,2026-09-14,41,18.34
36,Omeprazole 20mg,Gastrointestinal,2026-09-15,41,18.34
36,Omeprazole 20mg,Gastrointestinal,2026-09-16,38,18.34
36,Omeprazole 20mg,Gastrointestinal,2026-09-17,40,18.34
36,Omeprazole 20mg,Gastrointestinal,2026-09-18,34,18.34
36,Omeprazole 20mg,Gastrointestinal,2026-09-19,28,18.34
36,Omeprazole 20mg,Gastrointestinal,2026-09-20,21,18.34
36,Omeprazole 20mg,Gastrointestinal,2026-09-21,36,18.34
36,Omeprazole 20mg,Gastrointestinal,2026-09-22,34,18.34
36,Omeprazole 20mg,Gastrointestinal,2026-09-23,32,18.34
36,Omeprazole 20mg,Gastrointestinal,2026-09-24,31,18.34
36,Omeprazole 20mg,Gastrointestinal,2026-09-25,39,18.34
37,Pantoprazole 40mg,Gastrointestinal,2026-02-18,67,18.33
37,Pantoprazole 40mg,Gastrointestinal,2026-02-19,66,18.33
37,Pantoprazole 40mg,Gastrointestinal,2026-02-20,37,18.33
37,Pantoprazole 40mg,Gastrointestinal,2026-02-21,49,18.33
37,Pantoprazole 40mg,Gastrointestinal,2026-02-22,31,18.33
37,Pantoprazole 40mg,Gastrointestinal,2026-02-23,59,18.33
37,Pantoprazole 40mg,Gastrointestinal,2026-02-24,41,18.33
37,Pantoprazole 40mg,Gastrointestinal,2026-02-25,53,18.33
37,Pantoprazole 40mg,Gastrointestinal,2026-02-26,56,18.33
37,Pantoprazole 40mg,Gastrointestinal,2026-02-27,34,18.33
37,Pantoprazole 40mg,Gastrointestinal,2026-02-28,42,18.33
37,Pantoprazole 40mg,Gastrointestinal,2026-03-01,50,18.33
37,Pantoprazole 40mg,Gastrointestinal,2026-03-02,50,18.33
37,Pantoprazole 40mg,Gastrointestinal,2026-03-03,68,18.33
37,Pantoprazole 40mg,Gastrointestinal,2026-03-04,50,18.33
37,Pantoprazole 40mg,Gastrointestinal,2026-03-05,62,18.33
37,Pantoprazole 40mg,Gastrointestinal,2026-03-06,26,18.33
37,Pantoprazole 40mg,Gastrointestinal,2026-03-07,63,18.33
37,Pantoprazole 40mg,Gastrointestinal,2026-03-08,52,18.33
37,Pantoprazole 40mg,Gastrointestinal,2026-03-09,49,18.33
37,Pantoprazole 40mg,Gastrointestinal,2026-03-10,29,18.33
37,Pantoprazole 40mg,Gastrointestinal,2026-03-11,55,18.33
37,Pantoprazole 40mg,Gastrointestinal,2026-03-12,35,18.33
37,Pantoprazole 40mg,Gastrointestinal,2026-03-13,57,18.33
37,Pantoprazole 40mg,Gastrointestinal,2026-03-14,39,18.33
37,Pantoprazole 40mg,Gastrointestinal,2026-03-15,23,18.33
37,Pantoprazole 40mg,Gastrointestinal,2026-03-16,65,18.33
37,Pantoprazole 40mg,Gastrointestinal,2026-03-17,61,18.33
37,Pantoprazole 40mg,Gastrointestinal,2026-03-18,63,18.33
37,Pantoprazole 40mg,Gastrointestinal,2026-03-19,52,18.33
37,Pantoprazole 40mg,Gastrointestinal,2026-03-20,35,18.33
37,Pantoprazole 40mg,Gastrointestinal,2026-03-21,46,18.33
37,Pantoprazole 40mg,Gastrointestinal,2026-03-22,31,18.33
37,Pantoprazole 40mg,Gastrointestinal,2026-03-23,36,18.33
37,Pantoprazole 40mg,Gastrointestinal,2026-03-24,68,18.33
37,Pantoprazole 40mg,Gastrointestinal,2026-03-25,76,18.33
37,Pantoprazole 40mg,Gastrointestinal,2026-03-26,51,18.33
37,Pantoprazole 40mg,Gastrointestinal,2026-03-27,77,18.33
37,Pantoprazole 40mg,Gastrointestinal,2026-03-28,35,18.33
37,Pantoprazole 40mg,Gastrointestinal,2026-03-29,30,18.33
37,Pantoprazole 40mg,Gastrointestinal,2026-03-30,44,18.33
37,Pantoprazole 40mg,Gastrointestinal,2026-03-31,71,18.33
37,Pantoprazole 40mg,Gastrointestinal,2026-04-01,43,18.33
37,Pantoprazole 40mg,Gastrointestinal,2026-04-02,60,18.33
37,Pantoprazole 40mg,Gastrointestinal,2026-04-03,45,18.33
37,Pantoprazole 40mg,Gastrointestinal,2026-04-04,29,18.33
37,Pantoprazole 40mg,Gastrointestinal,2026-04-05,46,18.33
37,Pantoprazole 40mg,Gastrointestinal,2026-04-06,47,18.33
37,Pantoprazole 40mg,Gastrointestinal,2026-04-07,47,18.33
37,Pantoprazole 40mg,Gastrointestinal,2026-04-08,65,18.33
37,Pantoprazole 40mg,Gastrointestinal,2026-04-09,71,18.33
37,Pantoprazole 40mg,Gastrointestinal,2026-04-10,59,18.33
37,Pantoprazole 40mg,Gastrointestinal,2026-04-11,27,18.33
37,Pantoprazole 40mg,Gastrointestinal,2026-04-12,28,18.33
37,Pantoprazole 40mg,Gastrointestinal,2026-04-13,53,18.33
37,Pantoprazole 40mg,Gastrointestinal,2026-04-14,56,18.33
37,Pantoprazole 40mg,Gastrointestinal,2026-04-15,40,18.33
37,Pantoprazole 40mg,Gastrointestinal,2026-04-16,60,18.33
37,Pantoprazole 40mg,Gastrointestinal,2026-04-17,53,18.33
37,Pantoprazole 40mg,Gastrointestinal,2026-04-18,14,18.33
37,Pantoprazole 40mg,Gastrointestinal,2026-04-19,24,18.33
37,Pantoprazole 40mg,Gastrointestinal,2026-04-20,46,18.33
37,Pantoprazole 40mg,Gastrointestinal,2026-04-21,51,18.33
37,Pantoprazole 40mg,Gastrointestinal,2026-04-22,74,18.33
37,Pantoprazole 40mg,Gastrointestinal,2026-04-23,55,18.33
37,Pantoprazole 40mg,Gastrointestinal,2026-04-24,42,18.33
37,Pantoprazole 40mg,Gastrointestinal,2026-04-25,37,18.33
37,Pantoprazole 40mg,Gastrointestinal,2026-04-26,30,18.33
37,Pantoprazole 40mg,Gastrointestinal,2026-04-27,56,18.33
37,Pantoprazole 40mg,Gastrointestinal,2026-04-28,59,18.33
37,Pantoprazole 40mg,Gastrointestinal,2026-04-29,66,18.33
37,Pantoprazole 40mg,Gastrointestinal,2026-04-30,52,18.33
37,Pantoprazole 40mg,Gastrointestinal,2026-05-01,89,18.33
37,Pantoprazole 40mg,Gastrointestinal,2026-05-02,57,18.33
37,Pantoprazole 40mg,Gastrointestinal,2026-05-03,38,18.33
37,Pantoprazole 40mg,Gastrointestinal,2026-05-04,96,18.33
37,Pantoprazole 40mg,Gastrointestinal,2026-05-05,74,18.33
37,Pantoprazole 40mg,Gastrointestinal,2026-05-06,60,18.33
37,Pantoprazole 40mg,Gastrointestinal,2026-05-07,89,18.33
37,Pantoprazole 40mg,Gastrointestinal,2026-05-08,94,18.33
37,Pantoprazole 40mg,Gastrointestinal,2026-05-09,46,18.33
37,Pantoprazole 40mg,Gastrointestinal,2026-05-10,41,18.33
37,Pantoprazole 40mg,Gastrointestinal,2026-05-11,68,18.33
37,Pantoprazole 40mg,Gastrointestinal,2026-05-12,79,18.33
37,Pantoprazole 40mg,Gastrointestinal,2026-05-13,85,18.33
37,Pantoprazole 40mg,Gastrointestinal,2026-05-14,77,18.33
37,Pantoprazole 40mg,Gastrointestinal,2026-05-15,71,18.33
37,Pantoprazole 40mg,Gastrointestinal,2026-05-16,64,18.33
37,Pantoprazole 40mg,Gastrointestinal,2026-05-17,43,18.33
37,Pantoprazole 40mg,Gastrointestinal,2026-05-18,82,18.33
37,Pantoprazole 40mg,Gastrointestinal,2026-05-19,67,18.33
37,Pantoprazole 40mg,Gastrointestinal,2026-05-20,75,18.33
37,Pantoprazole 40mg,Gastrointestinal,2026-05-21,69,18.33
37,Pantoprazole 40mg,Gastrointestinal,2026-05-22,70,18.33
37,Pantoprazole 40mg,Gastrointestinal,2026-05-23,42,18.33
37,Pantoprazole 40mg,Gastrointestinal,2026-05-24,62,18.33
37,Pantoprazole 40mg,Gastrointestinal,2026-05-25,62,18.33
37,Pantoprazole 40mg,Gastrointestinal,2026-05-26,62,18.33
37,Pantoprazole 40mg,Gastrointestinal,2026-05-27,95,18.33
37,Pantoprazole 40mg,Gastrointestinal,2026-05-28,82,18.33
37,Pantoprazole 40mg,Gastrointestinal,2026-05-29,42,18.33
37,Pantoprazole 40mg,Gastrointestinal,2026-05-30,40,18.33
37,Pantoprazole 40mg,Gastrointestinal,2026-05-31,25,18.33
37,Pantoprazole 40mg,Gastrointestinal,2026-06-01,59,18.33
37,Pantoprazole 40mg,Gastrointestinal,2026-06-02,33,18.33
37,Pantoprazole 40mg,Gastrointestinal,2026-06-03,69,18.33
37,Pantoprazole 40mg,Gastrointestinal,2026-06-04,57,18.33
37,Pantoprazole 40mg,Gastrointestinal,2026-06-05,71,18.33
37,Pantoprazole 40mg,Gastrointestinal,2026-06-06,28,18.33
37,Pantoprazole 40mg,Gastrointestinal,2026-06-07,48,18.33
37,Pantoprazole 40mg,Gastrointestinal,2026-06-08,65,18.33
37,Pantoprazole 40mg,Gastrointestinal,2026-06-09,88,18.33
37,Pantoprazole 40mg,Gastrointestinal,2026-06-10,87,18.33
37,Pantoprazole 40mg,Gastrointestinal,2026-06-11,79,18.33
37,Pantoprazole 40mg,Gastrointestinal,2026-06-12,66,18.33
37,Pantoprazole 40mg,Gastrointestinal,2026-06-13,70,18.33
37,Pantoprazole 40mg,Gastrointestinal,2026-06-14,28,18.33
37,Pantoprazole 40mg,Gastrointestinal,2026-06-15,54,18.33
37,Pantoprazole 40mg,Gastrointestinal,2026-06-16,69,18.33
37,Pantoprazole 40mg,Gastrointestinal,2026-06-17,96,18.33
37,Pantoprazole 40mg,Gastrointestinal,2026-06-18,68,18.33
37,Pantoprazole 40mg,Gastrointestinal,2026-06-19,68,18.33
37,Pantoprazole 40mg,Gastrointestinal,2026-06-20,30,18.33
37,Pantoprazole 40mg,Gastrointestinal,2026-06-21,58,18.33
37,Pantoprazole 40mg,Gastrointestinal,2026-06-22,81,18.33
37,Pantoprazole 40mg,Gastrointestinal,2026-06-23,79,18.33
37,Pantoprazole 40mg,Gastrointestinal,2026-06-24,63,18.33
37,Pantoprazole 40mg,Gastrointestinal,2026-06-25,62,18.33
37,Pantoprazole 40mg,Gastrointestinal,2026-06-26,55,18.33
37,Pantoprazole 40mg,Gastrointestinal,2026-06-27,48,18.33
37,Pantoprazole 40mg,Gastrointestinal,2026-06-28,34,18.33
37,Pantoprazole 40mg,Gastrointestinal,2026-06-29,56,18.33
37,Pantoprazole 40mg,Gastrointestinal,2026-06-30,65,18.33
37,Pantoprazole 40mg,Gastrointestinal,2026-07-01,64,18.33
37,Pantoprazole 40mg,Gastrointestinal,2026-07-02,64,18.33
37,Pantoprazole 40mg,Gastrointestinal,2026-07-03,76,18.33
37,Pantoprazole 40mg,Gastrointestinal,2026-07-04,48,18.33
37,Pantoprazole 40mg,Gastrointestinal,2026-07-05,43,18.33
37,Pantoprazole 40mg,Gastrointestinal,2026-07-06,72,18.33
37,Pantoprazole 40mg,Gastrointestinal,2026-07-07,59,18.33
37,Pantoprazole 40mg,Gastrointestinal,2026-07-08,71,18.33
37,Pantoprazole 40mg,Gastrointestinal,2026-07-09,72,18.33
37,Pantoprazole 40mg,Gastrointestinal,2026-07-10,53,18.33
37,Pantoprazole 40mg,Gastrointestinal,2026-07-11,58,18.33
37,Pantoprazole 40mg,Gastrointestinal,2026-07-12,36,18.33
37,Pantoprazole 40mg,Gastrointestinal,2026-07-13,71,18.33
37,Pantoprazole 40mg,Gastrointestinal,2026-07-14,84,18.33
37,Pantoprazole 40mg,Gastrointestinal,2026-07-15,81,18.33
37,Pantoprazole 40mg,Gastrointestinal,2026-07-16,71,18.33
37,Pantoprazole 40mg,Gastrointestinal,2026-07-17,66,18.33
37,Pantoprazole 40mg,Gastrointestinal,2026-07-18,58,18.33
37,Pantoprazole 40mg,Gastrointestinal,2026-07-19,54,18.33
37,Pantoprazole 40mg,Gastrointestinal,2026-07-20,63,18.33
37,Pantoprazole 40mg,Gastrointestinal,2026-07-21,61,18.33
37,Pantoprazole 40mg,Gastrointestinal,2026-07-22,46,18.33
37,Pantoprazole 40mg,Gastrointestinal,2026-07-23,72,18.33
37,Pantoprazole 40mg,Gastrointestinal,2026-07-24,69,18.33
37,Pantoprazole 40mg,Gastrointestinal,2026-07-25,60,18.33
37,Pantoprazole 40mg,Gastrointestinal,2026-07-26,51,18.33
37,Pantoprazole 40mg,Gastrointestinal,2026-07-27,86,18.33
37,Pantoprazole 40mg,Gastrointestinal,2026-07-28,62,18.33
37,Pantoprazole 40mg,Gastrointestinal,2026-07-29,83,18.33
37,Pantoprazole 40mg,Gastrointestinal,2026-07-30,64,18.33
37,Pantoprazole 40mg,Gastrointestinal,2026-07-31,79,18.33
37,Pantoprazole 40mg,Gastrointestinal,2026-08-01,30,18.33
37,Pantoprazole 40mg,Gastrointestinal,2026-08-02,49,18.33
37,Pantoprazole 40mg,Gastrointestinal,2026-08-03,47,18.33
37,Pantoprazole 40mg,Gastrointestinal,2026-08-04,67,18.33
37,Pantoprazole 40mg,Gastrointestinal,2026-08-05,75,18.33
37,Pantoprazole 40mg,Gastrointestinal,2026-08-06,64,18.33
37,Pantoprazole 40mg,Gastrointestinal,2026-08-07,58,18.33
37,Pantoprazole 40mg,Gastrointestinal,2026-08-08,56,18.33
37,Pantoprazole 40mg,Gastrointestinal,2026-08-09,45,18.33
37,Pantoprazole 40mg,Gastrointestinal,2026-08-10,64,18.33
37,Pantoprazole 40mg,Gastrointestinal,2026-08-11,71,18.33
37,Pantoprazole 40mg,Gastrointestinal,2026-08-12,101,18.33
37,Pantoprazole 40mg,Gastrointestinal,2026-08-13,84,18.33
37,Pantoprazole 40mg,Gastrointestinal,2026-08-14,84,18.33
37,Pantoprazole 40mg,Gastrointestinal,2026-08-15,52,18.33
37,Pantoprazole 40mg,Gastrointestinal,2026-08-16,49,18.33
37,Pantoprazole 40mg,Gastrointestinal,2026-08-17,42,18.33
37,Pantoprazole 40mg,Gastrointestinal,2026-08-18,62,18.33
37,Pantoprazole 40mg,Gastrointestinal,2026-08-19,65,18.33
37,Pantoprazole 40mg,Gastrointestinal,2026-08-20,48,18.33
37,Pantoprazole 40mg,Gastrointestinal,2026-08-21,57,18.33
37,Pantoprazole 40mg,Gastrointestinal,2026-08-22,23,18.33
37,Pantoprazole 40mg,Gastrointestinal,2026-08-23,46,18.33
37,Pantoprazole 40mg,Gastrointestinal,2026-08-24,80,18.33
37,Pantoprazole 40mg,Gastrointestinal,2026-08-25,83,18.33
37,Pantoprazole 40mg,Gastrointestinal,2026-08-26,75,18.33
37,Pantoprazole 40mg,Gastrointestinal,2026-08-27,59,18.33
37,Pantoprazole 40mg,Gastrointestinal,2026-08-28,48,18.33
37,Pantoprazole 40mg,Gastrointestinal,2026-08-29,26,18.33
37,Pantoprazole 40mg,Gastrointestinal,2026-08-30,32,18.33
37,Pantoprazole 40mg,Gastrointestinal,2026-08-31,60,18.33
37,Pantoprazole 40mg,Gastrointestinal,2026-09-01,50,18.33
37,Pantoprazole 40mg,Gastrointestinal,2026-09-02,40,18.33
37,Pantoprazole 40mg,Gastrointestinal,2026-09-03,56,18.33
37,Pantoprazole 40mg,Gastrointestinal,2026-09-04,49,18.33
37,Pantoprazole 40mg,Gastrointestinal,2026-09-05,35,18.33
37,Pantoprazole 40mg,Gastrointestinal,2026-09-06,48,18.33
37,Pantoprazole 40mg,Gastrointestinal,2026-09-07,38,18.33
37,Pantoprazole 40mg,Gastrointestinal,2026-09-08,57,18.33
37,Pantoprazole 40mg,Gastrointestinal,2026-09-09,52,18.33
37,Pantoprazole 40mg,Gastrointestinal,2026-09-10,48,18.33
37,Pantoprazole 40mg,Gastrointestinal,2026-09-11,62,18.33
37,Pantoprazole 40mg,Gastrointestinal,2026-09-12,45,18.33
37,Pantoprazole 40mg,Gastrointestinal,2026-09-13,23,18.33
37,Pantoprazole 40mg,Gastrointestinal,2026-09-14,50,18.33
37,Pantoprazole 40mg,Gastrointestinal,2026-09-15,55,18.33
37,Pantoprazole 40mg,Gastrointestinal,2026-09-16,49,18.33
37,Pantoprazole 40mg,Gastrointestinal,2026-09-17,59,18.33
37,Pantoprazole 40mg,Gastrointestinal,2026-09-18,55,18.33
37,Pantoprazole 40mg,Gastrointestinal,2026-09-19,56,18.33
37,Pantoprazole 40mg,Gastrointestinal,2026-09-20,17,18.33
37,Pantoprazole 40mg,Gastrointestinal,2026-09-21,50,18.33
37,Pantoprazole 40mg,Gastrointestinal,2026-09-22,41,18.33
37,Pantoprazole 40mg,Gastrointestinal,2026-09-23,59,18.33
37,Pantoprazole 40mg,Gastrointestinal,2026-09-24,33,18.33
37,Pantoprazole 40mg,Gastrointestinal,2026-09-25,56,18.33
38,Ondansetron 4mg,Gastrointestinal,2026-02-18,52,26.97
38,Ondansetron 4mg,Gastrointestinal,2026-02-19,50,26.97
38,Ondansetron 4mg,Gastrointestinal,2026-02-20,38,26.97
38,Ondansetron 4mg,Gastrointestinal,2026-02-21,34,26.97
38,Ondansetron 4mg,Gastrointestinal,2026-02-22,60,26.97
38,Ondansetron 4mg,Gastrointestinal,2026-02-23,62,26.97
38,Ondansetron 4mg,Gastrointestinal,2026-02-24,73,26.97
38,Ondansetron 4mg,Gastrointestinal,2026-02-25,91,26.97
38,Ondansetron 4mg,Gastrointestinal,2026-02-26,67,26.97
38,Ondansetron 4mg,Gastrointestinal,2026-02-27,53,26.97
38,Ondansetron 4mg,Gastrointestinal,2026-02-28,50,26.97
38,Ondansetron 4mg,Gastrointestinal,2026-03-01,32,26.97
38,Ondansetron 4mg,Gastrointestinal,2026-03-02,54,26.97
38,Ondansetron 4mg,Gastrointestinal,2026-03-03,37,26.97
38,Ondansetron 4mg,Gastrointestinal,2026-03-04,78,26.97
38,Ondansetron 4mg,Gastrointestinal,2026-03-05,56,26.97
38,Ondansetron 4mg,Gastrointestinal,2026-03-06,66,26.97
38,Ondansetron 4mg,Gastrointestinal,2026-03-07,24,26.97
38,Ondansetron 4mg,Gastrointestinal,2026-03-08,49,26.97
38,Ondansetron 4mg,Gastrointestinal,2026-03-09,50,26.97
38,Ondansetron 4mg,Gastrointestinal,2026-03-10,60,26.97
38,Ondansetron 4mg,Gastrointestinal,2026-03-11,78,26.97
38,Ondansetron 4mg,Gastrointestinal,2026-03-12,76,26.97
38,Ondansetron 4mg,Gastrointestinal,2026-03-13,62,26.97
38,Ondansetron 4mg,Gastrointestinal,2026-03-14,12,26.97
38,Ondansetron 4mg,Gastrointestinal,2026-03-15,92,26.97
38,Ondansetron 4mg,Gastrointestinal,2026-03-16,92,26.97
38,Ondansetron 4mg,Gastrointestinal,2026-03-17,75,26.97
38,Ondansetron 4mg,Gastrointestinal,2026-03-18,50,26.97
38,Ondansetron 4mg,Gastrointestinal,2026-03-19,61,26.97
38,Ondansetron 4mg,Gastrointestinal,2026-03-20,54,26.97
38,Ondansetron 4mg,Gastrointestinal,2026-03-21,63,26.97
38,Ondansetron 4mg,Gastrointestinal,2026-03-22,46,26.97
38,Ondansetron 4mg,Gastrointestinal,2026-03-23,49,26.97
38,Ondansetron 4mg,Gastrointestinal,2026-03-24,55,26.97
38,Ondansetron 4mg,Gastrointestinal,2026-03-25,82,26.97
38,Ondansetron 4mg,Gastrointestinal,2026-03-26,90,26.97
38,Ondansetron 4mg,Gastrointestinal,2026-03-27,89,26.97
38,Ondansetron 4mg,Gastrointestinal,2026-03-28,55,26.97
38,Ondansetron 4mg,Gastrointestinal,2026-03-29,37,26.97
38,Ondansetron 4mg,Gastrointestinal,2026-03-30,8,26.97
38,Ondansetron 4mg,Gastrointestinal,2026-03-31,68,26.97
38,Ondansetron 4mg,Gastrointestinal,2026-04-01,63,26.97
38,Ondansetron 4mg,Gastrointestinal,2026-04-02,65,26.97
38,Ondansetron 4mg,Gastrointestinal,2026-04-03,64,26.97
38,Ondansetron 4mg,Gastrointestinal,2026-04-04,19,26.97
38,Ondansetron 4mg,Gastrointestinal,2026-04-05,51,26.97
38,Ondansetron 4mg,Gastrointestinal,2026-04-06,73,26.97
38,Ondansetron 4mg,Gastrointestinal,2026-04-07,74,26.97
38,Ondansetron 4mg,Gastrointestinal,2026-04-08,79,26.97
38,Ondansetron 4mg,Gastrointestinal,2026-04-09,73,26.97
38,Ondansetron 4mg,Gastrointestinal,2026-04-10,56,26.97
38,Ondansetron 4mg,Gastrointestinal,2026-04-11,40,26.97
38,Ondansetron 4mg,Gastrointestinal,2026-04-12,43,26.97
38,Ondansetron 4mg,Gastrointestinal,2026-04-13,65,26.97
38,Ondansetron 4mg,Gastrointestinal,2026-04-14,80,26.97
38,Ondansetron 4mg,Gastrointestinal,2026-04-15,74,26.97
38,Ondansetron 4mg,Gastrointestinal,2026-04-16,98,26.97
38,Ondansetron 4mg,Gastrointestinal,2026-04-17,100,26.97
38,Ondansetron 4mg,Gastrointestinal,2026-04-18,43,26.97
38,Ondansetron 4mg,Gastrointestinal,2026-04-19,0,26.97
38,Ondansetron 4mg,Gastrointestinal,2026-04-20,84,26.97
38,Ondansetron 4mg,Gastrointestinal,2026-04-21,54,26.97
38,Ondansetron 4mg,Gastrointestinal,2026-04-22,49,26.97
38,Ondansetron 4mg,Gastrointestinal,2026-04-23,56,26.97
38,Ondansetron 4mg,Gastrointestinal,2026-04-24,55,26.97
38,Ondansetron 4mg,Gastrointestinal,2026-04-25,52,26.97
38,Ondansetron 4mg,Gastrointestinal,2026-04-26,15,26.97
38,Ondansetron 4mg,Gastrointestinal,2026-04-27,44,26.97
38,Ondansetron 4mg,Gastrointestinal,2026-04-28,69,26.97
38,Ondansetron 4mg,Gastrointestinal,2026-04-29,73,26.97
38,Ondansetron 4mg,Gastrointestinal,2026-04-30,74,26.97
38,Ondansetron 4mg,Gastrointestinal,2026-05-01,72,26.97
38,Ondansetron 4mg,Gastrointestinal,2026-05-02,40,26.97
38,Ondansetron 4mg,Gastrointestinal,2026-05-03,48,26.97
38,Ondansetron 4mg,Gastrointestinal,2026-05-04,89,26.97
38,Ondansetron 4mg,Gastrointestinal,2026-05-05,110,26.97
38,Ondansetron 4mg,Gastrointestinal,2026-05-06,50,26.97
38,Ondansetron 4mg,Gastrointestinal,2026-05-07,81,26.97
38,Ondansetron 4mg,Gastrointestinal,2026-05-08,62,26.97
38,Ondansetron 4mg,Gastrointestinal,2026-05-09,28,26.97
38,Ondansetron 4mg,Gastrointestinal,2026-05-10,73,26.97
38,Ondansetron 4mg,Gastrointestinal,2026-05-11,94,26.97
38,Ondansetron 4mg,Gastrointestinal,2026-05-12,93,26.97
38,Ondansetron 4mg,Gastrointestinal,2026-05-13,101,26.97
38,Ondansetron 4mg,Gastrointestinal,2026-05-14,77,26.97
38,Ondansetron 4mg,Gastrointestinal,2026-05-15,78,26.97
38,Ondansetron 4mg,Gastrointestinal,2026-05-16,94,26.97
38,Ondansetron 4mg,Gastrointestinal,2026-05-17,52,26.97
38,Ondansetron 4mg,Gastrointestinal,2026-05-18,97,26.97
38,Ondansetron 4mg,Gastrointestinal,2026-05-19,85,26.97
38,Ondansetron 4mg,Gastrointestinal,2026-05-20,53,26.97
38,Ondansetron 4mg,Gastrointestinal,2026-05-21,50,26.97
38,Ondansetron 4mg,Gastrointestinal,2026-05-22,75,26.97
38,Ondansetron 4mg,Gastrointestinal,2026-05-23,74,26.97
38,Ondansetron 4mg,Gastrointestinal,2026-05-24,70,26.97
38,Ondansetron 4mg,Gastrointestinal,2026-05-25,100,26.97
38,Ondansetron 4mg,Gastrointestinal,2026-05-26,68,26.97
38,Ondansetron 4mg,Gastrointestinal,2026-05-27,112,26.97
38,Ondansetron 4mg,Gastrointestinal,2026-05-28,68,26.97
38,Ondansetron 4mg,Gastrointestinal,2026-05-29,88,26.97
38,Ondansetron 4mg,Gastrointestinal,2026-05-30,56,26.97
38,Ondansetron 4mg,Gastrointestinal,2026-05-31,53,26.97
38,Ondansetron 4mg,Gastrointestinal,2026-06-01,108,26.97
38,Ondansetron 4mg,Gastrointestinal,2026-06-02,73,26.97
38,Ondansetron 4mg,Gastrointestinal,2026-06-03,62,26.97
38,Ondansetron 4mg,Gastrointestinal,2026-06-04,85,26.97
38,Ondansetron 4mg,Gastrointestinal,2026-06-05,78,26.97
38,Ondansetron 4mg,Gastrointestinal,2026-06-06,114,26.97
38,Ondansetron 4mg,Gastrointestinal,2026-06-07,68,26.97
38,Ondansetron 4mg,Gastrointestinal,2026-06-08,78,26.97
38,Ondansetron 4mg,Gastrointestinal,2026-06-09,67,26.97
38,Ondansetron 4mg,Gastrointestinal,2026-06-10,53,26.97
38,Ondansetron 4mg,Gastrointestinal,2026-06-11,67,26.97
38,Ondansetron 4mg,Gastrointestinal,2026-06-12,87,26.97
38,Ondansetron 4mg,Gastrointestinal,2026-06-13,81,26.97
38,Ondansetron 4mg,Gastrointestinal,2026-06-14,75,26.97
38,Ondansetron 4mg,Gastrointestinal,2026-06-15,89,26.97
38,Ondansetron 4mg,Gastrointestinal,2026-06-16,79,26.97
38,Ondansetron 4mg,Gastrointestinal,2026-06-17,89,26.97
38,Ondansetron 4mg,Gastrointestinal,2026-06-18,76,26.97
38,Ondansetron 4mg,Gastrointestinal,2026-06-19,114,26.97
38,Ondansetron 4mg,Gastrointestinal,2026-06-20,53,26.97
38,Ondansetron 4mg,Gastrointestinal,2026-06-21,55,26.97
38,Ondansetron 4mg,Gastrointestinal,2026-06-22,47,26.97
38,Ondansetron 4mg,Gastrointestinal,2026-06-23,82,26.97
38,Ondansetron 4mg,Gastrointestinal,2026-06-24,99,26.97
38,Ondansetron 4mg,Gastrointestinal,2026-06-25,67,26.97
38,Ondansetron 4mg,Gastrointestinal,2026-06-26,72,26.97
38,Ondansetron 4mg,Gastrointestinal,2026-06-27,70,26.97
38,Ondansetron 4mg,Gastrointestinal,2026-06-28,31,26.97
38,Ondansetron 4mg,Gastrointestinal,2026-06-29,103,26.97
38,Ondansetron 4mg,Gastrointestinal,2026-06-30,76,26.97
38,Ondansetron 4mg,Gastrointestinal,2026-07-01,78,26.97
38,Ondansetron 4mg,Gastrointestinal,2026-07-02,66,26.97
38,Ondansetron 4mg,Gastrointestinal,2026-07-03,91,26.97
38,Ondansetron 4mg,Gastrointestinal,2026-07-04,98,26.97
38,Ondansetron 4mg,Gastrointestinal,2026-07-05,70,26.97
38,Ondansetron 4mg,Gastrointestinal,2026-07-06,70,26.97
38,Ondansetron 4mg,Gastrointestinal,2026-07-07,104,26.97
38,Ondansetron 4mg,Gastrointestinal,2026-07-08,80,26.97
38,Ondansetron 4mg,Gastrointestinal,2026-07-09,108,26.97
38,Ondansetron 4mg,Gastrointestinal,2026-07-10,99,26.97
38,Ondansetron 4mg,Gastrointestinal,2026-07-11,6,26.97
38,Ondansetron 4mg,Gastrointestinal,2026-07-12,39,26.97
38,Ondansetron 4mg,Gastrointestinal,2026-07-13,101,26.97
38,Ondansetron 4mg,Gastrointestinal,2026-07-14,87,26.97
38,Ondansetron 4mg,Gastrointestinal,2026-07-15,67,26.97
38,Ondansetron 4mg,Gastrointestinal,2026-07-16,74,26.97
38,Ondansetron 4mg,Gastrointestinal,2026-07-17,53,26.97
38,Ondansetron 4mg,Gastrointestinal,2026-07-18,55,26.97
38,Ondansetron 4mg,Gastrointestinal,2026-07-19,94,26.97
38,Ondansetron 4mg,Gastrointestinal,2026-07-20,99,26.97
38,Ondansetron 4mg,Gastrointestinal,2026-07-21,122,26.97
38,Ondansetron 4mg,Gastrointestinal,2026-07-22,100,26.97
38,Ondansetron 4mg,Gastrointestinal,2026-07-23,102,26.97
38,Ondansetron 4mg,Gastrointestinal,2026-07-24,118,26.97
38,Ondansetron 4mg,Gastrointestinal,2026-07-25,63,26.97
38,Ondansetron 4mg,Gastrointestinal,2026-07-26,53,26.97
38,Ondansetron 4mg,Gastrointestinal,2026-07-27,102,26.97
38,Ondansetron 4mg,Gastrointestinal,2026-07-28,110,26.97
38,Ondansetron 4mg,Gastrointestinal,2026-07-29,77,26.97
38,Ondansetron 4mg,Gastrointestinal,2026-07-30,73,26.97
38,Ondansetron 4mg,Gastrointestinal,2026-07-31,87,26.97
38,Ondansetron 4mg,Gastrointestinal,2026-08-01,71,26.97
38,Ondansetron 4mg,Gastrointestinal,2026-08-02,70,26.97
38,Ondansetron 4mg,Gastrointestinal,2026-08-03,61,26.97
38,Ondansetron 4mg,Gastrointestinal,2026-08-04,117,26.97
38,Ondansetron 4mg,Gastrointestinal,2026-08-05,74,26.97
38,Ondansetron 4mg,Gastrointestinal,2026-08-06,80,26.97
38,Ondansetron 4mg,Gastrointestinal,2026-08-07,70,26.97
38,Ondansetron 4mg,Gastrointestinal,2026-08-08,102,26.97
38,Ondansetron 4mg,Gastrointestinal,2026-08-09,61,26.97
38,Ondansetron 4mg,Gastrointestinal,2026-08-10,70,26.97
38,Ondansetron 4mg,Gastrointestinal,2026-08-11,100,26.97
38,Ondansetron 4mg,Gastrointestinal,2026-08-12,98,26.97
38,Ondansetron 4mg,Gastrointestinal,2026-08-13,82,26.97
38,Ondansetron 4mg,Gastrointestinal,2026-08-14,99,26.97
38,Ondansetron 4mg,Gastrointestinal,2026-08-15,42,26.97
38,Ondansetron 4mg,Gastrointestinal,2026-08-16,48,26.97
38,Ondansetron 4mg,Gastrointestinal,2026-08-17,51,26.97
38,Ondansetron 4mg,Gastrointestinal,2026-08-18,62,26.97
38,Ondansetron 4mg,Gastrointestinal,2026-08-19,116,26.97
38,Ondansetron 4mg,Gastrointestinal,2026-08-20,113,26.97
38,Ondansetron 4mg,Gastrointestinal,2026-08-21,86,26.97
38,Ondansetron 4mg,Gastrointestinal,2026-08-22,85,26.97
38,Ondansetron 4mg,Gastrointestinal,2026-08-23,54,26.97
38,Ondansetron 4mg,Gastrointestinal,2026-08-24,81,26.97
38,Ondansetron 4mg,Gastrointestinal,2026-08-25,86,26.97
38,Ondansetron 4mg,Gastrointestinal,2026-08-26,83,26.97
38,Ondansetron 4mg,Gastrointestinal,2026-08-27,81,26.97
38,Ondansetron 4mg,Gastrointestinal,2026-08-28,104,26.97
38,Ondansetron 4mg,Gastrointestinal,2026-08-29,59,26.97
38,Ondansetron 4mg,Gastrointestinal,2026-08-30,69,26.97
38,Ondansetron 4mg,Gastrointestinal,2026-08-31,102,26.97
38,Ondansetron 4mg,Gastrointestinal,2026-09-01,69,26.97
38,Ondansetron 4mg,Gastrointestinal,2026-09-02,46,26.97
38,Ondansetron 4mg,Gastrointestinal,2026-09-03,40,26.97
38,Ondansetron 4mg,Gastrointestinal,2026-09-04,65,26.97
38,Ondansetron 4mg,Gastrointestinal,2026-09-05,39,26.97
38,Ondansetron 4mg,Gastrointestinal,2026-09-06,43,26.97
38,Ondansetron 4mg,Gastrointestinal,2026-09-07,62,26.97
38,Ondansetron 4mg,Gastrointestinal,2026-09-08,107,26.97
38,Ondansetron 4mg,Gastrointestinal,2026-09-09,40,26.97
38,Ondansetron 4mg,Gastrointestinal,2026-09-10,29,26.97
38,Ondansetron 4mg,Gastrointestinal,2026-09-11,68,26.97
38,Ondansetron 4mg,Gastrointestinal,2026-09-12,35,26.97
38,Ondansetron 4mg,Gastrointestinal,2026-09-13,47,26.97
38,Ondansetron 4mg,Gastrointestinal,2026-09-14,73,26.97
38,Ondansetron 4mg,Gastrointestinal,2026-09-15,85,26.97
38,Ondansetron 4mg,Gastrointestinal,2026-09-16,37,26.97
38,Ondansetron 4mg,Gastrointestinal,2026-09-17,53,26.97
38,Ondansetron 4mg,Gastrointestinal,2026-09-18,70,26.97
38,Ondansetron 4mg,Gastrointestinal,2026-09-19,55,26.97
38,Ondansetron 4mg,Gastrointestinal,2026-09-20,79,26.97
38,Ondansetron 4mg,Gastrointestinal,2026-09-21,79,26.97
38,Ondansetron 4mg,Gastrointestinal,2026-09-22,62,26.97
38,Ondansetron 4mg,Gastrointestinal,2026-09-23,48,26.97
38,Ondansetron 4mg,Gastrointestinal,2026-09-24,53,26.97
38,Ondansetron 4mg,Gastrointestinal,2026-09-25,53,26.97
39,Domperidone 10mg,Gastrointestinal,2026-02-18,61,12.15
39,Domperidone 10mg,Gastrointestinal,2026-02-19,55,12.15
39,Domperidone 10mg,Gastrointestinal,2026-02-20,32,12.15
39,Domperidone 10mg,Gastrointestinal,2026-02-21,28,12.15
39,Domperidone 10mg,Gastrointestinal,2026-02-22,47,12.15
39,Domperidone 10mg,Gastrointestinal,2026-02-23,57,12.15
39,Domperidone 10mg,Gastrointestinal,2026-02-24,60,12.15
39,Domperidone 10mg,Gastrointestinal,2026-02-25,57,12.15
39,Domperidone 10mg,Gastrointestinal,2026-02-26,75,12.15
39,Domperidone 10mg,Gastrointestinal,2026-02-27,55,12.15
39,Domperidone 10mg,Gastrointestinal,2026-02-28,28,12.15
39,Domperidone 10mg,Gastrointestinal,2026-03-01,21,12.15
39,Domperidone 10mg,Gastrointestinal,2026-03-02,55,12.15
39,Domperidone 10mg,Gastrointestinal,2026-03-03,15,12.15
39,Domperidone 10mg,Gastrointestinal,2026-03-04,49,12.15
39,Domperidone 10mg,Gastrointestinal,2026-03-05,48,12.15
39,Domperidone 10mg,Gastrointestinal,2026-03-06,31,12.15
39,Domperidone 10mg,Gastrointestinal,2026-03-07,20,12.15
39,Domperidone 10mg,Gastrointestinal,2026-03-08,46,12.15
39,Domperidone 10mg,Gastrointestinal,2026-03-09,55,12.15
39,Domperidone 10mg,Gastrointestinal,2026-03-10,53,12.15
39,Domperidone 10mg,Gastrointestinal,2026-03-11,56,12.15
39,Domperidone 10mg,Gastrointestinal,2026-03-12,53,12.15
39,Domperidone 10mg,Gastrointestinal,2026-03-13,70,12.15
39,Domperidone 10mg,Gastrointestinal,2026-03-14,36,12.15
39,Domperidone 10mg,Gastrointestinal,2026-03-15,13,12.15
39,Domperidone 10mg,Gastrointestinal,2026-03-16,75,12.15
39,Domperidone 10mg,Gastrointestinal,2026-03-17,57,12.15
39,Domperidone 10mg,Gastrointestinal,2026-03-18,43,12.15
39,Domperidone 10mg,Gastrointestinal,2026-03-19,33,12.15
39,Domperidone 10mg,Gastrointestinal,2026-03-20,57,12.15
39,Domperidone 10mg,Gastrointestinal,2026-03-21,32,12.15
39,Domperidone 10mg,Gastrointestinal,2026-03-22,57,12.15
39,Domperidone 10mg,Gastrointestinal,2026-03-23,46,12.15
39,Domperidone 10mg,Gastrointestinal,2026-03-24,39,12.15
39,Domperidone 10mg,Gastrointestinal,2026-03-25,65,12.15
39,Domperidone 10mg,Gastrointestinal,2026-03-26,65,12.15
39,Domperidone 10mg,Gastrointestinal,2026-03-27,54,12.15
39,Domperidone 10mg,Gastrointestinal,2026-03-28,44,12.15
39,Domperidone 10mg,Gastrointestinal,2026-03-29,34,12.15
39,Domperidone 10mg,Gastrointestinal,2026-03-30,55,12.15
39,Domperidone 10mg,Gastrointestinal,2026-03-31,69,12.15
39,Domperidone 10mg,Gastrointestinal,2026-04-01,61,12.15
39,Domperidone 10mg,Gastrointestinal,2026-04-02,49,12.15
39,Domperidone 10mg,Gastrointestinal,2026-04-03,71,12.15
39,Domperidone 10mg,Gastrointestinal,2026-04-04,0,12.15
39,Domperidone 10mg,Gastrointestinal,2026-04-05,64,12.15
39,Domperidone 10mg,Gastrointestinal,2026-04-06,26,12.15
39,Domperidone 10mg,Gastrointestinal,2026-04-07,42,12.15
39,Domperidone 10mg,Gastrointestinal,2026-04-08,51,12.15
39,Domperidone 10mg,Gastrointestinal,2026-04-09,49,12.15
39,Domperidone 10mg,Gastrointestinal,2026-04-10,66,12.15
39,Domperidone 10mg,Gastrointestinal,2026-04-11,19,12.15
39,Domperidone 10mg,Gastrointestinal,2026-04-12,38,12.15
39,Domperidone 10mg,Gastrointestinal,2026-04-13,43,12.15
39,Domperidone 10mg,Gastrointestinal,2026-04-14,56,12.15
39,Domperidone 10mg,Gastrointestinal,2026-04-15,50,12.15
39,Domperidone 10mg,Gastrointestinal,2026-04-16,53,12.15
39,Domperidone 10mg,Gastrointestinal,2026-04-17,43,12.15
39,Domperidone 10mg,Gastrointestinal,2026-04-18,27,12.15
39,Domperidone 10mg,Gastrointestinal,2026-04-19,38,12.15
39,Domperidone 10mg,Gastrointestinal,2026-04-20,65,12.15
39,Domperidone 10mg,Gastrointestinal,2026-04-21,43,12.15
39,Domperidone 10mg,Gastrointestinal,2026-04-22,39,12.15
39,Domperidone 10mg,Gastrointestinal,2026-04-23,60,12.15
39,Domperidone 10mg,Gastrointestinal,2026-04-24,51,12.15
39,Domperidone 10mg,Gastrointestinal,2026-04-25,46,12.15
39,Domperidone 10mg,Gastrointestinal,2026-04-26,21,12.15
39,Domperidone 10mg,Gastrointestinal,2026-04-27,25,12.15
39,Domperidone 10mg,Gastrointestinal,2026-04-28,44,12.15
39,Domperidone 10mg,Gastrointestinal,2026-04-29,40,12.15
39,Domperidone 10mg,Gastrointestinal,2026-04-30,50,12.15
39,Domperidone 10mg,Gastrointestinal,2026-05-01,60,12.15
39,Domperidone 10mg,Gastrointestinal,2026-05-02,57,12.15
39,Domperidone 10mg,Gastrointestinal,2026-05-03,42,12.15
39,Domperidone 10mg,Gastrointestinal,2026-05-04,72,12.15
39,Domperidone 10mg,Gastrointestinal,2026-05-05,72,12.15
39,Domperidone 10mg,Gastrointestinal,2026-05-06,72,12.15
39,Domperidone 10mg,Gastrointestinal,2026-05-07,69,12.15
39,Domperidone 10mg,Gastrointestinal,2026-05-08,77,12.15
39,Domperidone 10mg,Gastrointestinal,2026-05-09,35,12.15
39,Domperidone 10mg,Gastrointestinal,2026-05-10,67,12.15
39,Domperidone 10mg,Gastrointestinal,2026-05-11,66,12.15
39,Domperidone 10mg,Gastrointestinal,2026-05-12,50,12.15
39,Domperidone 10mg,Gastrointestinal,2026-05-13,72,12.15
39,Domperidone 10mg,Gastrointestinal,2026-05-14,57,12.15
39,Domperidone 10mg,Gastrointestinal,2026-05-15,79,12.15
39,Domperidone 10mg,Gastrointestinal,2026-05-16,79,12.15
39,Domperidone 10mg,Gastrointestinal,2026-05-17,35,12.15
39,Domperidone 10mg,Gastrointestinal,2026-05-18,75,12.15
39,Domperidone 10mg,Gastrointestinal,2026-05-19,44,12.15
39,Domperidone 10mg,Gastrointestinal,2026-05-20,76,12.15
39,Domperidone 10mg,Gastrointestinal,2026-05-21,57,12.15
39,Domperidone 10mg,Gastrointestinal,2026-05-22,60,12.15
39,Domperidone 10mg,Gastrointestinal,2026-05-23,30,12.15
39,Domperidone 10mg,Gastrointestinal,2026-05-24,57,12.15
39,Domperidone 10mg,Gastrointestinal,2026-05-25,84,12.15
39,Domperidone 10mg,Gastrointestinal,2026-05-26,70,12.15
39,Domperidone 10mg,Gastrointestinal,2026-05-27,57,12.15
39,Domperidone 10mg,Gastrointestinal,2026-05-28,93,12.15
39,Domperidone 10mg,Gastrointestinal,2026-05-29,59,12.15
39,Domperidone 10mg,Gastrointestinal,2026-05-30,14,12.15
39,Domperidone 10mg,Gastrointestinal,2026-05-31,53,12.15
39,Domperidone 10mg,Gastrointestinal,2026-06-01,53,12.15
39,Domperidone 10mg,Gastrointestinal,2026-06-02,84,12.15
39,Domperidone 10mg,Gastrointestinal,2026-06-03,64,12.15
39,Domperidone 10mg,Gastrointestinal,2026-06-04,79,12.15
39,Domperidone 10mg,Gastrointestinal,2026-06-05,90,12.15
39,Domperidone 10mg,Gastrointestinal,2026-06-06,28,12.15
39,Domperidone 10mg,Gastrointestinal,2026-06-07,38,12.15
39,Domperidone 10mg,Gastrointestinal,2026-06-08,69,12.15
39,Domperidone 10mg,Gastrointestinal,2026-06-09,92,12.15
39,Domperidone 10mg,Gastrointestinal,2026-06-10,60,12.15
39,Domperidone 10mg,Gastrointestinal,2026-06-11,61,12.15
39,Domperidone 10mg,Gastrointestinal,2026-06-12,77,12.15
39,Domperidone 10mg,Gastrointestinal,2026-06-13,38,12.15
39,Domperidone 10mg,Gastrointestinal,2026-06-14,48,12.15
39,Domperidone 10mg,Gastrointestinal,2026-06-15,47,12.15
39,Domperidone 10mg,Gastrointestinal,2026-06-16,102,12.15
39,Domperidone 10mg,Gastrointestinal,2026-06-17,50,12.15
39,Domperidone 10mg,Gastrointestinal,2026-06-18,65,12.15
39,Domperidone 10mg,Gastrointestinal,2026-06-19,69,12.15
39,Domperidone 10mg,Gastrointestinal,2026-06-20,74,12.15
39,Domperidone 10mg,Gastrointestinal,2026-06-21,27,12.15
39,Domperidone 10mg,Gastrointestinal,2026-06-22,99,12.15
39,Domperidone 10mg,Gastrointestinal,2026-06-23,81,12.15
39,Domperidone 10mg,Gastrointestinal,2026-06-24,76,12.15
39,Domperidone 10mg,Gastrointestinal,2026-06-25,55,12.15
39,Domperidone 10mg,Gastrointestinal,2026-06-26,78,12.15
39,Domperidone 10mg,Gastrointestinal,2026-06-27,36,12.15
39,Domperidone 10mg,Gastrointestinal,2026-06-28,65,12.15
39,Domperidone 10mg,Gastrointestinal,2026-06-29,55,12.15
39,Domperidone 10mg,Gastrointestinal,2026-06-30,68,12.15
39,Domperidone 10mg,Gastrointestinal,2026-07-01,61,12.15
39,Domperidone 10mg,Gastrointestinal,2026-07-02,55,12.15
39,Domperidone 10mg,Gastrointestinal,2026-07-03,81,12.15
39,Domperidone 10mg,Gastrointestinal,2026-07-04,54,12.15
39,Domperidone 10mg,Gastrointestinal,2026-07-05,64,12.15
39,Domperidone 10mg,Gastrointestinal,2026-07-06,43,12.15
39,Domperidone 10mg,Gastrointestinal,2026-07-07,85,12.15
39,Domperidone 10mg,Gastrointestinal,2026-07-08,107,12.15
39,Domperidone 10mg,Gastrointestinal,2026-07-09,63,12.15
39,Domperidone 10mg,Gastrointestinal,2026-07-10,98,12.15
39,Domperidone 10mg,Gastrointestinal,2026-07-11,42,12.15
39,Domperidone 10mg,Gastrointestinal,2026-07-12,26,12.15
39,Domperidone 10mg,Gastrointestinal,2026-07-13,65,12.15
39,Domperidone 10mg,Gastrointestinal,2026-07-14,85,12.15
39,Domperidone 10mg,Gastrointestinal,2026-07-15,57,12.15
39,Domperidone 10mg,Gastrointestinal,2026-07-16,61,12.15
39,Domperidone 10mg,Gastrointestinal,2026-07-17,78,12.15
39,Domperidone 10mg,Gastrointestinal,2026-07-18,46,12.15
39,Domperidone 10mg,Gastrointestinal,2026-07-19,55,12.15
39,Domperidone 10mg,Gastrointestinal,2026-07-20,73,12.15
39,Domperidone 10mg,Gastrointestinal,2026-07-21,77,12.15
39,Domperidone 10mg,Gastrointestinal,2026-07-22,63,12.15
39,Domperidone 10mg,Gastrointestinal,2026-07-23,73,12.15
39,Domperidone 10mg,Gastrointestinal,2026-07-24,56,12.15
39,Domperidone 10mg,Gastrointestinal,2026-07-25,65,12.15
39,Domperidone 10mg,Gastrointestinal,2026-07-26,37,12.15
39,Domperidone 10mg,Gastrointestinal,2026-07-27,86,12.15
39,Domperidone 10mg,Gastrointestinal,2026-07-28,66,12.15
39,Domperidone 10mg,Gastrointestinal,2026-07-29,73,12.15
39,Domperidone 10mg,Gastrointestinal,2026-07-30,62,12.15
39,Domperidone 10mg,Gastrointestinal,2026-07-31,55,12.15
39,Domperidone 10mg,Gastrointestinal,2026-08-01,21,12.15
39,Domperidone 10mg,Gastrointestinal,2026-08-02,31,12.15
39,Domperidone 10mg,Gastrointestinal,2026-08-03,65,12.15
39,Domperidone 10mg,Gastrointestinal,2026-08-04,73,12.15
39,Domperidone 10mg,Gastrointestinal,2026-08-05,85,12.15
39,Domperidone 10mg,Gastrointestinal,2026-08-06,63,12.15
39,Domperidone 10mg,Gastrointestinal,2026-08-07,57,12.15
39,Domperidone 10mg,Gastrointestinal,2026-08-08,25,12.15
39,Domperidone 10mg,Gastrointestinal,2026-08-09,53,12.15
39,Domperidone 10mg,Gastrointestinal,2026-08-10,90,12.15
39,Domperidone 10mg,Gastrointestinal,2026-08-11,88,12.15
39,Domperidone 10mg,Gastrointestinal,2026-08-12,80,12.15
39,Domperidone 10mg,Gastrointestinal,2026-08-13,79,12.15
39,Domperidone 10mg,Gastrointestinal,2026-08-14,95,12.15
39,Domperidone 10mg,Gastrointestinal,2026-08-15,51,12.15
39,Domperidone 10mg,Gastrointestinal,2026-08-16,56,12.15
39,Domperidone 10mg,Gastrointestinal,2026-08-17,65,12.15
39,Domperidone 10mg,Gastrointestinal,2026-08-18,50,12.15
39,Domperidone 10mg,Gastrointestinal,2026-08-19,60,12.15
39,Domperidone 10mg,Gastrointestinal,2026-08-20,69,12.15
39,Domperidone 10mg,Gastrointestinal,2026-08-21,71,12.15
39,Domperidone 10mg,Gastrointestinal,2026-08-22,75,12.15
39,Domperidone 10mg,Gastrointestinal,2026-08-23,47,12.15
39,Domperidone 10mg,Gastrointestinal,2026-08-24,87,12.15
39,Domperidone 10mg,Gastrointestinal,2026-08-25,63,12.15
39,Domperidone 10mg,Gastrointestinal,2026-08-26,65,12.15
39,Domperidone 10mg,Gastrointestinal,2026-08-27,50,12.15
39,Domperidone 10mg,Gastrointestinal,2026-08-28,59,12.15
39,Domperidone 10mg,Gastrointestinal,2026-08-29,54,12.15
39,Domperidone 10mg,Gastrointestinal,2026-08-30,46,12.15
39,Domperidone 10mg,Gastrointestinal,2026-08-31,84,12.15
39,Domperidone 10mg,Gastrointestinal,2026-09-01,54,12.15
39,Domperidone 10mg,Gastrointestinal,2026-09-02,46,12.15
39,Domperidone 10mg,Gastrointestinal,2026-09-03,83,12.15
39,Domperidone 10mg,Gastrointestinal,2026-09-04,50,12.15
39,Domperidone 10mg,Gastrointestinal,2026-09-05,51,12.15
39,Domperidone 10mg,Gastrointestinal,2026-09-06,28,12.15
39,Domperidone 10mg,Gastrointestinal,2026-09-07,62,12.15
39,Domperidone 10mg,Gastrointestinal,2026-09-08,65,12.15
39,Domperidone 10mg,Gastrointestinal,2026-09-09,55,12.15
39,Domperidone 10mg,Gastrointestinal,2026-09-10,17,12.15
39,Domperidone 10mg,Gastrointestinal,2026-09-11,52,12.15
39,Domperidone 10mg,Gastrointestinal,2026-09-12,52,12.15
39,Domperidone 10mg,Gastrointestinal,2026-09-13,42,12.15
39,Domperidone 10mg,Gastrointestinal,2026-09-14,58,12.15
39,Domperidone 10mg,Gastrointestinal,2026-09-15,26,12.15
39,Domperidone 10mg,Gastrointestinal,2026-09-16,41,12.15
39,Domperidone 10mg,Gastrointestinal,2026-09-17,58,12.15
39,Domperidone 10mg,Gastrointestinal,2026-09-18,57,12.15
39,Domperidone 10mg,Gastrointestinal,2026-09-19,52,12.15
39,Domperidone 10mg,Gastrointestinal,2026-09-20,32,12.15
39,Domperidone 10mg,Gastrointestinal,2026-09-21,57,12.15
39,Domperidone 10mg,Gastrointestinal,2026-09-22,52,12.15
39,Domperidone 10mg,Gastrointestinal,2026-09-23,37,12.15
39,Domperidone 10mg,Gastrointestinal,2026-09-24,18,12.15
39,Domperidone 10mg,Gastrointestinal,2026-09-25,58,12.15
40,Sucralfate 1g Suspension,Gastrointestinal,2026-02-18,67,32.05
40,Sucralfate 1g Suspension,Gastrointestinal,2026-02-19,59,32.05
40,Sucralfate 1g Suspension,Gastrointestinal,2026-02-20,48,32.05
40,Sucralfate 1g Suspension,Gastrointestinal,2026-02-21,50,32.05
40,Sucralfate 1g Suspension,Gastrointestinal,2026-02-22,40,32.05
40,Sucralfate 1g Suspension,Gastrointestinal,2026-02-23,71,32.05
40,Sucralfate 1g Suspension,Gastrointestinal,2026-02-24,85,32.05
40,Sucralfate 1g Suspension,Gastrointestinal,2026-02-25,42,32.05
40,Sucralfate 1g Suspension,Gastrointestinal,2026-02-26,58,32.05
40,Sucralfate 1g Suspension,Gastrointestinal,2026-02-27,63,32.05
40,Sucralfate 1g Suspension,Gastrointestinal,2026-02-28,59,32.05
40,Sucralfate 1g Suspension,Gastrointestinal,2026-03-01,26,32.05
40,Sucralfate 1g Suspension,Gastrointestinal,2026-03-02,86,32.05
40,Sucralfate 1g Suspension,Gastrointestinal,2026-03-03,67,32.05
40,Sucralfate 1g Suspension,Gastrointestinal,2026-03-04,64,32.05
40,Sucralfate 1g Suspension,Gastrointestinal,2026-03-05,63,32.05
40,Sucralfate 1g Suspension,Gastrointestinal,2026-03-06,61,32.05
40,Sucralfate 1g Suspension,Gastrointestinal,2026-03-07,54,32.05
40,Sucralfate 1g Suspension,Gastrointestinal,2026-03-08,32,32.05
40,Sucralfate 1g Suspension,Gastrointestinal,2026-03-09,69,32.05
40,Sucralfate 1g Suspension,Gastrointestinal,2026-03-10,61,32.05
40,Sucralfate 1g Suspension,Gastrointestinal,2026-03-11,57,32.05
40,Sucralfate 1g Suspension,Gastrointestinal,2026-03-12,93,32.05
40,Sucralfate 1g Suspension,Gastrointestinal,2026-03-13,70,32.05
40,Sucralfate 1g Suspension,Gastrointestinal,2026-03-14,50,32.05
40,Sucralfate 1g Suspension,Gastrointestinal,2026-03-15,55,32.05
40,Sucralfate 1g Suspension,Gastrointestinal,2026-03-16,50,32.05
40,Sucralfate 1g Suspension,Gastrointestinal,2026-03-17,84,32.05
40,Sucralfate 1g Suspension,Gastrointestinal,2026-03-18,38,32.05
40,Sucralfate 1g Suspension,Gastrointestinal,2026-03-19,57,32.05
40,Sucralfate 1g Suspension,Gastrointestinal,2026-03-20,60,32.05
40,Sucralfate 1g Suspension,Gastrointestinal,2026-03-21,49,32.05
40,Sucralfate 1g Suspension,Gastrointestinal,2026-03-22,46,32.05
40,Sucralfate 1g Suspension,Gastrointestinal,2026-03-23,63,32.05
40,Sucralfate 1g Suspension,Gastrointestinal,2026-03-24,65,32.05
40,Sucralfate 1g Suspension,Gastrointestinal,2026-03-25,55,32.05
40,Sucralfate 1g Suspension,Gastrointestinal,2026-03-26,49,32.05
40,Sucralfate 1g Suspension,Gastrointestinal,2026-03-27,73,32.05
40,Sucralfate 1g Suspension,Gastrointestinal,2026-03-28,51,32.05
40,Sucralfate 1g Suspension,Gastrointestinal,2026-03-29,60,32.05
40,Sucralfate 1g Suspension,Gastrointestinal,2026-03-30,57,32.05
40,Sucralfate 1g Suspension,Gastrointestinal,2026-03-31,73,32.05
40,Sucralfate 1g Suspension,Gastrointestinal,2026-04-01,62,32.05
40,Sucralfate 1g Suspension,Gastrointestinal,2026-04-02,78,32.05
40,Sucralfate 1g Suspension,Gastrointestinal,2026-04-03,76,32.05
40,Sucralfate 1g Suspension,Gastrointestinal,2026-04-04,46,32.05
40,Sucralfate 1g Suspension,Gastrointestinal,2026-04-05,40,32.05
40,Sucralfate 1g Suspension,Gastrointestinal,2026-04-06,75,32.05
40,Sucralfate 1g Suspension,Gastrointestinal,2026-04-07,72,32.05
40,Sucralfate 1g Suspension,Gastrointestinal,2026-04-08,58,32.05
40,Sucralfate 1g Suspension,Gastrointestinal,2026-04-09,51,32.05
40,Sucralfate 1g Suspension,Gastrointestinal,2026-04-10,62,32.05
40,Sucralfate 1g Suspension,Gastrointestinal,2026-04-11,59,32.05
40,Sucralfate 1g Suspension,Gastrointestinal,2026-04-12,55,32.05
40,Sucralfate 1g Suspension,Gastrointestinal,2026-04-13,53,32.05
40,Sucralfate 1g Suspension,Gastrointestinal,2026-04-14,53,32.05
40,Sucralfate 1g Suspension,Gastrointestinal,2026-04-15,79,32.05
40,Sucralfate 1g Suspension,Gastrointestinal,2026-04-16,53,32.05
40,Sucralfate 1g Suspension,Gastrointestinal,2026-04-17,71,32.05
40,Sucralfate 1g Suspension,Gastrointestinal,2026-04-18,37,32.05
40,Sucralfate 1g Suspension,Gastrointestinal,2026-04-19,61,32.05
40,Sucralfate 1g Suspension,Gastrointestinal,2026-04-20,57,32.05
40,Sucralfate 1g Suspension,Gastrointestinal,2026-04-21,77,32.05
40,Sucralfate 1g Suspension,Gastrointestinal,2026-04-22,67,32.05
40,Sucralfate 1g Suspension,Gastrointestinal,2026-04-23,68,32.05
40,Sucralfate 1g Suspension,Gastrointestinal,2026-04-24,44,32.05
40,Sucralfate 1g Suspension,Gastrointestinal,2026-04-25,20,32.05
40,Sucralfate 1g Suspension,Gastrointestinal,2026-04-26,41,32.05
40,Sucralfate 1g Suspension,Gastrointestinal,2026-04-27,68,32.05
40,Sucralfate 1g Suspension,Gastrointestinal,2026-04-28,53,32.05
40,Sucralfate 1g Suspension,Gastrointestinal,2026-04-29,54,32.05
40,Sucralfate 1g Suspension,Gastrointestinal,2026-04-30,71,32.05
40,Sucralfate 1g Suspension,Gastrointestinal,2026-05-01,94,32.05
40,Sucralfate 1g Suspension,Gastrointestinal,2026-05-02,57,32.05
40,Sucralfate 1g Suspension,Gastrointestinal,2026-05-03,67,32.05
40,Sucralfate 1g Suspension,Gastrointestinal,2026-05-04,76,32.05
40,Sucralfate 1g Suspension,Gastrointestinal,2026-05-05,84,32.05
40,Sucralfate 1g Suspension,Gastrointestinal,2026-05-06,106,32.05
40,Sucralfate 1g Suspension,Gastrointestinal,2026-05-07,89,32.05
40,Sucralfate 1g Suspension,Gastrointestinal,2026-05-08,90,32.05
40,Sucralfate 1g Suspension,Gastrointestinal,2026-05-09,83,32.05
40,Sucralfate 1g Suspension,Gastrointestinal,2026-05-10,44,32.05
40,Sucralfate 1g Suspension,Gastrointestinal,2026-05-11,97,32.05
40,Sucralfate 1g Suspension,Gastrointestinal,2026-05-12,106,32.05
40,Sucralfate 1g Suspension,Gastrointestinal,2026-05-13,85,32.05
40,Sucralfate 1g Suspension,Gastrointestinal,2026-05-14,97,32.05
40,Sucralfate 1g Suspension,Gastrointestinal,2026-05-15,78,32.05
40,Sucralfate 1g Suspension,Gastrointestinal,2026-05-16,51,32.05
40,Sucralfate 1g Suspension,Gastrointestinal,2026-05-17,63,32.05
40,Sucralfate 1g Suspension,Gastrointestinal,2026-05-18,97,32.05
40,Sucralfate 1g Suspension,Gastrointestinal,2026-05-19,100,32.05
40,Sucralfate 1g Suspension,Gastrointestinal,2026-05-20,105,32.05
40,Sucralfate 1g Suspension,Gastrointestinal,2026-05-21,87,32.05
40,Sucralfate 1g Suspension,Gastrointestinal,2026-05-22,101,32.05
40,Sucralfate 1g Suspension,Gastrointestinal,2026-05-23,55,32.05
40,Sucralfate 1g Suspension,Gastrointestinal,2026-05-24,68,32.05
40,Sucralfate 1g Suspension,Gastrointestinal,2026-05-25,90,32.05
40,Sucralfate 1g Suspension,Gastrointestinal,2026-05-26,93,32.05
40,Sucralfate 1g Suspension,Gastrointestinal,2026-05-27,93,32.05
40,Sucralfate 1g Suspension,Gastrointestinal,2026-05-28,71,32.05
40,Sucralfate 1g Suspension,Gastrointestinal,2026-05-29,76,32.05
40,Sucralfate 1g Suspension,Gastrointestinal,2026-05-30,60,32.05
40,Sucralfate 1g Suspension,Gastrointestinal,2026-05-31,41,32.05
40,Sucralfate 1g Suspension,Gastrointestinal,2026-06-01,97,32.05
40,Sucralfate 1g Suspension,Gastrointestinal,2026-06-02,97,32.05
40,Sucralfate 1g Suspension,Gastrointestinal,2026-06-03,92,32.05
40,Sucralfate 1g Suspension,Gastrointestinal,2026-06-04,76,32.05
40,Sucralfate 1g Suspension,Gastrointestinal,2026-06-05,103,32.05
40,Sucralfate 1g Suspension,Gastrointestinal,2026-06-06,80,32.05
40,Sucralfate 1g Suspension,Gastrointestinal,2026-06-07,60,32.05
40,Sucralfate 1g Suspension,Gastrointestinal,2026-06-08,94,32.05
40,Sucralfate 1g Suspension,Gastrointestinal,2026-06-09,90,32.05
40,Sucralfate 1g Suspension,Gastrointestinal,2026-06-10,94,32.05
40,Sucralfate 1g Suspension,Gastrointestinal,2026-06-11,87,32.05
40,Sucralfate 1g Suspension,Gastrointestinal,2026-06-12,88,32.05
40,Sucralfate 1g Suspension,Gastrointestinal,2026-06-13,68,32.05
40,Sucralfate 1g Suspension,Gastrointestinal,2026-06-14,84,32.05
40,Sucralfate 1g Suspension,Gastrointestinal,2026-06-15,73,32.05
40,Sucralfate 1g Suspension,Gastrointestinal,2026-06-16,87,32.05
40,Sucralfate 1g Suspension,Gastrointestinal,2026-06-17,76,32.05
40,Sucralfate 1g Suspension,Gastrointestinal,2026-06-18,105,32.05
40,Sucralfate 1g Suspension,Gastrointestinal,2026-06-19,82,32.05
40,Sucralfate 1g Suspension,Gastrointestinal,2026-06-20,43,32.05
40,Sucralfate 1g Suspension,Gastrointestinal,2026-06-21,65,32.05
40,Sucralfate 1g Suspension,Gastrointestinal,2026-06-22,107,32.05
40,Sucralfate 1g Suspension,Gastrointestinal,2026-06-23,95,32.05
40,Sucralfate 1g Suspension,Gastrointestinal,2026-06-24,90,32.05
40,Sucralfate 1g Suspension,Gastrointestinal,2026-06-25,93,32.05
40,Sucralfate 1g Suspension,Gastrointestinal,2026-06-26,103,32.05
40,Sucralfate 1g Suspension,Gastrointestinal,2026-06-27,49,32.05
40,Sucralfate 1g Suspension,Gastrointestinal,2026-06-28,57,32.05
40,Sucralfate 1g Suspension,Gastrointestinal,2026-06-29,83,32.05
40,Sucralfate 1g Suspension,Gastrointestinal,2026-06-30,76,32.05
40,Sucralfate 1g Suspension,Gastrointestinal,2026-07-01,85,32.05
40,Sucralfate 1g Suspension,Gastrointestinal,2026-07-02,100,32.05
40,Sucralfate 1g Suspension,Gastrointestinal,2026-07-03,94,32.05
40,Sucralfate 1g Suspension,Gastrointestinal,2026-07-04,65,32.05
40,Sucralfate 1g Suspension,Gastrointestinal,2026-07-05,60,32.05
40,Sucralfate 1g Suspension,Gastrointestinal,2026-07-06,94,32.05
40,Sucralfate 1g Suspension,Gastrointestinal,2026-07-07,80,32.05
40,Sucralfate 1g Suspension,Gastrointestinal,2026-07-08,85,32.05
40,Sucralfate 1g Suspension,Gastrointestinal,2026-07-09,90,32.05
40,Sucralfate 1g Suspension,Gastrointestinal,2026-07-10,91,32.05
40,Sucralfate 1g Suspension,Gastrointestinal,2026-07-11,62,32.05
40,Sucralfate 1g Suspension,Gastrointestinal,2026-07-12,57,32.05
40,Sucralfate 1g Suspension,Gastrointestinal,2026-07-13,84,32.05
40,Sucralfate 1g Suspension,Gastrointestinal,2026-07-14,122,32.05
40,Sucralfate 1g Suspension,Gastrointestinal,2026-07-15,98,32.05
40,Sucralfate 1g Suspension,Gastrointestinal,2026-07-16,93,32.05
40,Sucralfate 1g Suspension,Gastrointestinal,2026-07-17,86,32.05
40,Sucralfate 1g Suspension,Gastrointestinal,2026-07-18,54,32.05
40,Sucralfate 1g Suspension,Gastrointestinal,2026-07-19,57,32.05
40,Sucralfate 1g Suspension,Gastrointestinal,2026-07-20,91,32.05
40,Sucralfate 1g Suspension,Gastrointestinal,2026-07-21,68,32.05
40,Sucralfate 1g Suspension,Gastrointestinal,2026-07-22,71,32.05
40,Sucralfate 1g Suspension,Gastrointestinal,2026-07-23,81,32.05
40,Sucralfate 1g Suspension,Gastrointestinal,2026-07-24,90,32.05
40,Sucralfate 1g Suspension,Gastrointestinal,2026-07-25,56,32.05
40,Sucralfate 1g Suspension,Gastrointestinal,2026-07-26,74,32.05
40,Sucralfate 1g Suspension,Gastrointestinal,2026-07-27,72,32.05
40,Sucralfate 1g Suspension,Gastrointestinal,2026-07-28,80,32.05
40,Sucralfate 1g Suspension,Gastrointestinal,2026-07-29,104,32.05
40,Sucralfate 1g Suspension,Gastrointestinal,2026-07-30,90,32.05
40,Sucralfate 1g Suspension,Gastrointestinal,2026-07-31,98,32.05
40,Sucralfate 1g Suspension,Gastrointestinal,2026-08-01,80,32.05
40,Sucralfate 1g Suspension,Gastrointestinal,2026-08-02,51,32.05
40,Sucralfate 1g Suspension,Gastrointestinal,2026-08-03,87,32.05
40,Sucralfate 1g Suspension,Gastrointestinal,2026-08-04,85,32.05
40,Sucralfate 1g Suspension,Gastrointestinal,2026-08-05,67,32.05
40,Sucralfate 1g Suspension,Gastrointestinal,2026-08-06,85,32.05
40,Sucralfate 1g Suspension,Gastrointestinal,2026-08-07,98,32.05
40,Sucralfate 1g Suspension,Gastrointestinal,2026-08-08,64,32.05
40,Sucralfate 1g Suspension,Gastrointestinal,2026-08-09,65,32.05
40,Sucralfate 1g Suspension,Gastrointestinal,2026-08-10,84,32.05
40,Sucralfate 1g Suspension,Gastrointestinal,2026-08-11,81,32.05
40,Sucralfate 1g Suspension,Gastrointestinal,2026-08-12,102,32.05
40,Sucralfate 1g Suspension,Gastrointestinal,2026-08-13,83,32.05
40,Sucralfate 1g Suspension,Gastrointestinal,2026-08-14,91,32.05
40,Sucralfate 1g Suspension,Gastrointestinal,2026-08-15,60,32.05
40,Sucralfate 1g Suspension,Gastrointestinal,2026-08-16,74,32.05
40,Sucralfate 1g Suspension,Gastrointestinal,2026-08-17,99,32.05
40,Sucralfate 1g Suspension,Gastrointestinal,2026-08-18,74,32.05
40,Sucralfate 1g Suspension,Gastrointestinal,2026-08-19,76,32.05
40,Sucralfate 1g Suspension,Gastrointestinal,2026-08-20,94,32.05
40,Sucralfate 1g Suspension,Gastrointestinal,2026-08-21,87,32.05
40,Sucralfate 1g Suspension,Gastrointestinal,2026-08-22,54,32.05
40,Sucralfate 1g Suspension,Gastrointestinal,2026-08-23,69,32.05
40,Sucralfate 1g Suspension,Gastrointestinal,2026-08-24,90,32.05
40,Sucralfate 1g Suspension,Gastrointestinal,2026-08-25,89,32.05
40,Sucralfate 1g Suspension,Gastrointestinal,2026-08-26,96,32.05
40,Sucralfate 1g Suspension,Gastrointestinal,2026-08-27,84,32.05
40,Sucralfate 1g Suspension,Gastrointestinal,2026-08-28,105,32.05
40,Sucralfate 1g Suspension,Gastrointestinal,2026-08-29,50,32.05
40,Sucralfate 1g Suspension,Gastrointestinal,2026-08-30,66,32.05
40,Sucralfate 1g Suspension,Gastrointestinal,2026-08-31,103,32.05
40,Sucralfate 1g Suspension,Gastrointestinal,2026-09-01,51,32.05
40,Sucralfate 1g Suspension,Gastrointestinal,2026-09-02,62,32.05
40,Sucralfate 1g Suspension,Gastrointestinal,2026-09-03,77,32.05
40,Sucralfate 1g Suspension,Gastrointestinal,2026-09-04,78,32.05
40,Sucralfate 1g Suspension,Gastrointestinal,2026-09-05,41,32.05
40,Sucralfate 1g Suspension,Gastrointestinal,2026-09-06,35,32.05
40,Sucralfate 1g Suspension,Gastrointestinal,2026-09-07,75,32.05
40,Sucralfate 1g Suspension,Gastrointestinal,2026-09-08,78,32.05
40,Sucralfate 1g Suspension,Gastrointestinal,2026-09-09,53,32.05
40,Sucralfate 1g Suspension,Gastrointestinal,2026-09-10,52,32.05
40,Sucralfate 1g Suspension,Gastrointestinal,2026-09-11,68,32.05
40,Sucralfate 1g Suspension,Gastrointestinal,2026-09-12,50,32.05
40,Sucralfate 1g Suspension,Gastrointestinal,2026-09-13,40,32.05
40,Sucralfate 1g Suspension,Gastrointestinal,2026-09-14,72,32.05
40,Sucralfate 1g Suspension,Gastrointestinal,2026-09-15,58,32.05
40,Sucralfate 1g Suspension,Gastrointestinal,2026-09-16,43,32.05
40,Sucralfate 1g Suspension,Gastrointestinal,2026-09-17,61,32.05
40,Sucralfate 1g Suspension,Gastrointestinal,2026-09-18,66,32.05
40,Sucralfate 1g Suspension,Gastrointestinal,2026-09-19,40,32.05
40,Sucralfate 1g Suspension,Gastrointestinal,2026-09-20,31,32.05
40,Sucralfate 1g Suspension,Gastrointestinal,2026-09-21,46,32.05
40,Sucralfate 1g Suspension,Gastrointestinal,2026-09-22,60,32.05
40,Sucralfate 1g Suspension,Gastrointestinal,2026-09-23,75,32.05
40,Sucralfate 1g Suspension,Gastrointestinal,2026-09-24,79,32.05
40,Sucralfate 1g Suspension,Gastrointestinal,2026-09-25,78,32.05
41,Lactulose 10g/15ml Solution,Gastrointestinal,2026-02-18,48,34.95
41,Lactulose 10g/15ml Solution,Gastrointestinal,2026-02-19,45,34.95
41,Lactulose 10g/15ml Solution,Gastrointestinal,2026-02-20,61,34.95
41,Lactulose 10g/15ml Solution,Gastrointestinal,2026-02-21,43,34.95
41,Lactulose 10g/15ml Solution,Gastrointestinal,2026-02-22,41,34.95
41,Lactulose 10g/15ml Solution,Gastrointestinal,2026-02-23,36,34.95
41,Lactulose 10g/15ml Solution,Gastrointestinal,2026-02-24,47,34.95
41,Lactulose 10g/15ml Solution,Gastrointestinal,2026-02-25,56,34.95
41,Lactulose 10g/15ml Solution,Gastrointestinal,2026-02-26,61,34.95
41,Lactulose 10g/15ml Solution,Gastrointestinal,2026-02-27,63,34.95
41,Lactulose 10g/15ml Solution,Gastrointestinal,2026-02-28,38,34.95
41,Lactulose 10g/15ml Solution,Gastrointestinal,2026-03-01,40,34.95
41,Lactulose 10g/15ml Solution,Gastrointestinal,2026-03-02,57,34.95
41,Lactulose 10g/15ml Solution,Gastrointestinal,2026-03-03,63,34.95
41,Lactulose 10g/15ml Solution,Gastrointestinal,2026-03-04,59,34.95
41,Lactulose 10g/15ml Solution,Gastrointestinal,2026-03-05,57,34.95
41,Lactulose 10g/15ml Solution,Gastrointestinal,2026-03-06,53,34.95
41,Lactulose 10g/15ml Solution,Gastrointestinal,2026-03-07,38,34.95
41,Lactulose 10g/15ml Solution,Gastrointestinal,2026-03-08,42,34.95
41,Lactulose 10g/15ml Solution,Gastrointestinal,2026-03-09,58,34.95
41,Lactulose 10g/15ml Solution,Gastrointestinal,2026-03-10,60,34.95
41,Lactulose 10g/15ml Solution,Gastrointestinal,2026-03-11,69,34.95
41,Lactulose 10g/15ml Solution,Gastrointestinal,2026-03-12,58,34.95
41,Lactulose 10g/15ml Solution,Gastrointestinal,2026-03-13,50,34.95
41,Lactulose 10g/15ml Solution,Gastrointestinal,2026-03-14,46,34.95
41,Lactulose 10g/15ml Solution,Gastrointestinal,2026-03-15,24,34.95
41,Lactulose 10g/15ml Solution,Gastrointestinal,2026-03-16,45,34.95
41,Lactulose 10g/15ml Solution,Gastrointestinal,2026-03-17,59,34.95
41,Lactulose 10g/15ml Solution,Gastrointestinal,2026-03-18,61,34.95
41,Lactulose 10g/15ml Solution,Gastrointestinal,2026-03-19,44,34.95
41,Lactulose 10g/15ml Solution,Gastrointestinal,2026-03-20,52,34.95
41,Lactulose 10g/15ml Solution,Gastrointestinal,2026-03-21,31,34.95
41,Lactulose 10g/15ml Solution,Gastrointestinal,2026-03-22,32,34.95
41,Lactulose 10g/15ml Solution,Gastrointestinal,2026-03-23,65,34.95
41,Lactulose 10g/15ml Solution,Gastrointestinal,2026-03-24,63,34.95
41,Lactulose 10g/15ml Solution,Gastrointestinal,2026-03-25,56,34.95
41,Lactulose 10g/15ml Solution,Gastrointestinal,2026-03-26,51,34.95
41,Lactulose 10g/15ml Solution,Gastrointestinal,2026-03-27,43,34.95
41,Lactulose 10g/15ml Solution,Gastrointestinal,2026-03-28,51,34.95
41,Lactulose 10g/15ml Solution,Gastrointestinal,2026-03-29,43,34.95
41,Lactulose 10g/15ml Solution,Gastrointestinal,2026-03-30,49,34.95
41,Lactulose 10g/15ml Solution,Gastrointestinal,2026-03-31,63,34.95
41,Lactulose 10g/15ml Solution,Gastrointestinal,2026-04-01,55,34.95
41,Lactulose 10g/15ml Solution,Gastrointestinal,2026-04-02,53,34.95
41,Lactulose 10g/15ml Solution,Gastrointestinal,2026-04-03,60,34.95
41,Lactulose 10g/15ml Solution,Gastrointestinal,2026-04-04,30,34.95
41,Lactulose 10g/15ml Solution,Gastrointestinal,2026-04-05,34,34.95
41,Lactulose 10g/15ml Solution,Gastrointestinal,2026-04-06,57,34.95
41,Lactulose 10g/15ml Solution,Gastrointestinal,2026-04-07,51,34.95
41,Lactulose 10g/15ml Solution,Gastrointestinal,2026-04-08,62,34.95
41,Lactulose 10g/15ml Solution,Gastrointestinal,2026-04-09,74,34.95
41,Lactulose 10g/15ml Solution,Gastrointestinal,2026-04-10,49,34.95
41,Lactulose 10g/15ml Solution,Gastrointestinal,2026-04-11,21,34.95
41,Lactulose 10g/15ml Solution,Gastrointestinal,2026-04-12,18,34.95
41,Lactulose 10g/15ml Solution,Gastrointestinal,2026-04-13,54,34.95
41,Lactulose 10g/15ml Solution,Gastrointestinal,2026-04-14,49,34.95
41,Lactulose 10g/15ml Solution,Gastrointestinal,2026-04-15,58,34.95
41,Lactulose 10g/15ml Solution,Gastrointestinal,2026-04-16,57,34.95
41,Lactulose 10g/15ml Solution,Gastrointestinal,2026-04-17,40,34.95
41,Lactulose 10g/15ml Solution,Gastrointestinal,2026-04-18,19,34.95
41,Lactulose 10g/15ml Solution,Gastrointestinal,2026-04-19,40,34.95
41,Lactulose 10g/15ml Solution,Gastrointestinal,2026-04-20,57,34.95
41,Lactulose 10g/15ml Solution,Gastrointestinal,2026-04-21,52,34.95
41,Lactulose 10g/15ml Solution,Gastrointestinal,2026-04-22,40,34.95
41,Lactulose 10g/15ml Solution,Gastrointestinal,2026-04-23,60,34.95
41,Lactulose 10g/15ml Solution,Gastrointestinal,2026-04-24,68,34.95
41,Lactulose 10g/15ml Solution,Gastrointestinal,2026-04-25,40,34.95
41,Lactulose 10g/15ml Solution,Gastrointestinal,2026-04-26,29,34.95
41,Lactulose 10g/15ml Solution,Gastrointestinal,2026-04-27,56,34.95
41,Lactulose 10g/15ml Solution,Gastrointestinal,2026-04-28,43,34.95
41,Lactulose 10g/15ml Solution,Gastrointestinal,2026-04-29,66,34.95
41,Lactulose 10g/15ml Solution,Gastrointestinal,2026-04-30,57,34.95
41,Lactulose 10g/15ml Solution,Gastrointestinal,2026-05-01,58,34.95
41,Lactulose 10g/15ml Solution,Gastrointestinal,2026-05-02,47,34.95
41,Lactulose 10g/15ml Solution,Gastrointestinal,2026-05-03,55,34.95
41,Lactulose 10g/15ml Solution,Gastrointestinal,2026-05-04,72,34.95
41,Lactulose 10g/15ml Solution,Gastrointestinal,2026-05-05,73,34.95
41,Lactulose 10g/15ml Solution,Gastrointestinal,2026-05-06,64,34.95
41,Lactulose 10g/15ml Solution,Gastrointestinal,2026-05-07,81,34.95
41,Lactulose 10g/15ml Solution,Gastrointestinal,2026-05-08,69,34.95
41,Lactulose 10g/15ml Solution,Gastrointestinal,2026-05-09,29,34.95
41,Lactulose 10g/15ml Solution,Gastrointestinal,2026-05-10,47,34.95
41,Lactulose 10g/15ml Solution,Gastrointestinal,2026-05-11,85,34.95
41,Lactulose 10g/15ml Solution,Gastrointestinal,2026-05-12,72,34.95
41,Lactulose 10g/15ml Solution,Gastrointestinal,2026-05-13,92,34.95
41,Lactulose 10g/15ml Solution,Gastrointestinal,2026-05-14,80,34.95
41,Lactulose 10g/15ml Solution,Gastrointestinal,2026-05-15,79,34.95
41,Lactulose 10g/15ml Solution,Gastrointestinal,2026-05-16,49,34.95
41,Lactulose 10g/15ml Solution,Gastrointestinal,2026-05-17,50,34.95
41,Lactulose 10g/15ml Solution,Gastrointestinal,2026-05-18,73,34.95
41,Lactulose 10g/15ml Solution,Gastrointestinal,2026-05-19,73,34.95
41,Lactulose 10g/15ml Solution,Gastrointestinal,2026-05-20,81,34.95
41,Lactulose 10g/15ml Solution,Gastrointestinal,2026-05-21,67,34.95
41,Lactulose 10g/15ml Solution,Gastrointestinal,2026-05-22,65,34.95
41,Lactulose 10g/15ml Solution,Gastrointestinal,2026-05-23,39,34.95
41,Lactulose 10g/15ml Solution,Gastrointestinal,2026-05-24,70,34.95
41,Lactulose 10g/15ml Solution,Gastrointestinal,2026-05-25,81,34.95
41,Lactulose 10g/15ml Solution,Gastrointestinal,2026-05-26,79,34.95
41,Lactulose 10g/15ml Solution,Gastrointestinal,2026-05-27,65,34.95
41,Lactulose 10g/15ml Solution,Gastrointestinal,2026-05-28,82,34.95
41,Lactulose 10g/15ml Solution,Gastrointestinal,2026-05-29,74,34.95
41,Lactulose 10g/15ml Solution,Gastrointestinal,2026-05-30,52,34.95
41,Lactulose 10g/15ml Solution,Gastrointestinal,2026-05-31,41,34.95
41,Lactulose 10g/15ml Solution,Gastrointestinal,2026-06-01,77,34.95
41,Lactulose 10g/15ml Solution,Gastrointestinal,2026-06-02,72,34.95
41,Lactulose 10g/15ml Solution,Gastrointestinal,2026-06-03,68,34.95
41,Lactulose 10g/15ml Solution,Gastrointestinal,2026-06-04,83,34.95
41,Lactulose 10g/15ml Solution,Gastrointestinal,2026-06-05,61,34.95
41,Lactulose 10g/15ml Solution,Gastrointestinal,2026-06-06,56,34.95
41,Lactulose 10g/15ml Solution,Gastrointestinal,2026-06-07,57,34.95
41,Lactulose 10g/15ml Solution,Gastrointestinal,2026-06-08,67,34.95
41,Lactulose 10g/15ml Solution,Gastrointestinal,2026-06-09,68,34.95
41,Lactulose 10g/15ml Solution,Gastrointestinal,2026-06-10,73,34.95
41,Lactulose 10g/15ml Solution,Gastrointestinal,2026-06-11,78,34.95
41,Lactulose 10g/15ml Solution,Gastrointestinal,2026-06-12,74,34.95
41,Lactulose 10g/15ml Solution,Gastrointestinal,2026-06-13,54,34.95
41,Lactulose 10g/15ml Solution,Gastrointestinal,2026-06-14,67,34.95
41,Lactulose 10g/15ml Solution,Gastrointestinal,2026-06-15,71,34.95
41,Lactulose 10g/15ml Solution,Gastrointestinal,2026-06-16,59,34.95
41,Lactulose 10g/15ml Solution,Gastrointestinal,2026-06-17,84,34.95
41,Lactulose 10g/15ml Solution,Gastrointestinal,2026-06-18,92,34.95
41,Lactulose 10g/15ml Solution,Gastrointestinal,2026-06-19,79,34.95
41,Lactulose 10g/15ml Solution,Gastrointestinal,2026-06-20,40,34.95
41,Lactulose 10g/15ml Solution,Gastrointestinal,2026-06-21,49,34.95
41,Lactulose 10g/15ml Solution,Gastrointestinal,2026-06-22,65,34.95
41,Lactulose 10g/15ml Solution,Gastrointestinal,2026-06-23,82,34.95
41,Lactulose 10g/15ml Solution,Gastrointestinal,2026-06-24,63,34.95
41,Lactulose 10g/15ml Solution,Gastrointestinal,2026-06-25,73,34.95
41,Lactulose 10g/15ml Solution,Gastrointestinal,2026-06-26,66,34.95
41,Lactulose 10g/15ml Solution,Gastrointestinal,2026-06-27,51,34.95
41,Lactulose 10g/15ml Solution,Gastrointestinal,2026-06-28,47,34.95
41,Lactulose 10g/15ml Solution,Gastrointestinal,2026-06-29,77,34.95
41,Lactulose 10g/15ml Solution,Gastrointestinal,2026-06-30,76,34.95
41,Lactulose 10g/15ml Solution,Gastrointestinal,2026-07-01,66,34.95
41,Lactulose 10g/15ml Solution,Gastrointestinal,2026-07-02,82,34.95
41,Lactulose 10g/15ml Solution,Gastrointestinal,2026-07-03,75,34.95
41,Lactulose 10g/15ml Solution,Gastrointestinal,2026-07-04,41,34.95
41,Lactulose 10g/15ml Solution,Gastrointestinal,2026-07-05,72,34.95
41,Lactulose 10g/15ml Solution,Gastrointestinal,2026-07-06,80,34.95
41,Lactulose 10g/15ml Solution,Gastrointestinal,2026-07-07,74,34.95
41,Lactulose 10g/15ml Solution,Gastrointestinal,2026-07-08,89,34.95
41,Lactulose 10g/15ml Solution,Gastrointestinal,2026-07-09,93,34.95
41,Lactulose 10g/15ml Solution,Gastrointestinal,2026-07-10,74,34.95
41,Lactulose 10g/15ml Solution,Gastrointestinal,2026-07-11,54,34.95
41,Lactulose 10g/15ml Solution,Gastrointestinal,2026-07-12,41,34.95
41,Lactulose 10g/15ml Solution,Gastrointestinal,2026-07-13,74,34.95
41,Lactulose 10g/15ml Solution,Gastrointestinal,2026-07-14,74,34.95
41,Lactulose 10g/15ml Solution,Gastrointestinal,2026-07-15,77,34.95
41,Lactulose 10g/15ml Solution,Gastrointestinal,2026-07-16,79,34.95
41,Lactulose 10g/15ml Solution,Gastrointestinal,2026-07-17,81,34.95
41,Lactulose 10g/15ml Solution,Gastrointestinal,2026-07-18,53,34.95
41,Lactulose 10g/15ml Solution,Gastrointestinal,2026-07-19,39,34.95
41,Lactulose 10g/15ml Solution,Gastrointestinal,2026-07-20,67,34.95
41,Lactulose 10g/15ml Solution,Gastrointestinal,2026-07-21,70,34.95
41,Lactulose 10g/15ml Solution,Gastrointestinal,2026-07-22,73,34.95
41,Lactulose 10g/15ml Solution,Gastrointestinal,2026-07-23,86,34.95
41,Lactulose 10g/15ml Solution,Gastrointestinal,2026-07-24,64,34.95
41,Lactulose 10g/15ml Solution,Gastrointestinal,2026-07-25,47,34.95
41,Lactulose 10g/15ml Solution,Gastrointestinal,2026-07-26,59,34.95
41,Lactulose 10g/15ml Solution,Gastrointestinal,2026-07-27,73,34.95
41,Lactulose 10g/15ml Solution,Gastrointestinal,2026-07-28,80,34.95
41,Lactulose 10g/15ml Solution,Gastrointestinal,2026-07-29,74,34.95
41,Lactulose 10g/15ml Solution,Gastrointestinal,2026-07-30,78,34.95
41,Lactulose 10g/15ml Solution,Gastrointestinal,2026-07-31,73,34.95
41,Lactulose 10g/15ml Solution,Gastrointestinal,2026-08-01,57,34.95
41,Lactulose 10g/15ml Solution,Gastrointestinal,2026-08-02,35,34.95
41,Lactulose 10g/15ml Solution,Gastrointestinal,2026-08-03,72,34.95
41,Lactulose 10g/15ml Solution,Gastrointestinal,2026-08-04,79,34.95
41,Lactulose 10g/15ml Solution,Gastrointestinal,2026-08-05,81,34.95
41,Lactulose 10g/15ml Solution,Gastrointestinal,2026-08-06,90,34.95
41,Lactulose 10g/15ml Solution,Gastrointestinal,2026-08-07,72,34.95
41,Lactulose 10g/15ml Solution,Gastrointestinal,2026-08-08,65,34.95
41,Lactulose 10g/15ml Solution,Gastrointestinal,2026-08-09,44,34.95
41,Lactulose 10g/15ml Solution,Gastrointestinal,2026-08-10,89,34.95
41,Lactulose 10g/15ml Solution,Gastrointestinal,2026-08-11,84,34.95
41,Lactulose 10g/15ml Solution,Gastrointestinal,2026-08-12,67,34.95
41,Lactulose 10g/15ml Solution,Gastrointestinal,2026-08-13,79,34.95
41,Lactulose 10g/15ml Solution,Gastrointestinal,2026-08-14,75,34.95
41,Lactulose 10g/15ml Solution,Gastrointestinal,2026-08-15,56,34.95
41,Lactulose 10g/15ml Solution,Gastrointestinal,2026-08-16,48,34.95
41,Lactulose 10g/15ml Solution,Gastrointestinal,2026-08-17,73,34.95
41,Lactulose 10g/15ml Solution,Gastrointestinal,2026-08-18,89,34.95
41,Lactulose 10g/15ml Solution,Gastrointestinal,2026-08-19,75,34.95
41,Lactulose 10g/15ml Solution,Gastrointestinal,2026-08-20,84,34.95
41,Lactulose 10g/15ml Solution,Gastrointestinal,2026-08-21,73,34.95
41,Lactulose 10g/15ml Solution,Gastrointestinal,2026-08-22,66,34.95
41,Lactulose 10g/15ml Solution,Gastrointestinal,2026-08-23,44,34.95
41,Lactulose 10g/15ml Solution,Gastrointestinal,2026-08-24,70,34.95
41,Lactulose 10g/15ml Solution,Gastrointestinal,2026-08-25,90,34.95
41,Lactulose 10g/15ml Solution,Gastrointestinal,2026-08-26,71,34.95
41,Lactulose 10g/15ml Solution,Gastrointestinal,2026-08-27,91,34.95
41,Lactulose 10g/15ml Solution,Gastrointestinal,2026-08-28,84,34.95
41,Lactulose 10g/15ml Solution,Gastrointestinal,2026-08-29,49,34.95
41,Lactulose 10g/15ml Solution,Gastrointestinal,2026-08-30,33,34.95
41,Lactulose 10g/15ml Solution,Gastrointestinal,2026-08-31,75,34.95
41,Lactulose 10g/15ml Solution,Gastrointestinal,2026-09-01,57,34.95
41,Lactulose 10g/15ml Solution,Gastrointestinal,2026-09-02,67,34.95
41,Lactulose 10g/15ml Solution,Gastrointestinal,2026-09-03,71,34.95
41,Lactulose 10g/15ml Solution,Gastrointestinal,2026-09-04,49,34.95
41,Lactulose 10g/15ml Solution,Gastrointestinal,2026-09-05,45,34.95
41,Lactulose 10g/15ml Solution,Gastrointestinal,2026-09-06,45,34.95
41,Lactulose 10g/15ml Solution,Gastrointestinal,2026-09-07,66,34.95
41,Lactulose 10g/15ml Solution,Gastrointestinal,2026-09-08,61,34.95
41,Lactulose 10g/15ml Solution,Gastrointestinal,2026-09-09,37,34.95
41,Lactulose 10g/15ml Solution,Gastrointestinal,2026-09-10,54,34.95
41,Lactulose 10g/15ml Solution,Gastrointestinal,2026-09-11,45,34.95
41,Lactulose 10g/15ml Solution,Gastrointestinal,2026-09-12,35,34.95
41,Lactulose 10g/15ml Solution,Gastrointestinal,2026-09-13,47,34.95
41,Lactulose 10g/15ml Solution,Gastrointestinal,2026-09-14,59,34.95
41,Lactulose 10g/15ml Solution,Gastrointestinal,2026-09-15,67,34.95
41,Lactulose 10g/15ml Solution,Gastrointestinal,2026-09-16,59,34.95
41,Lactulose 10g/15ml Solution,Gastrointestinal,2026-09-17,43,34.95
41,Lactulose 10g/15ml Solution,Gastrointestinal,2026-09-18,31,34.95
41,Lactulose 10g/15ml Solution,Gastrointestinal,2026-09-19,39,34.95
41,Lactulose 10g/15ml Solution,Gastrointestinal,2026-09-20,35,34.95
41,Lactulose 10g/15ml Solution,Gastrointestinal,2026-09-21,46,34.95
41,Lactulose 10g/15ml Solution,Gastrointestinal,2026-09-22,39,34.95
41,Lactulose 10g/15ml Solution,Gastrointestinal,2026-09-23,49,34.95
41,Lactulose 10g/15ml Solution,Gastrointestinal,2026-09-24,54,34.95
41,Lactulose 10g/15ml Solution,Gastrointestinal,2026-09-25,62,34.95
42,Oseltamivir 75mg,Antiviral & Anti-infective,2026-02-18,29,86.07
42,Oseltamivir 75mg,Antiviral & Anti-infective,2026-02-19,35,86.07
42,Oseltamivir 75mg,Antiviral & Anti-infective,2026-02-20,25,86.07
42,Oseltamivir 75mg,Antiviral & Anti-infective,2026-02-21,22,86.07
42,Oseltamivir 75mg,Antiviral & Anti-infective,2026-02-22,19,86.07
42,Oseltamivir 75mg,Antiviral & Anti-infective,2026-02-23,31,86.07
42,Oseltamivir 75mg,Antiviral & Anti-infective,2026-02-24,27,86.07
42,Oseltamivir 75mg,Antiviral & Anti-infective,2026-02-25,33,86.07
42,Oseltamivir 75mg,Antiviral & Anti-infective,2026-02-26,30,86.07
42,Oseltamivir 75mg,Antiviral & Anti-infective,2026-02-27,26,86.07
42,Oseltamivir 75mg,Antiviral & Anti-infective,2026-02-28,19,86.07
42,Oseltamivir 75mg,Antiviral & Anti-infective,2026-03-01,13,86.07
42,Oseltamivir 75mg,Antiviral & Anti-infective,2026-03-02,23,86.07
42,Oseltamivir 75mg,Antiviral & Anti-infective,2026-03-03,16,86.07
42,Oseltamivir 75mg,Antiviral & Anti-infective,2026-03-04,21,86.07
42,Oseltamivir 75mg,Antiviral & Anti-infective,2026-03-05,23,86.07
42,Oseltamivir 75mg,Antiviral & Anti-infective,2026-03-06,21,86.07
42,Oseltamivir 75mg,Antiviral & Anti-infective,2026-03-07,19,86.07
42,Oseltamivir 75mg,Antiviral & Anti-infective,2026-03-08,17,86.07
42,Oseltamivir 75mg,Antiviral & Anti-infective,2026-03-09,21,86.07
42,Oseltamivir 75mg,Antiviral & Anti-infective,2026-03-10,22,86.07
42,Oseltamivir 75mg,Antiviral & Anti-infective,2026-03-11,22,86.07
42,Oseltamivir 75mg,Antiviral & Anti-infective,2026-03-12,23,86.07
42,Oseltamivir 75mg,Antiviral & Anti-infective,2026-03-13,14,86.07
42,Oseltamivir 75mg,Antiviral & Anti-infective,2026-03-14,13,86.07
42,Oseltamivir 75mg,Antiviral & Anti-infective,2026-03-15,8,86.07
42,Oseltamivir 75mg,Antiviral & Anti-infective,2026-03-16,26,86.07
42,Oseltamivir 75mg,Antiviral & Anti-infective,2026-03-17,21,86.07
42,Oseltamivir 75mg,Antiviral & Anti-infective,2026-03-18,20,86.07
42,Oseltamivir 75mg,Antiviral & Anti-infective,2026-03-19,25,86.07
42,Oseltamivir 75mg,Antiviral & Anti-infective,2026-03-20,23,86.07
42,Oseltamivir 75mg,Antiviral & Anti-infective,2026-03-21,9,86.07
42,Oseltamivir 75mg,Antiviral & Anti-infective,2026-03-22,14,86.07
42,Oseltamivir 75mg,Antiviral & Anti-infective,2026-03-23,20,86.07
42,Oseltamivir 75mg,Antiviral & Anti-infective,2026-03-24,14,86.07
42,Oseltamivir 75mg,Antiviral & Anti-infective,2026-03-25,18,86.07
42,Oseltamivir 75mg,Antiviral & Anti-infective,2026-03-26,20,86.07
42,Oseltamivir 75mg,Antiviral & Anti-infective,2026-03-27,21,86.07
42,Oseltamivir 75mg,Antiviral & Anti-infective,2026-03-28,8,86.07
42,Oseltamivir 75mg,Antiviral & Anti-infective,2026-03-29,18,86.07
42,Oseltamivir 75mg,Antiviral & Anti-infective,2026-03-30,21,86.07
42,Oseltamivir 75mg,Antiviral & Anti-infective,2026-03-31,21,86.07
42,Oseltamivir 75mg,Antiviral & Anti-infective,2026-04-01,23,86.07
42,Oseltamivir 75mg,Antiviral & Anti-infective,2026-04-02,18,86.07
42,Oseltamivir 75mg,Antiviral & Anti-infective,2026-04-03,23,86.07
42,Oseltamivir 75mg,Antiviral & Anti-infective,2026-04-04,12,86.07
42,Oseltamivir 75mg,Antiviral & Anti-infective,2026-04-05,10,86.07
42,Oseltamivir 75mg,Antiviral & Anti-infective,2026-04-06,23,86.07
42,Oseltamivir 75mg,Antiviral & Anti-infective,2026-04-07,27,86.07
42,Oseltamivir 75mg,Antiviral & Anti-infective,2026-04-08,24,86.07
42,Oseltamivir 75mg,Antiviral & Anti-infective,2026-04-09,25,86.07
42,Oseltamivir 75mg,Antiviral & Anti-infective,2026-04-10,19,86.07
42,Oseltamivir 75mg,Antiviral & Anti-infective,2026-04-11,8,86.07
42,Oseltamivir 75mg,Antiviral & Anti-infective,2026-04-12,20,86.07
42,Oseltamivir 75mg,Antiviral & Anti-infective,2026-04-13,29,86.07
42,Oseltamivir 75mg,Antiviral & Anti-infective,2026-04-14,27,86.07
42,Oseltamivir 75mg,Antiviral & Anti-infective,2026-04-15,20,86.07
42,Oseltamivir 75mg,Antiviral & Anti-infective,2026-04-16,17,86.07
42,Oseltamivir 75mg,Antiviral & Anti-infective,2026-04-17,17,86.07
42,Oseltamivir 75mg,Antiviral & Anti-infective,2026-04-18,7,86.07
42,Oseltamivir 75mg,Antiviral & Anti-infective,2026-04-19,13,86.07
42,Oseltamivir 75mg,Antiviral & Anti-infective,2026-04-20,27,86.07
42,Oseltamivir 75mg,Antiviral & Anti-infective,2026-04-21,21,86.07
42,Oseltamivir 75mg,Antiviral & Anti-infective,2026-04-22,22,86.07
42,Oseltamivir 75mg,Antiviral & Anti-infective,2026-04-23,27,86.07
42,Oseltamivir 75mg,Antiviral & Anti-infective,2026-04-24,20,86.07
42,Oseltamivir 75mg,Antiviral & Anti-infective,2026-04-25,22,86.07
42,Oseltamivir 75mg,Antiviral & Anti-infective,2026-04-26,22,86.07
42,Oseltamivir 75mg,Antiviral & Anti-infective,2026-04-27,21,86.07
42,Oseltamivir 75mg,Antiviral & Anti-infective,2026-04-28,19,86.07
42,Oseltamivir 75mg,Antiviral & Anti-infective,2026-04-29,24,86.07
42,Oseltamivir 75mg,Antiviral & Anti-infective,2026-04-30,20,86.07
42,Oseltamivir 75mg,Antiviral & Anti-infective,2026-05-01,17,86.07
42,Oseltamivir 75mg,Antiviral & Anti-infective,2026-05-02,19,86.07
42,Oseltamivir 75mg,Antiviral & Anti-infective,2026-05-03,19,86.07
42,Oseltamivir 75mg,Antiviral & Anti-infective,2026-05-04,22,86.07
42,Oseltamivir 75mg,Antiviral & Anti-infective,2026-05-05,16,86.07
42,Oseltamivir 75mg,Antiviral & Anti-infective,2026-05-06,16,86.07
42,Oseltamivir 75mg,Antiviral & Anti-infective,2026-05-07,22,86.07
42,Oseltamivir 75mg,Antiviral & Anti-infective,2026-05-08,19,86.07
42,Oseltamivir 75mg,Antiviral & Anti-infective,2026-05-09,13,86.07
42,Oseltamivir 75mg,Antiviral & Anti-infective,2026-05-10,18,86.07
42,Oseltamivir 75mg,Antiviral & Anti-infective,2026-05-11,24,86.07
42,Oseltamivir 75mg,Antiviral & Anti-infective,2026-05-12,27,86.07
42,Oseltamivir 75mg,Antiviral & Anti-infective,2026-05-13,17,86.07
42,Oseltamivir 75mg,Antiviral & Anti-infective,2026-05-14,20,86.07
42,Oseltamivir 75mg,Antiviral & Anti-infective,2026-05-15,24,86.07
42,Oseltamivir 75mg,Antiviral & Anti-infective,2026-05-16,16,86.07
42,Oseltamivir 75mg,Antiviral & Anti-infective,2026-05-17,20,86.07
42,Oseltamivir 75mg,Antiviral & Anti-infective,2026-05-18,23,86.07
42,Oseltamivir 75mg,Antiviral & Anti-infective,2026-05-19,28,86.07
42,Oseltamivir 75mg,Antiviral & Anti-infective,2026-05-20,23,86.07
42,Oseltamivir 75mg,Antiviral & Anti-infective,2026-05-21,25,86.07
42,Oseltamivir 75mg,Antiviral & Anti-infective,2026-05-22,20,86.07
42,Oseltamivir 75mg,Antiviral & Anti-infective,2026-05-23,14,86.07
42,Oseltamivir 75mg,Antiviral & Anti-infective,2026-05-24,18,86.07
42,Oseltamivir 75mg,Antiviral & Anti-infective,2026-05-25,27,86.07
42,Oseltamivir 75mg,Antiviral & Anti-infective,2026-05-26,24,86.07
42,Oseltamivir 75mg,Antiviral & Anti-infective,2026-05-27,21,86.07
42,Oseltamivir 75mg,Antiviral & Anti-infective,2026-05-28,27,86.07
42,Oseltamivir 75mg,Antiviral & Anti-infective,2026-05-29,12,86.07
42,Oseltamivir 75mg,Antiviral & Anti-infective,2026-05-30,8,86.07
42,Oseltamivir 75mg,Antiviral & Anti-infective,2026-05-31,17,86.07
42,Oseltamivir 75mg,Antiviral & Anti-infective,2026-06-01,21,86.07
42,Oseltamivir 75mg,Antiviral & Anti-infective,2026-06-02,24,86.07
42,Oseltamivir 75mg,Antiviral & Anti-infective,2026-06-03,21,86.07
42,Oseltamivir 75mg,Antiviral & Anti-infective,2026-06-04,23,86.07
42,Oseltamivir 75mg,Antiviral & Anti-infective,2026-06-05,18,86.07
42,Oseltamivir 75mg,Antiviral & Anti-infective,2026-06-06,16,86.07
42,Oseltamivir 75mg,Antiviral & Anti-infective,2026-06-07,18,86.07
42,Oseltamivir 75mg,Antiviral & Anti-infective,2026-06-08,26,86.07
42,Oseltamivir 75mg,Antiviral & Anti-infective,2026-06-09,29,86.07
42,Oseltamivir 75mg,Antiviral & Anti-infective,2026-06-10,22,86.07
42,Oseltamivir 75mg,Antiviral & Anti-infective,2026-06-11,22,86.07
42,Oseltamivir 75mg,Antiviral & Anti-infective,2026-06-12,15,86.07
42,Oseltamivir 75mg,Antiviral & Anti-infective,2026-06-13,12,86.07
42,Oseltamivir 75mg,Antiviral & Anti-infective,2026-06-14,13,86.07
42,Oseltamivir 75mg,Antiviral & Anti-infective,2026-06-15,25,86.07
42,Oseltamivir 75mg,Antiviral & Anti-infective,2026-06-16,19,86.07
42,Oseltamivir 75mg,Antiviral & Anti-infective,2026-06-17,24,86.07
42,Oseltamivir 75mg,Antiviral & Anti-infective,2026-06-18,21,86.07
42,Oseltamivir 75mg,Antiviral & Anti-infective,2026-06-19,20,86.07
42,Oseltamivir 75mg,Antiviral & Anti-infective,2026-06-20,15,86.07
42,Oseltamivir 75mg,Antiviral & Anti-infective,2026-06-21,12,86.07
42,Oseltamivir 75mg,Antiviral & Anti-infective,2026-06-22,19,86.07
42,Oseltamivir 75mg,Antiviral & Anti-infective,2026-06-23,14,86.07
42,Oseltamivir 75mg,Antiviral & Anti-infective,2026-06-24,20,86.07
42,Oseltamivir 75mg,Antiviral & Anti-infective,2026-06-25,19,86.07
42,Oseltamivir 75mg,Antiviral & Anti-infective,2026-06-26,19,86.07
42,Oseltamivir 75mg,Antiviral & Anti-infective,2026-06-27,16,86.07
42,Oseltamivir 75mg,Antiviral & Anti-infective,2026-06-28,17,86.07
42,Oseltamivir 75mg,Antiviral & Anti-infective,2026-06-29,22,86.07
42,Oseltamivir 75mg,Antiviral & Anti-infective,2026-06-30,25,86.07
42,Oseltamivir 75mg,Antiviral & Anti-infective,2026-07-01,23,86.07
42,Oseltamivir 75mg,Antiviral & Anti-infective,2026-07-02,20,86.07
42,Oseltamivir 75mg,Antiviral & Anti-infective,2026-07-03,19,86.07
42,Oseltamivir 75mg,Antiviral & Anti-infective,2026-07-04,15,86.07
42,Oseltamivir 75mg,Antiviral & Anti-infective,2026-07-05,16,86.07
42,Oseltamivir 75mg,Antiviral & Anti-infective,2026-07-06,27,86.07
42,Oseltamivir 75mg,Antiviral & Anti-infective,2026-07-07,26,86.07
42,Oseltamivir 75mg,Antiviral & Anti-infective,2026-07-08,19,86.07
42,Oseltamivir 75mg,Antiviral & Anti-infective,2026-07-09,21,86.07
42,Oseltamivir 75mg,Antiviral & Anti-infective,2026-07-10,24,86.07
42,Oseltamivir 75mg,Antiviral & Anti-infective,2026-07-11,18,86.07
42,Oseltamivir 75mg,Antiviral & Anti-infective,2026-07-12,18,86.07
42,Oseltamivir 75mg,Antiviral & Anti-infective,2026-07-13,21,86.07
42,Oseltamivir 75mg,Antiviral & Anti-infective,2026-07-14,16,86.07
42,Oseltamivir 75mg,Antiviral & Anti-infective,2026-07-15,17,86.07
42,Oseltamivir 75mg,Antiviral & Anti-infective,2026-07-16,22,86.07
42,Oseltamivir 75mg,Antiviral & Anti-infective,2026-07-17,22,86.07
42,Oseltamivir 75mg,Antiviral & Anti-infective,2026-07-18,10,86.07
42,Oseltamivir 75mg,Antiviral & Anti-infective,2026-07-19,14,86.07
42,Oseltamivir 75mg,Antiviral & Anti-infective,2026-07-20,24,86.07
42,Oseltamivir 75mg,Antiviral & Anti-infective,2026-07-21,17,86.07
42,Oseltamivir 75mg,Antiviral & Anti-infective,2026-07-22,25,86.07
42,Oseltamivir 75mg,Antiviral & Anti-infective,2026-07-23,20,86.07
42,Oseltamivir 75mg,Antiviral & Anti-infective,2026-07-24,26,86.07
42,Oseltamivir 75mg,Antiviral & Anti-infective,2026-07-25,12,86.07
42,Oseltamivir 75mg,Antiviral & Anti-infective,2026-07-26,10,86.07
42,Oseltamivir 75mg,Antiviral & Anti-infective,2026-07-27,19,86.07
42,Oseltamivir 75mg,Antiviral & Anti-infective,2026-07-28,21,86.07
42,Oseltamivir 75mg,Antiviral & Anti-infective,2026-07-29,20,86.07
42,Oseltamivir 75mg,Antiviral & Anti-infective,2026-07-30,20,86.07
42,Oseltamivir 75mg,Antiviral & Anti-infective,2026-07-31,22,86.07
42,Oseltamivir 75mg,Antiviral & Anti-infective,2026-08-01,13,86.07
42,Oseltamivir 75mg,Antiviral & Anti-infective,2026-08-02,14,86.07
42,Oseltamivir 75mg,Antiviral & Anti-infective,2026-08-03,14,86.07
42,Oseltamivir 75mg,Antiviral & Anti-infective,2026-08-04,23,86.07
42,Oseltamivir 75mg,Antiviral & Anti-infective,2026-08-05,21,86.07
42,Oseltamivir 75mg,Antiviral & Anti-infective,2026-08-06,27,86.07
42,Oseltamivir 75mg,Antiviral & Anti-infective,2026-08-07,17,86.07
42,Oseltamivir 75mg,Antiviral & Anti-infective,2026-08-08,7,86.07
42,Oseltamivir 75mg,Antiviral & Anti-infective,2026-08-09,16,86.07
42,Oseltamivir 75mg,Antiviral & Anti-infective,2026-08-10,22,86.07
42,Oseltamivir 75mg,Antiviral & Anti-infective,2026-08-11,17,86.07
42,Oseltamivir 75mg,Antiviral & Anti-infective,2026-08-12,15,86.07
42,Oseltamivir 75mg,Antiviral & Anti-infective,2026-08-13,27,86.07
42,Oseltamivir 75mg,Antiviral & Anti-infective,2026-08-14,27,86.07
42,Oseltamivir 75mg,Antiviral & Anti-infective,2026-08-15,4,86.07
42,Oseltamivir 75mg,Antiviral & Anti-infective,2026-08-16,12,86.07
42,Oseltamivir 75mg,Antiviral & Anti-infective,2026-08-17,28,86.07
42,Oseltamivir 75mg,Antiviral & Anti-infective,2026-08-18,19,86.07
42,Oseltamivir 75mg,Antiviral & Anti-infective,2026-08-19,19,86.07
42,Oseltamivir 75mg,Antiviral & Anti-infective,2026-08-20,20,86.07
42,Oseltamivir 75mg,Antiviral & Anti-infective,2026-08-21,17,86.07
42,Oseltamivir 75mg,Antiviral & Anti-infective,2026-08-22,7,86.07
42,Oseltamivir 75mg,Antiviral & Anti-infective,2026-08-23,18,86.07
42,Oseltamivir 75mg,Antiviral & Anti-infective,2026-08-24,14,86.07
42,Oseltamivir 75mg,Antiviral & Anti-infective,2026-08-25,22,86.07
42,Oseltamivir 75mg,Antiviral & Anti-infective,2026-08-26,25,86.07
42,Oseltamivir 75mg,Antiviral & Anti-infective,2026-08-27,15,86.07
42,Oseltamivir 75mg,Antiviral & Anti-infective,2026-08-28,17,86.07
42,Oseltamivir 75mg,Antiviral & Anti-infective,2026-08-29,19,86.07
42,Oseltamivir 75mg,Antiviral & Anti-infective,2026-08-30,16,86.07
42,Oseltamivir 75mg,Antiviral & Anti-infective,2026-08-31,19,86.07
42,Oseltamivir 75mg,Antiviral & Anti-infective,2026-09-01,26,86.07
42,Oseltamivir 75mg,Antiviral & Anti-infective,2026-09-02,26,86.07
42,Oseltamivir 75mg,Antiviral & Anti-infective,2026-09-03,22,86.07
42,Oseltamivir 75mg,Antiviral & Anti-infective,2026-09-04,18,86.07
42,Oseltamivir 75mg,Antiviral & Anti-infective,2026-09-05,12,86.07
42,Oseltamivir 75mg,Antiviral & Anti-infective,2026-09-06,15,86.07
42,Oseltamivir 75mg,Antiviral & Anti-infective,2026-09-07,20,86.07
42,Oseltamivir 75mg,Antiviral & Anti-infective,2026-09-08,25,86.07
42,Oseltamivir 75mg,Antiviral & Anti-infective,2026-09-09,15,86.07
42,Oseltamivir 75mg,Antiviral & Anti-infective,2026-09-10,15,86.07
42,Oseltamivir 75mg,Antiviral & Anti-infective,2026-09-11,22,86.07
42,Oseltamivir 75mg,Antiviral & Anti-infective,2026-09-12,12,86.07
42,Oseltamivir 75mg,Antiviral & Anti-infective,2026-09-13,11,86.07
42,Oseltamivir 75mg,Antiviral & Anti-infective,2026-09-14,14,86.07
42,Oseltamivir 75mg,Antiviral & Anti-infective,2026-09-15,21,86.07
42,Oseltamivir 75mg,Antiviral & Anti-infective,2026-09-16,21,86.07
42,Oseltamivir 75mg,Antiviral & Anti-infective,2026-09-17,24,86.07
42,Oseltamivir 75mg,Antiviral & Anti-infective,2026-09-18,21,86.07
42,Oseltamivir 75mg,Antiviral & Anti-infective,2026-09-19,13,86.07
42,Oseltamivir 75mg,Antiviral & Anti-infective,2026-09-20,19,86.07
42,Oseltamivir 75mg,Antiviral & Anti-infective,2026-09-21,16,86.07
42,Oseltamivir 75mg,Antiviral & Anti-infective,2026-09-22,23,86.07
42,Oseltamivir 75mg,Antiviral & Anti-infective,2026-09-23,15,86.07
42,Oseltamivir 75mg,Antiviral & Anti-infective,2026-09-24,18,86.07
42,Oseltamivir 75mg,Antiviral & Anti-infective,2026-09-25,16,86.07
43,Acyclovir 400mg,Antiviral & Anti-infective,2026-02-18,37,121.39
43,Acyclovir 400mg,Antiviral & Anti-infective,2026-02-19,33,121.39
43,Acyclovir 400mg,Antiviral & Anti-infective,2026-02-20,33,121.39
43,Acyclovir 400mg,Antiviral & Anti-infective,2026-02-21,16,121.39
43,Acyclovir 400mg,Antiviral & Anti-infective,2026-02-22,20,121.39
43,Acyclovir 400mg,Antiviral & Anti-infective,2026-02-23,29,121.39
43,Acyclovir 400mg,Antiviral & Anti-infective,2026-02-24,35,121.39
43,Acyclovir 400mg,Antiviral & Anti-infective,2026-02-25,28,121.39
43,Acyclovir 400mg,Antiviral & Anti-infective,2026-02-26,40,121.39
43,Acyclovir 400mg,Antiviral & Anti-infective,2026-02-27,25,121.39
43,Acyclovir 400mg,Antiviral & Anti-infective,2026-02-28,18,121.39
43,Acyclovir 400mg,Antiviral & Anti-infective,2026-03-01,25,121.39
43,Acyclovir 400mg,Antiviral & Anti-infective,2026-03-02,22,121.39
43,Acyclovir 400mg,Antiviral & Anti-infective,2026-03-03,18,121.39
43,Acyclovir 400mg,Antiviral & Anti-infective,2026-03-04,26,121.39
43,Acyclovir 400mg,Antiviral & Anti-infective,2026-03-05,22,121.39
43,Acyclovir 400mg,Antiviral & Anti-infective,2026-03-06,20,121.39
43,Acyclovir 400mg,Antiviral & Anti-infective,2026-03-07,11,121.39
43,Acyclovir 400mg,Antiviral & Anti-infective,2026-03-08,30,121.39
43,Acyclovir 400mg,Antiviral & Anti-infective,2026-03-09,23,121.39
43,Acyclovir 400mg,Antiviral & Anti-infective,2026-03-10,15,121.39
43,Acyclovir 400mg,Antiviral & Anti-infective,2026-03-11,32,121.39
43,Acyclovir 400mg,Antiviral & Anti-infective,2026-03-12,28,121.39
43,Acyclovir 400mg,Antiviral & Anti-infective,2026-03-13,21,121.39
43,Acyclovir 400mg,Antiviral & Anti-infective,2026-03-14,11,121.39
43,Acyclovir 400mg,Antiviral & Anti-infective,2026-03-15,20,121.39
43,Acyclovir 400mg,Antiviral & Anti-infective,2026-03-16,23,121.39
43,Acyclovir 400mg,Antiviral & Anti-infective,2026-03-17,15,121.39
43,Acyclovir 400mg,Antiviral & Anti-infective,2026-03-18,34,121.39
43,Acyclovir 400mg,Antiviral & Anti-infective,2026-03-19,22,121.39
43,Acyclovir 400mg,Antiviral & Anti-infective,2026-03-20,32,121.39
43,Acyclovir 400mg,Antiviral & Anti-infective,2026-03-21,23,121.39
43,Acyclovir 400mg,Antiviral & Anti-infective,2026-03-22,11,121.39
43,Acyclovir 400mg,Antiviral & Anti-infective,2026-03-23,30,121.39
43,Acyclovir 400mg,Antiviral & Anti-infective,2026-03-24,21,121.39
43,Acyclovir 400mg,Antiviral & Anti-infective,2026-03-25,15,121.39
43,Acyclovir 400mg,Antiviral & Anti-infective,2026-03-26,22,121.39
43,Acyclovir 400mg,Antiviral & Anti-infective,2026-03-27,27,121.39
43,Acyclovir 400mg,Antiviral & Anti-infective,2026-03-28,14,121.39
43,Acyclovir 400mg,Antiviral & Anti-infective,2026-03-29,15,121.39
43,Acyclovir 400mg,Antiviral & Anti-infective,2026-03-30,30,121.39
43,Acyclovir 400mg,Antiviral & Anti-infective,2026-03-31,25,121.39
43,Acyclovir 400mg,Antiviral & Anti-infective,2026-04-01,20,121.39
43,Acyclovir 400mg,Antiviral & Anti-infective,2026-04-02,28,121.39
43,Acyclovir 400mg,Antiviral & Anti-infective,2026-04-03,25,121.39
43,Acyclovir 400mg,Antiviral & Anti-infective,2026-04-04,3,121.39
43,Acyclovir 400mg,Antiviral & Anti-infective,2026-04-05,18,121.39
43,Acyclovir 400mg,Antiviral & Anti-infective,2026-04-06,26,121.39
43,Acyclovir 400mg,Antiviral & Anti-infective,2026-04-07,25,121.39
43,Acyclovir 400mg,Antiviral & Anti-infective,2026-04-08,29,121.39
43,Acyclovir 400mg,Antiviral & Anti-infective,2026-04-09,21,121.39
43,Acyclovir 400mg,Antiviral & Anti-infective,2026-04-10,26,121.39
43,Acyclovir 400mg,Antiviral & Anti-infective,2026-04-11,8,121.39
43,Acyclovir 400mg,Antiviral & Anti-infective,2026-04-12,18,121.39
43,Acyclovir 400mg,Antiviral & Anti-infective,2026-04-13,34,121.39
43,Acyclovir 400mg,Antiviral & Anti-infective,2026-04-14,19,121.39
43,Acyclovir 400mg,Antiviral & Anti-infective,2026-04-15,21,121.39
43,Acyclovir 400mg,Antiviral & Anti-infective,2026-04-16,21,121.39
43,Acyclovir 400mg,Antiviral & Anti-infective,2026-04-17,25,121.39
43,Acyclovir 400mg,Antiviral & Anti-infective,2026-04-18,11,121.39
43,Acyclovir 400mg,Antiviral & Anti-infective,2026-04-19,18,121.39
43,Acyclovir 400mg,Antiviral & Anti-infective,2026-04-20,29,121.39
43,Acyclovir 400mg,Antiviral & Anti-infective,2026-04-21,27,121.39
43,Acyclovir 400mg,Antiviral & Anti-infective,2026-04-22,15,121.39
43,Acyclovir 400mg,Antiviral & Anti-infective,2026-04-23,30,121.39
43,Acyclovir 400mg,Antiviral & Anti-infective,2026-04-24,29,121.39
43,Acyclovir 400mg,Antiviral & Anti-infective,2026-04-25,20,121.39
43,Acyclovir 400mg,Antiviral & Anti-infective,2026-04-26,18,121.39
43,Acyclovir 400mg,Antiviral & Anti-infective,2026-04-27,26,121.39
43,Acyclovir 400mg,Antiviral & Anti-infective,2026-04-28,30,121.39
43,Acyclovir 400mg,Antiviral & Anti-infective,2026-04-29,34,121.39
43,Acyclovir 400mg,Antiviral & Anti-infective,2026-04-30,20,121.39
43,Acyclovir 400mg,Antiviral & Anti-infective,2026-05-01,30,121.39
43,Acyclovir 400mg,Antiviral & Anti-infective,2026-05-02,16,121.39
43,Acyclovir 400mg,Antiviral & Anti-infective,2026-05-03,15,121.39
43,Acyclovir 400mg,Antiviral & Anti-infective,2026-05-04,17,121.39
43,Acyclovir 400mg,Antiviral & Anti-infective,2026-05-05,23,121.39
43,Acyclovir 400mg,Antiviral & Anti-infective,2026-05-06,19,121.39
43,Acyclovir 400mg,Antiviral & Anti-infective,2026-05-07,22,121.39
43,Acyclovir 400mg,Antiviral & Anti-infective,2026-05-08,19,121.39
43,Acyclovir 400mg,Antiviral & Anti-infective,2026-05-09,14,121.39
43,Acyclovir 400mg,Antiviral & Anti-infective,2026-05-10,14,121.39
43,Acyclovir 400mg,Antiviral & Anti-infective,2026-05-11,25,121.39
43,Acyclovir 400mg,Antiviral & Anti-infective,2026-05-12,16,121.39
43,Acyclovir 400mg,Antiviral & Anti-infective,2026-05-13,17,121.39
43,Acyclovir 400mg,Antiviral & Anti-infective,2026-05-14,26,121.39
43,Acyclovir 400mg,Antiviral & Anti-infective,2026-05-15,20,121.39
43,Acyclovir 400mg,Antiviral & Anti-infective,2026-05-16,22,121.39
43,Acyclovir 400mg,Antiviral & Anti-infective,2026-05-17,17,121.39
43,Acyclovir 400mg,Antiviral & Anti-infective,2026-05-18,28,121.39
43,Acyclovir 400mg,Antiviral & Anti-infective,2026-05-19,32,121.39
43,Acyclovir 400mg,Antiviral & Anti-infective,2026-05-20,23,121.39
43,Acyclovir 400mg,Antiviral & Anti-infective,2026-05-21,22,121.39
43,Acyclovir 400mg,Antiviral & Anti-infective,2026-05-22,29,121.39
43,Acyclovir 400mg,Antiviral & Anti-infective,2026-05-23,19,121.39
43,Acyclovir 400mg,Antiviral & Anti-infective,2026-05-24,15,121.39
43,Acyclovir 400mg,Antiviral & Anti-infective,2026-05-25,32,121.39
43,Acyclovir 400mg,Antiviral & Anti-infective,2026-05-26,23,121.39
43,Acyclovir 400mg,Antiviral & Anti-infective,2026-05-27,25,121.39
43,Acyclovir 400mg,Antiviral & Anti-infective,2026-05-28,25,121.39
43,Acyclovir 400mg,Antiviral & Anti-infective,2026-05-29,20,121.39
43,Acyclovir 400mg,Antiviral & Anti-infective,2026-05-30,17,121.39
43,Acyclovir 400mg,Antiviral & Anti-infective,2026-05-31,23,121.39
43,Acyclovir 400mg,Antiviral & Anti-infective,2026-06-01,27,121.39
43,Acyclovir 400mg,Antiviral & Anti-infective,2026-06-02,25,121.39
43,Acyclovir 400mg,Antiviral & Anti-infective,2026-06-03,24,121.39
43,Acyclovir 400mg,Antiviral & Anti-infective,2026-06-04,26,121.39
43,Acyclovir 400mg,Antiviral & Anti-infective,2026-06-05,28,121.39
43,Acyclovir 400mg,Antiviral & Anti-infective,2026-06-06,19,121.39
43,Acyclovir 400mg,Antiviral & Anti-infective,2026-06-07,14,121.39
43,Acyclovir 400mg,Antiviral & Anti-infective,2026-06-08,26,121.39
43,Acyclovir 400mg,Antiviral & Anti-infective,2026-06-09,27,121.39
43,Acyclovir 400mg,Antiviral & Anti-infective,2026-06-10,19,121.39
43,Acyclovir 400mg,Antiviral & Anti-infective,2026-06-11,25,121.39
43,Acyclovir 400mg,Antiviral & Anti-infective,2026-06-12,13,121.39
43,Acyclovir 400mg,Antiviral & Anti-infective,2026-06-13,19,121.39
43,Acyclovir 400mg,Antiviral & Anti-infective,2026-06-14,20,121.39
43,Acyclovir 400mg,Antiviral & Anti-infective,2026-06-15,28,121.39
43,Acyclovir 400mg,Antiviral & Anti-infective,2026-06-16,22,121.39
43,Acyclovir 400mg,Antiviral & Anti-infective,2026-06-17,26,121.39
43,Acyclovir 400mg,Antiviral & Anti-infective,2026-06-18,32,121.39
43,Acyclovir 400mg,Antiviral & Anti-infective,2026-06-19,32,121.39
43,Acyclovir 400mg,Antiviral & Anti-infective,2026-06-20,16,121.39
43,Acyclovir 400mg,Antiviral & Anti-infective,2026-06-21,17,121.39
43,Acyclovir 400mg,Antiviral & Anti-infective,2026-06-22,30,121.39
43,Acyclovir 400mg,Antiviral & Anti-infective,2026-06-23,17,121.39
43,Acyclovir 400mg,Antiviral & Anti-infective,2026-06-24,23,121.39
43,Acyclovir 400mg,Antiviral & Anti-infective,2026-06-25,31,121.39
43,Acyclovir 400mg,Antiviral & Anti-infective,2026-06-26,29,121.39
43,Acyclovir 400mg,Antiviral & Anti-infective,2026-06-27,18,121.39
43,Acyclovir 400mg,Antiviral & Anti-infective,2026-06-28,8,121.39
43,Acyclovir 400mg,Antiviral & Anti-infective,2026-06-29,24,121.39
43,Acyclovir 400mg,Antiviral & Anti-infective,2026-06-30,21,121.39
43,Acyclovir 400mg,Antiviral & Anti-infective,2026-07-01,26,121.39
43,Acyclovir 400mg,Antiviral & Anti-infective,2026-07-02,20,121.39
43,Acyclovir 400mg,Antiviral & Anti-infective,2026-07-03,19,121.39
43,Acyclovir 400mg,Antiviral & Anti-infective,2026-07-04,6,121.39
43,Acyclovir 400mg,Antiviral & Anti-infective,2026-07-05,22,121.39
43,Acyclovir 400mg,Antiviral & Anti-infective,2026-07-06,22,121.39
43,Acyclovir 400mg,Antiviral & Anti-infective,2026-07-07,25,121.39
43,Acyclovir 400mg,Antiviral & Anti-infective,2026-07-08,24,121.39
43,Acyclovir 400mg,Antiviral & Anti-infective,2026-07-09,19,121.39
43,Acyclovir 400mg,Antiviral & Anti-infective,2026-07-10,18,121.39
43,Acyclovir 400mg,Antiviral & Anti-infective,2026-07-11,11,121.39
43,Acyclovir 400mg,Antiviral & Anti-infective,2026-07-12,12,121.39
43,Acyclovir 400mg,Antiviral & Anti-infective,2026-07-13,26,121.39
43,Acyclovir 400mg,Antiviral & Anti-infective,2026-07-14,20,121.39
43,Acyclovir 400mg,Antiviral & Anti-infective,2026-07-15,33,121.39
43,Acyclovir 400mg,Antiviral & Anti-infective,2026-07-16,30,121.39
43,Acyclovir 400mg,Antiviral & Anti-infective,2026-07-17,29,121.39
43,Acyclovir 400mg,Antiviral & Anti-infective,2026-07-18,16,121.39
43,Acyclovir 400mg,Antiviral & Anti-infective,2026-07-19,24,121.39
43,Acyclovir 400mg,Antiviral & Anti-infective,2026-07-20,23,121.39
43,Acyclovir 400mg,Antiviral & Anti-infective,2026-07-21,24,121.39
43,Acyclovir 400mg,Antiviral & Anti-infective,2026-07-22,25,121.39
43,Acyclovir 400mg,Antiviral & Anti-infective,2026-07-23,28,121.39
43,Acyclovir 400mg,Antiviral & Anti-infective,2026-07-24,28,121.39
43,Acyclovir 400mg,Antiviral & Anti-infective,2026-07-25,14,121.39
43,Acyclovir 400mg,Antiviral & Anti-infective,2026-07-26,13,121.39
43,Acyclovir 400mg,Antiviral & Anti-infective,2026-07-27,28,121.39
43,Acyclovir 400mg,Antiviral & Anti-infective,2026-07-28,28,121.39
43,Acyclovir 400mg,Antiviral & Anti-infective,2026-07-29,22,121.39
43,Acyclovir 400mg,Antiviral & Anti-infective,2026-07-30,16,121.39
43,Acyclovir 400mg,Antiviral & Anti-infective,2026-07-31,23,121.39
43,Acyclovir 400mg,Antiviral & Anti-infective,2026-08-01,19,121.39
43,Acyclovir 400mg,Antiviral & Anti-infective,2026-08-02,25,121.39
43,Acyclovir 400mg,Antiviral & Anti-infective,2026-08-03,18,121.39
43,Acyclovir 400mg,Antiviral & Anti-infective,2026-08-04,22,121.39
43,Acyclovir 400mg,Antiviral & Anti-infective,2026-08-05,22,121.39
43,Acyclovir 400mg,Antiviral & Anti-infective,2026-08-06,31,121.39
43,Acyclovir 400mg,Antiviral & Anti-infective,2026-08-07,24,121.39
43,Acyclovir 400mg,Antiviral & Anti-infective,2026-08-08,12,121.39
43,Acyclovir 400mg,Antiviral & Anti-infective,2026-08-09,19,121.39
43,Acyclovir 400mg,Antiviral & Anti-infective,2026-08-10,22,121.39
43,Acyclovir 400mg,Antiviral & Anti-infective,2026-08-11,18,121.39
43,Acyclovir 400mg,Antiviral & Anti-infective,2026-08-12,20,121.39
43,Acyclovir 400mg,Antiviral & Anti-infective,2026-08-13,33,121.39
43,Acyclovir 400mg,Antiviral & Anti-infective,2026-08-14,26,121.39
43,Acyclovir 400mg,Antiviral & Anti-infective,2026-08-15,17,121.39
43,Acyclovir 400mg,Antiviral & Anti-infective,2026-08-16,15,121.39
43,Acyclovir 400mg,Antiviral & Anti-infective,2026-08-17,26,121.39
43,Acyclovir 400mg,Antiviral & Anti-infective,2026-08-18,26,121.39
43,Acyclovir 400mg,Antiviral & Anti-infective,2026-08-19,26,121.39
43,Acyclovir 400mg,Antiviral & Anti-infective,2026-08-20,25,121.39
43,Acyclovir 400mg,Antiviral & Anti-infective,2026-08-21,29,121.39
43,Acyclovir 400mg,Antiviral & Anti-infective,2026-08-22,16,121.39
43,Acyclovir 400mg,Antiviral & Anti-infective,2026-08-23,11,121.39
43,Acyclovir 400mg,Antiviral & Anti-infective,2026-08-24,21,121.39
43,Acyclovir 400mg,Antiviral & Anti-infective,2026-08-25,14,121.39
43,Acyclovir 400mg,Antiviral & Anti-infective,2026-08-26,35,121.39
43,Acyclovir 400mg,Antiviral & Anti-infective,2026-08-27,29,121.39
43,Acyclovir 400mg,Antiviral & Anti-infective,2026-08-28,20,121.39
43,Acyclovir 400mg,Antiviral & Anti-infective,2026-08-29,15,121.39
43,Acyclovir 400mg,Antiviral & Anti-infective,2026-08-30,13,121.39
43,Acyclovir 400mg,Antiviral & Anti-infective,2026-08-31,32,121.39
43,Acyclovir 400mg,Antiviral & Anti-infective,2026-09-01,17,121.39
43,Acyclovir 400mg,Antiviral & Anti-infective,2026-09-02,25,121.39
43,Acyclovir 400mg,Antiviral & Anti-infective,2026-09-03,24,121.39
43,Acyclovir 400mg,Antiviral & Anti-infective,2026-09-04,29,121.39
43,Acyclovir 400mg,Antiviral & Anti-infective,2026-09-05,16,121.39
43,Acyclovir 400mg,Antiviral & Anti-infective,2026-09-06,7,121.39
43,Acyclovir 400mg,Antiviral & Anti-infective,2026-09-07,23,121.39
43,Acyclovir 400mg,Antiviral & Anti-infective,2026-09-08,20,121.39
43,Acyclovir 400mg,Antiviral & Anti-infective,2026-09-09,25,121.39
43,Acyclovir 400mg,Antiviral & Anti-infective,2026-09-10,32,121.39
43,Acyclovir 400mg,Antiviral & Anti-infective,2026-09-11,16,121.39
43,Acyclovir 400mg,Antiviral & Anti-infective,2026-09-12,12,121.39
43,Acyclovir 400mg,Antiviral & Anti-infective,2026-09-13,13,121.39
43,Acyclovir 400mg,Antiviral & Anti-infective,2026-09-14,23,121.39
43,Acyclovir 400mg,Antiviral & Anti-infective,2026-09-15,28,121.39
43,Acyclovir 400mg,Antiviral & Anti-infective,2026-09-16,24,121.39
43,Acyclovir 400mg,Antiviral & Anti-infective,2026-09-17,27,121.39
43,Acyclovir 400mg,Antiviral & Anti-infective,2026-09-18,21,121.39
43,Acyclovir 400mg,Antiviral & Anti-infective,2026-09-19,17,121.39
43,Acyclovir 400mg,Antiviral & Anti-infective,2026-09-20,20,121.39
43,Acyclovir 400mg,Antiviral & Anti-infective,2026-09-21,21,121.39
43,Acyclovir 400mg,Antiviral & Anti-infective,2026-09-22,28,121.39
43,Acyclovir 400mg,Antiviral & Anti-infective,2026-09-23,25,121.39
43,Acyclovir 400mg,Antiviral & Anti-infective,2026-09-24,30,121.39
43,Acyclovir 400mg,Antiviral & Anti-infective,2026-09-25,23,121.39
44,Tenofovir Disoproxil 300mg,Antiviral & Anti-infective,2026-02-18,46,34.41
44,Tenofovir Disoproxil 300mg,Antiviral & Anti-infective,2026-02-19,43,34.41
44,Tenofovir Disoproxil 300mg,Antiviral & Anti-infective,2026-02-20,43,34.41
44,Tenofovir Disoproxil 300mg,Antiviral & Anti-infective,2026-02-21,31,34.41
44,Tenofovir Disoproxil 300mg,Antiviral & Anti-infective,2026-02-22,33,34.41
44,Tenofovir Disoproxil 300mg,Antiviral & Anti-infective,2026-02-23,34,34.41
44,Tenofovir Disoproxil 300mg,Antiviral & Anti-infective,2026-02-24,54,34.41
44,Tenofovir Disoproxil 300mg,Antiviral & Anti-infective,2026-02-25,30,34.41
44,Tenofovir Disoproxil 300mg,Antiviral & Anti-infective,2026-02-26,38,34.41
44,Tenofovir Disoproxil 300mg,Antiviral & Anti-infective,2026-02-27,43,34.41
44,Tenofovir Disoproxil 300mg,Antiviral & Anti-infective,2026-02-28,32,34.41
44,Tenofovir Disoproxil 300mg,Antiviral & Anti-infective,2026-03-01,33,34.41
44,Tenofovir Disoproxil 300mg,Antiviral & Anti-infective,2026-03-02,18,34.41
44,Tenofovir Disoproxil 300mg,Antiviral & Anti-infective,2026-03-03,28,34.41
44,Tenofovir Disoproxil 300mg,Antiviral & Anti-infective,2026-03-04,16,34.41
44,Tenofovir Disoproxil 300mg,Antiviral & Anti-infective,2026-03-05,32,34.41
44,Tenofovir Disoproxil 300mg,Antiviral & Anti-infective,2026-03-06,34,34.41
44,Tenofovir Disoproxil 300mg,Antiviral & Anti-infective,2026-03-07,33,34.41
44,Tenofovir Disoproxil 300mg,Antiviral & Anti-infective,2026-03-08,22,34.41
44,Tenofovir Disoproxil 300mg,Antiviral & Anti-infective,2026-03-09,40,34.41
44,Tenofovir Disoproxil 300mg,Antiviral & Anti-infective,2026-03-10,36,34.41
44,Tenofovir Disoproxil 300mg,Antiviral & Anti-infective,2026-03-11,29,34.41
44,Tenofovir Disoproxil 300mg,Antiviral & Anti-infective,2026-03-12,22,34.41
44,Tenofovir Disoproxil 300mg,Antiviral & Anti-infective,2026-03-13,34,34.41
44,Tenofovir Disoproxil 300mg,Antiviral & Anti-infective,2026-03-14,10,34.41
44,Tenofovir Disoproxil 300mg,Antiviral & Anti-infective,2026-03-15,31,34.41
44,Tenofovir Disoproxil 300mg,Antiviral & Anti-infective,2026-03-16,31,34.41
44,Tenofovir Disoproxil 300mg,Antiviral & Anti-infective,2026-03-17,41,34.41
44,Tenofovir Disoproxil 300mg,Antiviral & Anti-infective,2026-03-18,28,34.41
44,Tenofovir Disoproxil 300mg,Antiviral & Anti-infective,2026-03-19,34,34.41
44,Tenofovir Disoproxil 300mg,Antiviral & Anti-infective,2026-03-20,33,34.41
44,Tenofovir Disoproxil 300mg,Antiviral & Anti-infective,2026-03-21,21,34.41
44,Tenofovir Disoproxil 300mg,Antiviral & Anti-infective,2026-03-22,18,34.41
44,Tenofovir Disoproxil 300mg,Antiviral & Anti-infective,2026-03-23,35,34.41
44,Tenofovir Disoproxil 300mg,Antiviral & Anti-infective,2026-03-24,25,34.41
44,Tenofovir Disoproxil 300mg,Antiviral & Anti-infective,2026-03-25,23,34.41
44,Tenofovir Disoproxil 300mg,Antiviral & Anti-infective,2026-03-26,41,34.41
44,Tenofovir Disoproxil 300mg,Antiviral & Anti-infective,2026-03-27,37,34.41
44,Tenofovir Disoproxil 300mg,Antiviral & Anti-infective,2026-03-28,22,34.41
44,Tenofovir Disoproxil 300mg,Antiviral & Anti-infective,2026-03-29,33,34.41
44,Tenofovir Disoproxil 300mg,Antiviral & Anti-infective,2026-03-30,30,34.41
44,Tenofovir Disoproxil 300mg,Antiviral & Anti-infective,2026-03-31,42,34.41
44,Tenofovir Disoproxil 300mg,Antiviral & Anti-infective,2026-04-01,33,34.41
44,Tenofovir Disoproxil 300mg,Antiviral & Anti-infective,2026-04-02,24,34.41
44,Tenofovir Disoproxil 300mg,Antiviral & Anti-infective,2026-04-03,45,34.41
44,Tenofovir Disoproxil 300mg,Antiviral & Anti-infective,2026-04-04,28,34.41
44,Tenofovir Disoproxil 300mg,Antiviral & Anti-infective,2026-04-05,20,34.41
44,Tenofovir Disoproxil 300mg,Antiviral & Anti-infective,2026-04-06,37,34.41
44,Tenofovir Disoproxil 300mg,Antiviral & Anti-infective,2026-04-07,29,34.41
44,Tenofovir Disoproxil 300mg,Antiviral & Anti-infective,2026-04-08,38,34.41
44,Tenofovir Disoproxil 300mg,Antiviral & Anti-infective,2026-04-09,14,34.41
44,Tenofovir Disoproxil 300mg,Antiviral & Anti-infective,2026-04-10,24,34.41
44,Tenofovir Disoproxil 300mg,Antiviral & Anti-infective,2026-04-11,28,34.41
44,Tenofovir Disoproxil 300mg,Antiviral & Anti-infective,2026-04-12,19,34.41
44,Tenofovir Disoproxil 300mg,Antiviral & Anti-infective,2026-04-13,33,34.41
44,Tenofovir Disoproxil 300mg,Antiviral & Anti-infective,2026-04-14,22,34.41
44,Tenofovir Disoproxil 300mg,Antiviral & Anti-infective,2026-04-15,45,34.41
44,Tenofovir Disoproxil 300mg,Antiviral & Anti-infective,2026-04-16,41,34.41
44,Tenofovir Disoproxil 300mg,Antiviral & Anti-infective,2026-04-17,30,34.41
44,Tenofovir Disoproxil 300mg,Antiviral & Anti-infective,2026-04-18,18,34.41
44,Tenofovir Disoproxil 300mg,Antiviral & Anti-infective,2026-04-19,29,34.41
44,Tenofovir Disoproxil 300mg,Antiviral & Anti-infective,2026-04-20,46,34.41
44,Tenofovir Disoproxil 300mg,Antiviral & Anti-infective,2026-04-21,39,34.41
44,Tenofovir Disoproxil 300mg,Antiviral & Anti-infective,2026-04-22,48,34.41
44,Tenofovir Disoproxil 300mg,Antiviral & Anti-infective,2026-04-23,25,34.41
44,Tenofovir Disoproxil 300mg,Antiviral & Anti-infective,2026-04-24,26,34.41
44,Tenofovir Disoproxil 300mg,Antiviral & Anti-infective,2026-04-25,12,34.41
44,Tenofovir Disoproxil 300mg,Antiviral & Anti-infective,2026-04-26,24,34.41
44,Tenofovir Disoproxil 300mg,Antiviral & Anti-infective,2026-04-27,33,34.41
44,Tenofovir Disoproxil 300mg,Antiviral & Anti-infective,2026-04-28,31,34.41
44,Tenofovir Disoproxil 300mg,Antiviral & Anti-infective,2026-04-29,38,34.41
44,Tenofovir Disoproxil 300mg,Antiviral & Anti-infective,2026-04-30,41,34.41
44,Tenofovir Disoproxil 300mg,Antiviral & Anti-infective,2026-05-01,21,34.41
44,Tenofovir Disoproxil 300mg,Antiviral & Anti-infective,2026-05-02,17,34.41
44,Tenofovir Disoproxil 300mg,Antiviral & Anti-infective,2026-05-03,27,34.41
44,Tenofovir Disoproxil 300mg,Antiviral & Anti-infective,2026-05-04,28,34.41
44,Tenofovir Disoproxil 300mg,Antiviral & Anti-infective,2026-05-05,26,34.41
44,Tenofovir Disoproxil 300mg,Antiviral & Anti-infective,2026-05-06,39,34.41
44,Tenofovir Disoproxil 300mg,Antiviral & Anti-infective,2026-05-07,22,34.41
44,Tenofovir Disoproxil 300mg,Antiviral & Anti-infective,2026-05-08,30,34.41
44,Tenofovir Disoproxil 300mg,Antiviral & Anti-infective,2026-05-09,24,34.41
44,Tenofovir Disoproxil 300mg,Antiviral & Anti-infective,2026-05-10,17,34.41
44,Tenofovir Disoproxil 300mg,Antiviral & Anti-infective,2026-05-11,38,34.41
44,Tenofovir Disoproxil 300mg,Antiviral & Anti-infective,2026-05-12,28,34.41
44,Tenofovir Disoproxil 300mg,Antiviral & Anti-infective,2026-05-13,42,34.41
44,Tenofovir Disoproxil 300mg,Antiviral & Anti-infective,2026-05-14,31,34.41
44,Tenofovir Disoproxil 300mg,Antiviral & Anti-infective,2026-05-15,37,34.41
44,Tenofovir Disoproxil 300mg,Antiviral & Anti-infective,2026-05-16,27,34.41
44,Tenofovir Disoproxil 300mg,Antiviral & Anti-infective,2026-05-17,17,34.41
44,Tenofovir Disoproxil 300mg,Antiviral & Anti-infective,2026-05-18,17,34.41
44,Tenofovir Disoproxil 300mg,Antiviral & Anti-infective,2026-05-19,35,34.41
44,Tenofovir Disoproxil 300mg,Antiviral & Anti-infective,2026-05-20,32,34.41
44,Tenofovir Disoproxil 300mg,Antiviral & Anti-infective,2026-05-21,36,34.41
44,Tenofovir Disoproxil 300mg,Antiviral & Anti-infective,2026-05-22,30,34.41
44,Tenofovir Disoproxil 300mg,Antiviral & Anti-infective,2026-05-23,18,34.41
44,Tenofovir Disoproxil 300mg,Antiviral & Anti-infective,2026-05-24,36,34.41
44,Tenofovir Disoproxil 300mg,Antiviral & Anti-infective,2026-05-25,21,34.41
44,Tenofovir Disoproxil 300mg,Antiviral & Anti-infective,2026-05-26,37,34.41
44,Tenofovir Disoproxil 300mg,Antiviral & Anti-infective,2026-05-27,28,34.41
44,Tenofovir Disoproxil 300mg,Antiviral & Anti-infective,2026-05-28,29,34.41
44,Tenofovir Disoproxil 300mg,Antiviral & Anti-infective,2026-05-29,30,34.41
44,Tenofovir Disoproxil 300mg,Antiviral & Anti-infective,2026-05-30,15,34.41
44,Tenofovir Disoproxil 300mg,Antiviral & Anti-infective,2026-05-31,25,34.41
44,Tenofovir Disoproxil 300mg,Antiviral & Anti-infective,2026-06-01,42,34.41
44,Tenofovir Disoproxil 300mg,Antiviral & Anti-infective,2026-06-02,35,34.41
44,Tenofovir Disoproxil 300mg,Antiviral & Anti-infective,2026-06-03,33,34.41
44,Tenofovir Disoproxil 300mg,Antiviral & Anti-infective,2026-06-04,25,34.41
44,Tenofovir Disoproxil 300mg,Antiviral & Anti-infective,2026-06-05,36,34.41
44,Tenofovir Disoproxil 300mg,Antiviral & Anti-infective,2026-06-06,37,34.41
44,Tenofovir Disoproxil 300mg,Antiviral & Anti-infective,2026-06-07,18,34.41
44,Tenofovir Disoproxil 300mg,Antiviral & Anti-infective,2026-06-08,29,34.41
44,Tenofovir Disoproxil 300mg,Antiviral & Anti-infective,2026-06-09,28,34.41
44,Tenofovir Disoproxil 300mg,Antiviral & Anti-infective,2026-06-10,28,34.41
44,Tenofovir Disoproxil 300mg,Antiviral & Anti-infective,2026-06-11,12,34.41
44,Tenofovir Disoproxil 300mg,Antiviral & Anti-infective,2026-06-12,35,34.41
44,Tenofovir Disoproxil 300mg,Antiviral & Anti-infective,2026-06-13,15,34.41
44,Tenofovir Disoproxil 300mg,Antiviral & Anti-infective,2026-06-14,9,34.41
44,Tenofovir Disoproxil 300mg,Antiviral & Anti-infective,2026-06-15,37,34.41
44,Tenofovir Disoproxil 300mg,Antiviral & Anti-infective,2026-06-16,24,34.41
44,Tenofovir Disoproxil 300mg,Antiviral & Anti-infective,2026-06-17,29,34.41
44,Tenofovir Disoproxil 300mg,Antiviral & Anti-infective,2026-06-18,43,34.41
44,Tenofovir Disoproxil 300mg,Antiviral & Anti-infective,2026-06-19,22,34.41
44,Tenofovir Disoproxil 300mg,Antiviral & Anti-infective,2026-06-20,10,34.41
44,Tenofovir Disoproxil 300mg,Antiviral & Anti-infective,2026-06-21,23,34.41
44,Tenofovir Disoproxil 300mg,Antiviral & Anti-infective,2026-06-22,40,34.41
44,Tenofovir Disoproxil 300mg,Antiviral & Anti-infective,2026-06-23,20,34.41
44,Tenofovir Disoproxil 300mg,Antiviral & Anti-infective,2026-06-24,35,34.41
44,Tenofovir Disoproxil 300mg,Antiviral & Anti-infective,2026-06-25,36,34.41
44,Tenofovir Disoproxil 300mg,Antiviral & Anti-infective,2026-06-26,17,34.41
44,Tenofovir Disoproxil 300mg,Antiviral & Anti-infective,2026-06-27,27,34.41
44,Tenofovir Disoproxil 300mg,Antiviral & Anti-infective,2026-06-28,28,34.41
44,Tenofovir Disoproxil 300mg,Antiviral & Anti-infective,2026-06-29,30,34.41
44,Tenofovir Disoproxil 300mg,Antiviral & Anti-infective,2026-06-30,41,34.41
44,Tenofovir Disoproxil 300mg,Antiviral & Anti-infective,2026-07-01,40,34.41
44,Tenofovir Disoproxil 300mg,Antiviral & Anti-infective,2026-07-02,33,34.41
44,Tenofovir Disoproxil 300mg,Antiviral & Anti-infective,2026-07-03,29,34.41
44,Tenofovir Disoproxil 300mg,Antiviral & Anti-infective,2026-07-04,14,34.41
44,Tenofovir Disoproxil 300mg,Antiviral & Anti-infective,2026-07-05,21,34.41
44,Tenofovir Disoproxil 300mg,Antiviral & Anti-infective,2026-07-06,36,34.41
44,Tenofovir Disoproxil 300mg,Antiviral & Anti-infective,2026-07-07,30,34.41
44,Tenofovir Disoproxil 300mg,Antiviral & Anti-infective,2026-07-08,16,34.41
44,Tenofovir Disoproxil 300mg,Antiviral & Anti-infective,2026-07-09,41,34.41
44,Tenofovir Disoproxil 300mg,Antiviral & Anti-infective,2026-07-10,33,34.41
44,Tenofovir Disoproxil 300mg,Antiviral & Anti-infective,2026-07-11,18,34.41
44,Tenofovir Disoproxil 300mg,Antiviral & Anti-infective,2026-07-12,27,34.41
44,Tenofovir Disoproxil 300mg,Antiviral & Anti-infective,2026-07-13,43,34.41
44,Tenofovir Disoproxil 300mg,Antiviral & Anti-infective,2026-07-14,11,34.41
44,Tenofovir Disoproxil 300mg,Antiviral & Anti-infective,2026-07-15,35,34.41
44,Tenofovir Disoproxil 300mg,Antiviral & Anti-infective,2026-07-16,21,34.41
44,Tenofovir Disoproxil 300mg,Antiviral & Anti-infective,2026-07-17,36,34.41
44,Tenofovir Disoproxil 300mg,Antiviral & Anti-infective,2026-07-18,22,34.41
44,Tenofovir Disoproxil 300mg,Antiviral & Anti-infective,2026-07-19,26,34.41
44,Tenofovir Disoproxil 300mg,Antiviral & Anti-infective,2026-07-20,28,34.41
44,Tenofovir Disoproxil 300mg,Antiviral & Anti-infective,2026-07-21,18,34.41
44,Tenofovir Disoproxil 300mg,Antiviral & Anti-infective,2026-07-22,29,34.41
44,Tenofovir Disoproxil 300mg,Antiviral & Anti-infective,2026-07-23,35,34.41
44,Tenofovir Disoproxil 300mg,Antiviral & Anti-infective,2026-07-24,39,34.41
44,Tenofovir Disoproxil 300mg,Antiviral & Anti-infective,2026-07-25,13,34.41
44,Tenofovir Disoproxil 300mg,Antiviral & Anti-infective,2026-07-26,29,34.41
44,Tenofovir Disoproxil 300mg,Antiviral & Anti-infective,2026-07-27,27,34.41
44,Tenofovir Disoproxil 300mg,Antiviral & Anti-infective,2026-07-28,35,34.41
44,Tenofovir Disoproxil 300mg,Antiviral & Anti-infective,2026-07-29,28,34.41
44,Tenofovir Disoproxil 300mg,Antiviral & Anti-infective,2026-07-30,33,34.41
44,Tenofovir Disoproxil 300mg,Antiviral & Anti-infective,2026-07-31,38,34.41
44,Tenofovir Disoproxil 300mg,Antiviral & Anti-infective,2026-08-01,12,34.41
44,Tenofovir Disoproxil 300mg,Antiviral & Anti-infective,2026-08-02,16,34.41
44,Tenofovir Disoproxil 300mg,Antiviral & Anti-infective,2026-08-03,33,34.41
44,Tenofovir Disoproxil 300mg,Antiviral & Anti-infective,2026-08-04,50,34.41
44,Tenofovir Disoproxil 300mg,Antiviral & Anti-infective,2026-08-05,26,34.41
44,Tenofovir Disoproxil 300mg,Antiviral & Anti-infective,2026-08-06,47,34.41
44,Tenofovir Disoproxil 300mg,Antiviral & Anti-infective,2026-08-07,47,34.41
44,Tenofovir Disoproxil 300mg,Antiviral & Anti-infective,2026-08-08,20,34.41
44,Tenofovir Disoproxil 300mg,Antiviral & Anti-infective,2026-08-09,19,34.41
44,Tenofovir Disoproxil 300mg,Antiviral & Anti-infective,2026-08-10,27,34.41
44,Tenofovir Disoproxil 300mg,Antiviral & Anti-infective,2026-08-11,31,34.41
44,Tenofovir Disoproxil 300mg,Antiviral & Anti-infective,2026-08-12,22,34.41
44,Tenofovir Disoproxil 300mg,Antiviral & Anti-infective,2026-08-13,31,34.41
44,Tenofovir Disoproxil 300mg,Antiviral & Anti-infective,2026-08-14,43,34.41
44,Tenofovir Disoproxil 300mg,Antiviral & Anti-infective,2026-08-15,17,34.41
44,Tenofovir Disoproxil 300mg,Antiviral & Anti-infective,2026-08-16,19,34.41
44,Tenofovir Disoproxil 300mg,Antiviral & Anti-infective,2026-08-17,19,34.41
44,Tenofovir Disoproxil 300mg,Antiviral & Anti-infective,2026-08-18,35,34.41
44,Tenofovir Disoproxil 300mg,Antiviral & Anti-infective,2026-08-19,34,34.41
44,Tenofovir Disoproxil 300mg,Antiviral & Anti-infective,2026-08-20,32,34.41
44,Tenofovir Disoproxil 300mg,Antiviral & Anti-infective,2026-08-21,30,34.41
44,Tenofovir Disoproxil 300mg,Antiviral & Anti-infective,2026-08-22,19,34.41
44,Tenofovir Disoproxil 300mg,Antiviral & Anti-infective,2026-08-23,25,34.41
44,Tenofovir Disoproxil 300mg,Antiviral & Anti-infective,2026-08-24,32,34.41
44,Tenofovir Disoproxil 300mg,Antiviral & Anti-infective,2026-08-25,34,34.41
44,Tenofovir Disoproxil 300mg,Antiviral & Anti-infective,2026-08-26,33,34.41
44,Tenofovir Disoproxil 300mg,Antiviral & Anti-infective,2026-08-27,40,34.41
44,Tenofovir Disoproxil 300mg,Antiviral & Anti-infective,2026-08-28,37,34.41
44,Tenofovir Disoproxil 300mg,Antiviral & Anti-infective,2026-08-29,23,34.41
44,Tenofovir Disoproxil 300mg,Antiviral & Anti-infective,2026-08-30,32,34.41
44,Tenofovir Disoproxil 300mg,Antiviral & Anti-infective,2026-08-31,35,34.41
44,Tenofovir Disoproxil 300mg,Antiviral & Anti-infective,2026-09-01,41,34.41
44,Tenofovir Disoproxil 300mg,Antiviral & Anti-infective,2026-09-02,36,34.41
44,Tenofovir Disoproxil 300mg,Antiviral & Anti-infective,2026-09-03,18,34.41
44,Tenofovir Disoproxil 300mg,Antiviral & Anti-infective,2026-09-04,41,34.41
44,Tenofovir Disoproxil 300mg,Antiviral & Anti-infective,2026-09-05,22,34.41
44,Tenofovir Disoproxil 300mg,Antiviral & Anti-infective,2026-09-06,21,34.41
44,Tenofovir Disoproxil 300mg,Antiviral & Anti-infective,2026-09-07,34,34.41
44,Tenofovir Disoproxil 300mg,Antiviral & Anti-infective,2026-09-08,29,34.41
44,Tenofovir Disoproxil 300mg,Antiviral & Anti-infective,2026-09-09,34,34.41
44,Tenofovir Disoproxil 300mg,Antiviral & Anti-infective,2026-09-10,28,34.41
44,Tenofovir Disoproxil 300mg,Antiviral & Anti-infective,2026-09-11,41,34.41
44,Tenofovir Disoproxil 300mg,Antiviral & Anti-infective,2026-09-12,20,34.41
44,Tenofovir Disoproxil 300mg,Antiviral & Anti-infective,2026-09-13,18,34.41
44,Tenofovir Disoproxil 300mg,Antiviral & Anti-infective,2026-09-14,25,34.41
44,Tenofovir Disoproxil 300mg,Antiviral & Anti-infective,2026-09-15,34,34.41
44,Tenofovir Disoproxil 300mg,Antiviral & Anti-infective,2026-09-16,33,34.41
44,Tenofovir Disoproxil 300mg,Antiviral & Anti-infective,2026-09-17,35,34.41
44,Tenofovir Disoproxil 300mg,Antiviral & Anti-infective,2026-09-18,24,34.41
44,Tenofovir Disoproxil 300mg,Antiviral & Anti-infective,2026-09-19,9,34.41
44,Tenofovir Disoproxil 300mg,Antiviral & Anti-infective,2026-09-20,26,34.41
44,Tenofovir Disoproxil 300mg,Antiviral & Anti-infective,2026-09-21,43,34.41
44,Tenofovir Disoproxil 300mg,Antiviral & Anti-infective,2026-09-22,24,34.41
44,Tenofovir Disoproxil 300mg,Antiviral & Anti-infective,2026-09-23,44,34.41
44,Tenofovir Disoproxil 300mg,Antiviral & Anti-infective,2026-09-24,34,34.41
44,Tenofovir Disoproxil 300mg,Antiviral & Anti-infective,2026-09-25,32,34.41
45,Fluconazole 150mg,Antiviral & Anti-infective,2026-02-18,43,40.93
45,Fluconazole 150mg,Antiviral & Anti-infective,2026-02-19,37,40.93
45,Fluconazole 150mg,Antiviral & Anti-infective,2026-02-20,51,40.93
45,Fluconazole 150mg,Antiviral & Anti-infective,2026-02-21,26,40.93
45,Fluconazole 150mg,Antiviral & Anti-infective,2026-02-22,26,40.93
45,Fluconazole 150mg,Antiviral & Anti-infective,2026-02-23,51,40.93
45,Fluconazole 150mg,Antiviral & Anti-infective,2026-02-24,34,40.93
45,Fluconazole 150mg,Antiviral & Anti-infective,2026-02-25,37,40.93
45,Fluconazole 150mg,Antiviral & Anti-infective,2026-02-26,45,40.93
45,Fluconazole 150mg,Antiviral & Anti-infective,2026-02-27,47,40.93
45,Fluconazole 150mg,Antiviral & Anti-infective,2026-02-28,33,40.93
45,Fluconazole 150mg,Antiviral & Anti-infective,2026-03-01,20,40.93
45,Fluconazole 150mg,Antiviral & Anti-infective,2026-03-02,49,40.93
45,Fluconazole 150mg,Antiviral & Anti-infective,2026-03-03,32,40.93
45,Fluconazole 150mg,Antiviral & Anti-infective,2026-03-04,32,40.93
45,Fluconazole 150mg,Antiviral & Anti-infective,2026-03-05,29,40.93
45,Fluconazole 150mg,Antiviral & Anti-infective,2026-03-06,34,40.93
45,Fluconazole 150mg,Antiviral & Anti-infective,2026-03-07,26,40.93
45,Fluconazole 150mg,Antiviral & Anti-infective,2026-03-08,29,40.93
45,Fluconazole 150mg,Antiviral & Anti-infective,2026-03-09,25,40.93
45,Fluconazole 150mg,Antiviral & Anti-infective,2026-03-10,32,40.93
45,Fluconazole 150mg,Antiviral & Anti-infective,2026-03-11,36,40.93
45,Fluconazole 150mg,Antiviral & Anti-infective,2026-03-12,37,40.93
45,Fluconazole 150mg,Antiviral & Anti-infective,2026-03-13,34,40.93
45,Fluconazole 150mg,Antiviral & Anti-infective,2026-03-14,25,40.93
45,Fluconazole 150mg,Antiviral & Anti-infective,2026-03-15,17,40.93
45,Fluconazole 150mg,Antiviral & Anti-infective,2026-03-16,43,40.93
45,Fluconazole 150mg,Antiviral & Anti-infective,2026-03-17,39,40.93
45,Fluconazole 150mg,Antiviral & Anti-infective,2026-03-18,26,40.93
45,Fluconazole 150mg,Antiviral & Anti-infective,2026-03-19,27,40.93
45,Fluconazole 150mg,Antiviral & Anti-infective,2026-03-20,27,40.93
45,Fluconazole 150mg,Antiviral & Anti-infective,2026-03-21,26,40.93
45,Fluconazole 150mg,Antiviral & Anti-infective,2026-03-22,15,40.93
45,Fluconazole 150mg,Antiviral & Anti-infective,2026-03-23,32,40.93
45,Fluconazole 150mg,Antiviral & Anti-infective,2026-03-24,36,40.93
45,Fluconazole 150mg,Antiviral & Anti-infective,2026-03-25,33,40.93
45,Fluconazole 150mg,Antiviral & Anti-infective,2026-03-26,35,40.93
45,Fluconazole 150mg,Antiviral & Anti-infective,2026-03-27,27,40.93
45,Fluconazole 150mg,Antiviral & Anti-infective,2026-03-28,26,40.93
45,Fluconazole 150mg,Antiviral & Anti-infective,2026-03-29,19,40.93
45,Fluconazole 150mg,Antiviral & Anti-infective,2026-03-30,32,40.93
45,Fluconazole 150mg,Antiviral & Anti-infective,2026-03-31,35,40.93
45,Fluconazole 150mg,Antiviral & Anti-infective,2026-04-01,34,40.93
45,Fluconazole 150mg,Antiviral & Anti-infective,2026-04-02,34,40.93
45,Fluconazole 150mg,Antiviral & Anti-infective,2026-04-03,29,40.93
45,Fluconazole 150mg,Antiviral & Anti-infective,2026-04-04,20,40.93
45,Fluconazole 150mg,Antiviral & Anti-infective,2026-04-05,22,40.93
45,Fluconazole 150mg,Antiviral & Anti-infective,2026-04-06,25,40.93
45,Fluconazole 150mg,Antiviral & Anti-infective,2026-04-07,31,40.93
45,Fluconazole 150mg,Antiviral & Anti-infective,2026-04-08,36,40.93
45,Fluconazole 150mg,Antiviral & Anti-infective,2026-04-09,26,40.93
45,Fluconazole 150mg,Antiviral & Anti-infective,2026-04-10,40,40.93
45,Fluconazole 150mg,Antiviral & Anti-infective,2026-04-11,30,40.93
45,Fluconazole 150mg,Antiviral & Anti-infective,2026-04-12,15,40.93
45,Fluconazole 150mg,Antiviral & Anti-infective,2026-04-13,42,40.93
45,Fluconazole 150mg,Antiviral & Anti-infective,2026-04-14,33,40.93
45,Fluconazole 150mg,Antiviral & Anti-infective,2026-04-15,36,40.93
45,Fluconazole 150mg,Antiviral & Anti-infective,2026-04-16,31,40.93
45,Fluconazole 150mg,Antiviral & Anti-infective,2026-04-17,39,40.93
45,Fluconazole 150mg,Antiviral & Anti-infective,2026-04-18,25,40.93
45,Fluconazole 150mg,Antiviral & Anti-infective,2026-04-19,17,40.93
45,Fluconazole 150mg,Antiviral & Anti-infective,2026-04-20,27,40.93
45,Fluconazole 150mg,Antiviral & Anti-infective,2026-04-21,25,40.93
45,Fluconazole 150mg,Antiviral & Anti-infective,2026-04-22,35,40.93
45,Fluconazole 150mg,Antiviral & Anti-infective,2026-04-23,37,40.93
45,Fluconazole 150mg,Antiviral & Anti-infective,2026-04-24,37,40.93
45,Fluconazole 150mg,Antiviral & Anti-infective,2026-04-25,22,40.93
45,Fluconazole 150mg,Antiviral & Anti-infective,2026-04-26,15,40.93
45,Fluconazole 150mg,Antiviral & Anti-infective,2026-04-27,30,40.93
45,Fluconazole 150mg,Antiviral & Anti-infective,2026-04-28,40,40.93
45,Fluconazole 150mg,Antiviral & Anti-infective,2026-04-29,31,40.93
45,Fluconazole 150mg,Antiviral & Anti-infective,2026-04-30,34,40.93
45,Fluconazole 150mg,Antiviral & Anti-infective,2026-05-01,27,40.93
45,Fluconazole 150mg,Antiviral & Anti-infective,2026-05-02,24,40.93
45,Fluconazole 150mg,Antiviral & Anti-infective,2026-05-03,20,40.93
45,Fluconazole 150mg,Antiviral & Anti-infective,2026-05-04,40,40.93
45,Fluconazole 150mg,Antiviral & Anti-infective,2026-05-05,38,40.93
45,Fluconazole 150mg,Antiviral & Anti-infective,2026-05-06,31,40.93
45,Fluconazole 150mg,Antiviral & Anti-infective,2026-05-07,33,40.93
45,Fluconazole 150mg,Antiviral & Anti-infective,2026-05-08,30,40.93
45,Fluconazole 150mg,Antiviral & Anti-infective,2026-05-09,14,40.93
45,Fluconazole 150mg,Antiviral & Anti-infective,2026-05-10,17,40.93
45,Fluconazole 150mg,Antiviral & Anti-infective,2026-05-11,35,40.93
45,Fluconazole 150mg,Antiviral & Anti-infective,2026-05-12,36,40.93
45,Fluconazole 150mg,Antiviral & Anti-infective,2026-05-13,34,40.93
45,Fluconazole 150mg,Antiviral & Anti-infective,2026-05-14,32,40.93
45,Fluconazole 150mg,Antiviral & Anti-infective,2026-05-15,39,40.93
45,Fluconazole 150mg,Antiviral & Anti-infective,2026-05-16,23,40.93
45,Fluconazole 150mg,Antiviral & Anti-infective,2026-05-17,26,40.93
45,Fluconazole 150mg,Antiviral & Anti-infective,2026-05-18,23,40.93
45,Fluconazole 150mg,Antiviral & Anti-infective,2026-05-19,10,40.93
45,Fluconazole 150mg,Antiviral & Anti-infective,2026-05-20,35,40.93
45,Fluconazole 150mg,Antiviral & Anti-infective,2026-05-21,25,40.93
45,Fluconazole 150mg,Antiviral & Anti-infective,2026-05-22,32,40.93
45,Fluconazole 150mg,Antiviral & Anti-infective,2026-05-23,20,40.93
45,Fluconazole 150mg,Antiviral & Anti-infective,2026-05-24,32,40.93
45,Fluconazole 150mg,Antiviral & Anti-infective,2026-05-25,36,40.93
45,Fluconazole 150mg,Antiviral & Anti-infective,2026-05-26,35,40.93
45,Fluconazole 150mg,Antiviral & Anti-infective,2026-05-27,39,40.93
45,Fluconazole 150mg,Antiviral & Anti-infective,2026-05-28,36,40.93
45,Fluconazole 150mg,Antiviral & Anti-infective,2026-05-29,31,40.93
45,Fluconazole 150mg,Antiviral & Anti-infective,2026-05-30,29,40.93
45,Fluconazole 150mg,Antiviral & Anti-infective,2026-05-31,16,40.93
45,Fluconazole 150mg,Antiviral & Anti-infective,2026-06-01,36,40.93
45,Fluconazole 150mg,Antiviral & Anti-infective,2026-06-02,24,40.93
45,Fluconazole 150mg,Antiviral & Anti-infective,2026-06-03,35,40.93
45,Fluconazole 150mg,Antiviral & Anti-infective,2026-06-04,35,40.93
45,Fluconazole 150mg,Antiviral & Anti-infective,2026-06-05,43,40.93
45,Fluconazole 150mg,Antiviral & Anti-infective,2026-06-06,13,40.93
45,Fluconazole 150mg,Antiviral & Anti-infective,2026-06-07,19,40.93
45,Fluconazole 150mg,Antiviral & Anti-infective,2026-06-08,38,40.93
45,Fluconazole 150mg,Antiviral & Anti-infective,2026-06-09,36,40.93
45,Fluconazole 150mg,Antiviral & Anti-infective,2026-06-10,35,40.93
45,Fluconazole 150mg,Antiviral & Anti-infective,2026-06-11,28,40.93
45,Fluconazole 150mg,Antiviral & Anti-infective,2026-06-12,30,40.93
45,Fluconazole 150mg,Antiviral & Anti-infective,2026-06-13,30,40.93
45,Fluconazole 150mg,Antiviral & Anti-infective,2026-06-14,22,40.93
45,Fluconazole 150mg,Antiviral & Anti-infective,2026-06-15,36,40.93
45,Fluconazole 150mg,Antiviral & Anti-infective,2026-06-16,33,40.93
45,Fluconazole 150mg,Antiviral & Anti-infective,2026-06-17,27,40.93
45,Fluconazole 150mg,Antiviral & Anti-infective,2026-06-18,39,40.93
45,Fluconazole 150mg,Antiviral & Anti-infective,2026-06-19,37,40.93
45,Fluconazole 150mg,Antiviral & Anti-infective,2026-06-20,36,40.93
45,Fluconazole 150mg,Antiviral & Anti-infective,2026-06-21,16,40.93
45,Fluconazole 150mg,Antiviral & Anti-infective,2026-06-22,38,40.93
45,Fluconazole 150mg,Antiviral & Anti-infective,2026-06-23,26,40.93
45,Fluconazole 150mg,Antiviral & Anti-infective,2026-06-24,35,40.93
45,Fluconazole 150mg,Antiviral & Anti-infective,2026-06-25,39,40.93
45,Fluconazole 150mg,Antiviral & Anti-infective,2026-06-26,21,40.93
45,Fluconazole 150mg,Antiviral & Anti-infective,2026-06-27,21,40.93
45,Fluconazole 150mg,Antiviral & Anti-infective,2026-06-28,19,40.93
45,Fluconazole 150mg,Antiviral & Anti-infective,2026-06-29,29,40.93
45,Fluconazole 150mg,Antiviral & Anti-infective,2026-06-30,36,40.93
45,Fluconazole 150mg,Antiviral & Anti-infective,2026-07-01,40,40.93
45,Fluconazole 150mg,Antiviral & Anti-infective,2026-07-02,33,40.93
45,Fluconazole 150mg,Antiviral & Anti-infective,2026-07-03,35,40.93
45,Fluconazole 150mg,Antiviral & Anti-infective,2026-07-04,23,40.93
45,Fluconazole 150mg,Antiviral & Anti-infective,2026-07-05,22,40.93
45,Fluconazole 150mg,Antiviral & Anti-infective,2026-07-06,27,40.93
45,Fluconazole 150mg,Antiviral & Anti-infective,2026-07-07,40,40.93
45,Fluconazole 150mg,Antiviral & Anti-infective,2026-07-08,35,40.93
45,Fluconazole 150mg,Antiviral & Anti-infective,2026-07-09,36,40.93
45,Fluconazole 150mg,Antiviral & Anti-infective,2026-07-10,29,40.93
45,Fluconazole 150mg,Antiviral & Anti-infective,2026-07-11,20,40.93
45,Fluconazole 150mg,Antiviral & Anti-infective,2026-07-12,21,40.93
45,Fluconazole 150mg,Antiviral & Anti-infective,2026-07-13,25,40.93
45,Fluconazole 150mg,Antiviral & Anti-infective,2026-07-14,24,40.93
45,Fluconazole 150mg,Antiviral & Anti-infective,2026-07-15,30,40.93
45,Fluconazole 150mg,Antiviral & Anti-infective,2026-07-16,37,40.93
45,Fluconazole 150mg,Antiviral & Anti-infective,2026-07-17,30,40.93
45,Fluconazole 150mg,Antiviral & Anti-infective,2026-07-18,16,40.93
45,Fluconazole 150mg,Antiviral & Anti-infective,2026-07-19,17,40.93
45,Fluconazole 150mg,Antiviral & Anti-infective,2026-07-20,31,40.93
45,Fluconazole 150mg,Antiviral & Anti-infective,2026-07-21,32,40.93
45,Fluconazole 150mg,Antiviral & Anti-infective,2026-07-22,46,40.93
45,Fluconazole 150mg,Antiviral & Anti-infective,2026-07-23,40,40.93
45,Fluconazole 150mg,Antiviral & Anti-infective,2026-07-24,40,40.93
45,Fluconazole 150mg,Antiviral & Anti-infective,2026-07-25,29,40.93
45,Fluconazole 150mg,Antiviral & Anti-infective,2026-07-26,16,40.93
45,Fluconazole 150mg,Antiviral & Anti-infective,2026-07-27,26,40.93
45,Fluconazole 150mg,Antiviral & Anti-infective,2026-07-28,27,40.93
45,Fluconazole 150mg,Antiviral & Anti-infective,2026-07-29,41,40.93
45,Fluconazole 150mg,Antiviral & Anti-infective,2026-07-30,30,40.93
45,Fluconazole 150mg,Antiviral & Anti-infective,2026-07-31,26,40.93
45,Fluconazole 150mg,Antiviral & Anti-infective,2026-08-01,20,40.93
45,Fluconazole 150mg,Antiviral & Anti-infective,2026-08-02,21,40.93
45,Fluconazole 150mg,Antiviral & Anti-infective,2026-08-03,35,40.93
45,Fluconazole 150mg,Antiviral & Anti-infective,2026-08-04,35,40.93
45,Fluconazole 150mg,Antiviral & Anti-infective,2026-08-05,29,40.93
45,Fluconazole 150mg,Antiviral & Anti-infective,2026-08-06,38,40.93
45,Fluconazole 150mg,Antiviral & Anti-infective,2026-08-07,30,40.93
45,Fluconazole 150mg,Antiviral & Anti-infective,2026-08-08,21,40.93
45,Fluconazole 150mg,Antiviral & Anti-infective,2026-08-09,26,40.93
45,Fluconazole 150mg,Antiviral & Anti-infective,2026-08-10,30,40.93
45,Fluconazole 150mg,Antiviral & Anti-infective,2026-08-11,30,40.93
45,Fluconazole 150mg,Antiviral & Anti-infective,2026-08-12,37,40.93
45,Fluconazole 150mg,Antiviral & Anti-infective,2026-08-13,29,40.93
45,Fluconazole 150mg,Antiviral & Anti-infective,2026-08-14,31,40.93
45,Fluconazole 150mg,Antiviral & Anti-infective,2026-08-15,26,40.93
45,Fluconazole 150mg,Antiviral & Anti-infective,2026-08-16,34,40.93
45,Fluconazole 150mg,Antiviral & Anti-infective,2026-08-17,37,40.93
45,Fluconazole 150mg,Antiviral & Anti-infective,2026-08-18,36,40.93
45,Fluconazole 150mg,Antiviral & Anti-infective,2026-08-19,37,40.93
45,Fluconazole 150mg,Antiviral & Anti-infective,2026-08-20,27,40.93
45,Fluconazole 150mg,Antiviral & Anti-infective,2026-08-21,34,40.93
45,Fluconazole 150mg,Antiviral & Anti-infective,2026-08-22,22,40.93
45,Fluconazole 150mg,Antiviral & Anti-infective,2026-08-23,24,40.93
45,Fluconazole 150mg,Antiviral & Anti-infective,2026-08-24,34,40.93
45,Fluconazole 150mg,Antiviral & Anti-infective,2026-08-25,36,40.93
45,Fluconazole 150mg,Antiviral & Anti-infective,2026-08-26,32,40.93
45,Fluconazole 150mg,Antiviral & Anti-infective,2026-08-27,34,40.93
45,Fluconazole 150mg,Antiviral & Anti-infective,2026-08-28,26,40.93
45,Fluconazole 150mg,Antiviral & Anti-infective,2026-08-29,20,40.93
45,Fluconazole 150mg,Antiviral & Anti-infective,2026-08-30,30,40.93
45,Fluconazole 150mg,Antiviral & Anti-infective,2026-08-31,35,40.93
45,Fluconazole 150mg,Antiviral & Anti-infective,2026-09-01,33,40.93
45,Fluconazole 150mg,Antiviral & Anti-infective,2026-09-02,45,40.93
45,Fluconazole 150mg,Antiviral & Anti-infective,2026-09-03,26,40.93
45,Fluconazole 150mg,Antiviral & Anti-infective,2026-09-04,27,40.93
45,Fluconazole 150mg,Antiviral & Anti-infective,2026-09-05,32,40.93
45,Fluconazole 150mg,Antiviral & Anti-infective,2026-09-06,23,40.93
45,Fluconazole 150mg,Antiviral & Anti-infective,2026-09-07,32,40.93
45,Fluconazole 150mg,Antiviral & Anti-infective,2026-09-08,27,40.93
45,Fluconazole 150mg,Antiviral & Anti-infective,2026-09-09,36,40.93
45,Fluconazole 150mg,Antiviral & Anti-infective,2026-09-10,37,40.93
45,Fluconazole 150mg,Antiviral & Anti-infective,2026-09-11,27,40.93
45,Fluconazole 150mg,Antiviral & Anti-infective,2026-09-12,21,40.93
45,Fluconazole 150mg,Antiviral & Anti-infective,2026-09-13,20,40.93
45,Fluconazole 150mg,Antiviral & Anti-infective,2026-09-14,35,40.93
45,Fluconazole 150mg,Antiviral & Anti-infective,2026-09-15,27,40.93
45,Fluconazole 150mg,Antiviral & Anti-infective,2026-09-16,41,40.93
45,Fluconazole 150mg,Antiviral & Anti-infective,2026-09-17,39,40.93
45,Fluconazole 150mg,Antiviral & Anti-infective,2026-09-18,31,40.93
45,Fluconazole 150mg,Antiviral & Anti-infective,2026-09-19,21,40.93
45,Fluconazole 150mg,Antiviral & Anti-infective,2026-09-20,21,40.93
45,Fluconazole 150mg,Antiviral & Anti-infective,2026-09-21,29,40.93
45,Fluconazole 150mg,Antiviral & Anti-infective,2026-09-22,31,40.93
45,Fluconazole 150mg,Antiviral & Anti-infective,2026-09-23,32,40.93
45,Fluconazole 150mg,Antiviral & Anti-infective,2026-09-24,43,40.93
45,Fluconazole 150mg,Antiviral & Anti-infective,2026-09-25,39,40.93
46,Valacyclovir 500mg,Antiviral & Anti-infective,2026-02-18,57,108.37
46,Valacyclovir 500mg,Antiviral & Anti-infective,2026-02-19,52,108.37
46,Valacyclovir 500mg,Antiviral & Anti-infective,2026-02-20,38,108.37
46,Valacyclovir 500mg,Antiviral & Anti-infective,2026-02-21,32,108.37
46,Valacyclovir 500mg,Antiviral & Anti-infective,2026-02-22,41,108.37
46,Valacyclovir 500mg,Antiviral & Anti-infective,2026-02-23,37,108.37
46,Valacyclovir 500mg,Antiviral & Anti-infective,2026-02-24,54,108.37
46,Valacyclovir 500mg,Antiviral & Anti-infective,2026-02-25,69,108.37
46,Valacyclovir 500mg,Antiviral & Anti-infective,2026-02-26,58,108.37
46,Valacyclovir 500mg,Antiviral & Anti-infective,2026-02-27,61,108.37
46,Valacyclovir 500mg,Antiviral & Anti-infective,2026-02-28,34,108.37
46,Valacyclovir 500mg,Antiviral & Anti-infective,2026-03-01,32,108.37
46,Valacyclovir 500mg,Antiviral & Anti-infective,2026-03-02,29,108.37
46,Valacyclovir 500mg,Antiviral & Anti-infective,2026-03-03,43,108.37
46,Valacyclovir 500mg,Antiviral & Anti-infective,2026-03-04,41,108.37
46,Valacyclovir 500mg,Antiviral & Anti-infective,2026-03-05,38,108.37
46,Valacyclovir 500mg,Antiviral & Anti-infective,2026-03-06,47,108.37
46,Valacyclovir 500mg,Antiviral & Anti-infective,2026-03-07,19,108.37
46,Valacyclovir 500mg,Antiviral & Anti-infective,2026-03-08,22,108.37
46,Valacyclovir 500mg,Antiviral & Anti-infective,2026-03-09,36,108.37
46,Valacyclovir 500mg,Antiviral & Anti-infective,2026-03-10,26,108.37
46,Valacyclovir 500mg,Antiviral & Anti-infective,2026-03-11,38,108.37
46,Valacyclovir 500mg,Antiviral & Anti-infective,2026-03-12,20,108.37
46,Valacyclovir 500mg,Antiviral & Anti-infective,2026-03-13,45,108.37
46,Valacyclovir 500mg,Antiviral & Anti-infective,2026-03-14,24,108.37
46,Valacyclovir 500mg,Antiviral & Anti-infective,2026-03-15,19,108.37
46,Valacyclovir 500mg,Antiviral & Anti-infective,2026-03-16,28,108.37
46,Valacyclovir 500mg,Antiviral & Anti-infective,2026-03-17,33,108.37
46,Valacyclovir 500mg,Antiviral & Anti-infective,2026-03-18,42,108.37
46,Valacyclovir 500mg,Antiviral & Anti-infective,2026-03-19,41,108.37
46,Valacyclovir 500mg,Antiviral & Anti-infective,2026-03-20,29,108.37
46,Valacyclovir 500mg,Antiviral & Anti-infective,2026-03-21,16,108.37
46,Valacyclovir 500mg,Antiviral & Anti-infective,2026-03-22,29,108.37
46,Valacyclovir 500mg,Antiviral & Anti-infective,2026-03-23,29,108.37
46,Valacyclovir 500mg,Antiviral & Anti-infective,2026-03-24,36,108.37
46,Valacyclovir 500mg,Antiviral & Anti-infective,2026-03-25,37,108.37
46,Valacyclovir 500mg,Antiviral & Anti-infective,2026-03-26,38,108.37
46,Valacyclovir 500mg,Antiviral & Anti-infective,2026-03-27,43,108.37
46,Valacyclovir 500mg,Antiviral & Anti-infective,2026-03-28,12,108.37
46,Valacyclovir 500mg,Antiviral & Anti-infective,2026-03-29,6,108.37
46,Valacyclovir 500mg,Antiviral & Anti-infective,2026-03-30,30,108.37
46,Valacyclovir 500mg,Antiviral & Anti-infective,2026-03-31,52,108.37
46,Valacyclovir 500mg,Antiviral & Anti-infective,2026-04-01,54,108.37
46,Valacyclovir 500mg,Antiviral & Anti-infective,2026-04-02,52,108.37
46,Valacyclovir 500mg,Antiviral & Anti-infective,2026-04-03,34,108.37
46,Valacyclovir 500mg,Antiviral & Anti-infective,2026-04-04,7,108.37
46,Valacyclovir 500mg,Antiviral & Anti-infective,2026-04-05,2,108.37
46,Valacyclovir 500mg,Antiviral & Anti-infective,2026-04-06,30,108.37
46,Valacyclovir 500mg,Antiviral & Anti-infective,2026-04-07,34,108.37
46,Valacyclovir 500mg,Antiviral & Anti-infective,2026-04-08,47,108.37
46,Valacyclovir 500mg,Antiviral & Anti-infective,2026-04-09,43,108.37
46,Valacyclovir 500mg,Antiviral & Anti-infective,2026-04-10,38,108.37
46,Valacyclovir 500mg,Antiviral & Anti-infective,2026-04-11,16,108.37
46,Valacyclovir 500mg,Antiviral & Anti-infective,2026-04-12,15,108.37
46,Valacyclovir 500mg,Antiviral & Anti-infective,2026-04-13,38,108.37
46,Valacyclovir 500mg,Antiviral & Anti-infective,2026-04-14,42,108.37
46,Valacyclovir 500mg,Antiviral & Anti-infective,2026-04-15,39,108.37
46,Valacyclovir 500mg,Antiviral & Anti-infective,2026-04-16,26,108.37
46,Valacyclovir 500mg,Antiviral & Anti-infective,2026-04-17,41,108.37
46,Valacyclovir 500mg,Antiviral & Anti-infective,2026-04-18,27,108.37
46,Valacyclovir 500mg,Antiviral & Anti-infective,2026-04-19,14,108.37
46,Valacyclovir 500mg,Antiviral & Anti-infective,2026-04-20,28,108.37
46,Valacyclovir 500mg,Antiviral & Anti-infective,2026-04-21,42,108.37
46,Valacyclovir 500mg,Antiviral & Anti-infective,2026-04-22,33,108.37
46,Valacyclovir 500mg,Antiviral & Anti-infective,2026-04-23,50,108.37
46,Valacyclovir 500mg,Antiviral & Anti-infective,2026-04-24,40,108.37
46,Valacyclovir 500mg,Antiviral & Anti-infective,2026-04-25,19,108.37
46,Valacyclovir 500mg,Antiviral & Anti-infective,2026-04-26,23,108.37
46,Valacyclovir 500mg,Antiviral & Anti-infective,2026-04-27,36,108.37
46,Valacyclovir 500mg,Antiviral & Anti-infective,2026-04-28,29,108.37
46,Valacyclovir 500mg,Antiviral & Anti-infective,2026-04-29,27,108.37
46,Valacyclovir 500mg,Antiviral & Anti-infective,2026-04-30,42,108.37
46,Valacyclovir 500mg,Antiviral & Anti-infective,2026-05-01,43,108.37
46,Valacyclovir 500mg,Antiviral & Anti-infective,2026-05-02,29,108.37
46,Valacyclovir 500mg,Antiviral & Anti-infective,2026-05-03,37,108.37
46,Valacyclovir 500mg,Antiviral & Anti-infective,2026-05-04,31,108.37
46,Valacyclovir 500mg,Antiviral & Anti-infective,2026-05-05,51,108.37
46,Valacyclovir 500mg,Antiviral & Anti-infective,2026-05-06,27,108.37
46,Valacyclovir 500mg,Antiviral & Anti-infective,2026-05-07,26,108.37
46,Valacyclovir 500mg,Antiviral & Anti-infective,2026-05-08,20,108.37
46,Valacyclovir 500mg,Antiviral & Anti-infective,2026-05-09,20,108.37
46,Valacyclovir 500mg,Antiviral & Anti-infective,2026-05-10,19,108.37
46,Valacyclovir 500mg,Antiviral & Anti-infective,2026-05-11,40,108.37
46,Valacyclovir 500mg,Antiviral & Anti-infective,2026-05-12,38,108.37
46,Valacyclovir 500mg,Antiviral & Anti-infective,2026-05-13,25,108.37
46,Valacyclovir 500mg,Antiviral & Anti-infective,2026-05-14,32,108.37
46,Valacyclovir 500mg,Antiviral & Anti-infective,2026-05-15,32,108.37
46,Valacyclovir 500mg,Antiviral & Anti-infective,2026-05-16,8,108.37
46,Valacyclovir 500mg,Antiviral & Anti-infective,2026-05-17,15,108.37
46,Valacyclovir 500mg,Antiviral & Anti-infective,2026-05-18,29,108.37
46,Valacyclovir 500mg,Antiviral & Anti-infective,2026-05-19,48,108.37
46,Valacyclovir 500mg,Antiviral & Anti-infective,2026-05-20,37,108.37
46,Valacyclovir 500mg,Antiviral & Anti-infective,2026-05-21,42,108.37
46,Valacyclovir 500mg,Antiviral & Anti-infective,2026-05-22,22,108.37
46,Valacyclovir 500mg,Antiviral & Anti-infective,2026-05-23,34,108.37
46,Valacyclovir 500mg,Antiviral & Anti-infective,2026-05-24,35,108.37
46,Valacyclovir 500mg,Antiviral & Anti-infective,2026-05-25,18,108.37
46,Valacyclovir 500mg,Antiviral & Anti-infective,2026-05-26,29,108.37
46,Valacyclovir 500mg,Antiviral & Anti-infective,2026-05-27,40,108.37
46,Valacyclovir 500mg,Antiviral & Anti-infective,2026-05-28,41,108.37
46,Valacyclovir 500mg,Antiviral & Anti-infective,2026-05-29,29,108.37
46,Valacyclovir 500mg,Antiviral & Anti-infective,2026-05-30,21,108.37
46,Valacyclovir 500mg,Antiviral & Anti-infective,2026-05-31,18,108.37
46,Valacyclovir 500mg,Antiviral & Anti-infective,2026-06-01,37,108.37
46,Valacyclovir 500mg,Antiviral & Anti-infective,2026-06-02,46,108.37
46,Valacyclovir 500mg,Antiviral & Anti-infective,2026-06-03,29,108.37
46,Valacyclovir 500mg,Antiviral & Anti-infective,2026-06-04,45,108.37
46,Valacyclovir 500mg,Antiviral & Anti-infective,2026-06-05,29,108.37
46,Valacyclovir 500mg,Antiviral & Anti-infective,2026-06-06,16,108.37
46,Valacyclovir 500mg,Antiviral & Anti-infective,2026-06-07,31,108.37
46,Valacyclovir 500mg,Antiviral & Anti-infective,2026-06-08,44,108.37
46,Valacyclovir 500mg,Antiviral & Anti-infective,2026-06-09,43,108.37
46,Valacyclovir 500mg,Antiviral & Anti-infective,2026-06-10,24,108.37
46,Valacyclovir 500mg,Antiviral & Anti-infective,2026-06-11,31,108.37
46,Valacyclovir 500mg,Antiviral & Anti-infective,2026-06-12,43,108.37
46,Valacyclovir 500mg,Antiviral & Anti-infective,2026-06-13,24,108.37
46,Valacyclovir 500mg,Antiviral & Anti-infective,2026-06-14,14,108.37
46,Valacyclovir 500mg,Antiviral & Anti-infective,2026-06-15,40,108.37
46,Valacyclovir 500mg,Antiviral & Anti-infective,2026-06-16,29,108.37
46,Valacyclovir 500mg,Antiviral & Anti-infective,2026-06-17,52,108.37
46,Valacyclovir 500mg,Antiviral & Anti-infective,2026-06-18,49,108.37
46,Valacyclovir 500mg,Antiviral & Anti-infective,2026-06-19,41,108.37
46,Valacyclovir 500mg,Antiviral & Anti-infective,2026-06-20,36,108.37
46,Valacyclovir 500mg,Antiviral & Anti-infective,2026-06-21,24,108.37
46,Valacyclovir 500mg,Antiviral & Anti-infective,2026-06-22,42,108.37
46,Valacyclovir 500mg,Antiviral & Anti-infective,2026-06-23,49,108.37
46,Valacyclovir 500mg,Antiviral & Anti-infective,2026-06-24,38,108.37
46,Valacyclovir 500mg,Antiviral & Anti-infective,2026-06-25,33,108.37
46,Valacyclovir 500mg,Antiviral & Anti-infective,2026-06-26,20,108.37
46,Valacyclovir 500mg,Antiviral & Anti-infective,2026-06-27,23,108.37
46,Valacyclovir 500mg,Antiviral & Anti-infective,2026-06-28,31,108.37
46,Valacyclovir 500mg,Antiviral & Anti-infective,2026-06-29,44,108.37
46,Valacyclovir 500mg,Antiviral & Anti-infective,2026-06-30,40,108.37
46,Valacyclovir 500mg,Antiviral & Anti-infective,2026-07-01,31,108.37
46,Valacyclovir 500mg,Antiviral & Anti-infective,2026-07-02,18,108.37
46,Valacyclovir 500mg,Antiviral & Anti-infective,2026-07-03,31,108.37
46,Valacyclovir 500mg,Antiviral & Anti-infective,2026-07-04,21,108.37
46,Valacyclovir 500mg,Antiviral & Anti-infective,2026-07-05,21,108.37
46,Valacyclovir 500mg,Antiviral & Anti-infective,2026-07-06,41,108.37
46,Valacyclovir 500mg,Antiviral & Anti-infective,2026-07-07,53,108.37
46,Valacyclovir 500mg,Antiviral & Anti-infective,2026-07-08,37,108.37
46,Valacyclovir 500mg,Antiviral & Anti-infective,2026-07-09,34,108.37
46,Valacyclovir 500mg,Antiviral & Anti-infective,2026-07-10,33,108.37
46,Valacyclovir 500mg,Antiviral & Anti-infective,2026-07-11,25,108.37
46,Valacyclovir 500mg,Antiviral & Anti-infective,2026-07-12,16,108.37
46,Valacyclovir 500mg,Antiviral & Anti-infective,2026-07-13,37,108.37
46,Valacyclovir 500mg,Antiviral & Anti-infective,2026-07-14,40,108.37
46,Valacyclovir 500mg,Antiviral & Anti-infective,2026-07-15,37,108.37
46,Valacyclovir 500mg,Antiviral & Anti-infective,2026-07-16,40,108.37
46,Valacyclovir 500mg,Antiviral & Anti-infective,2026-07-17,39,108.37
46,Valacyclovir 500mg,Antiviral & Anti-infective,2026-07-18,8,108.37
46,Valacyclovir 500mg,Antiviral & Anti-infective,2026-07-19,29,108.37
46,Valacyclovir 500mg,Antiviral & Anti-infective,2026-07-20,30,108.37
46,Valacyclovir 500mg,Antiviral & Anti-infective,2026-07-21,26,108.37
46,Valacyclovir 500mg,Antiviral & Anti-infective,2026-07-22,26,108.37
46,Valacyclovir 500mg,Antiviral & Anti-infective,2026-07-23,39,108.37
46,Valacyclovir 500mg,Antiviral & Anti-infective,2026-07-24,34,108.37
46,Valacyclovir 500mg,Antiviral & Anti-infective,2026-07-25,8,108.37
46,Valacyclovir 500mg,Antiviral & Anti-infective,2026-07-26,28,108.37
46,Valacyclovir 500mg,Antiviral & Anti-infective,2026-07-27,23,108.37
46,Valacyclovir 500mg,Antiviral & Anti-infective,2026-07-28,37,108.37
46,Valacyclovir 500mg,Antiviral & Anti-infective,2026-07-29,38,108.37
46,Valacyclovir 500mg,Antiviral & Anti-infective,2026-07-30,44,108.37
46,Valacyclovir 500mg,Antiviral & Anti-infective,2026-07-31,52,108.37
46,Valacyclovir 500mg,Antiviral & Anti-infective,2026-08-01,11,108.37
46,Valacyclovir 500mg,Antiviral & Anti-infective,2026-08-02,23,108.37
46,Valacyclovir 500mg,Antiviral & Anti-infective,2026-08-03,33,108.37
46,Valacyclovir 500mg,Antiviral & Anti-infective,2026-08-04,39,108.37
46,Valacyclovir 500mg,Antiviral & Anti-infective,2026-08-05,38,108.37
46,Valacyclovir 500mg,Antiviral & Anti-infective,2026-08-06,32,108.37
46,Valacyclovir 500mg,Antiviral & Anti-infective,2026-08-07,32,108.37
46,Valacyclovir 500mg,Antiviral & Anti-infective,2026-08-08,13,108.37
46,Valacyclovir 500mg,Antiviral & Anti-infective,2026-08-09,32,108.37
46,Valacyclovir 500mg,Antiviral & Anti-infective,2026-08-10,40,108.37
46,Valacyclovir 500mg,Antiviral & Anti-infective,2026-08-11,44,108.37
46,Valacyclovir 500mg,Antiviral & Anti-infective,2026-08-12,33,108.37
46,Valacyclovir 500mg,Antiviral & Anti-infective,2026-08-13,30,108.37
46,Valacyclovir 500mg,Antiviral & Anti-infective,2026-08-14,26,108.37
46,Valacyclovir 500mg,Antiviral & Anti-infective,2026-08-15,27,108.37
46,Valacyclovir 500mg,Antiviral & Anti-infective,2026-08-16,14,108.37
46,Valacyclovir 500mg,Antiviral & Anti-infective,2026-08-17,52,108.37
46,Valacyclovir 500mg,Antiviral & Anti-infective,2026-08-18,24,108.37
46,Valacyclovir 500mg,Antiviral & Anti-infective,2026-08-19,38,108.37
46,Valacyclovir 500mg,Antiviral & Anti-infective,2026-08-20,50,108.37
46,Valacyclovir 500mg,Antiviral & Anti-infective,2026-08-21,41,108.37
46,Valacyclovir 500mg,Antiviral & Anti-infective,2026-08-22,25,108.37
46,Valacyclovir 500mg,Antiviral & Anti-infective,2026-08-23,15,108.37
46,Valacyclovir 500mg,Antiviral & Anti-infective,2026-08-24,23,108.37
46,Valacyclovir 500mg,Antiviral & Anti-infective,2026-08-25,43,108.37
46,Valacyclovir 500mg,Antiviral & Anti-infective,2026-08-26,49,108.37
46,Valacyclovir 500mg,Antiviral & Anti-infective,2026-08-27,32,108.37
46,Valacyclovir 500mg,Antiviral & Anti-infective,2026-08-28,25,108.37
46,Valacyclovir 500mg,Antiviral & Anti-infective,2026-08-29,1,108.37
46,Valacyclovir 500mg,Antiviral & Anti-infective,2026-08-30,15,108.37
46,Valacyclovir 500mg,Antiviral & Anti-infective,2026-08-31,35,108.37
46,Valacyclovir 500mg,Antiviral & Anti-infective,2026-09-01,50,108.37
46,Valacyclovir 500mg,Antiviral & Anti-infective,2026-09-02,42,108.37
46,Valacyclovir 500mg,Antiviral & Anti-infective,2026-09-03,38,108.37
46,Valacyclovir 500mg,Antiviral & Anti-infective,2026-09-04,32,108.37
46,Valacyclovir 500mg,Antiviral & Anti-infective,2026-09-05,18,108.37
46,Valacyclovir 500mg,Antiviral & Anti-infective,2026-09-06,36,108.37
46,Valacyclovir 500mg,Antiviral & Anti-infective,2026-09-07,37,108.37
46,Valacyclovir 500mg,Antiviral & Anti-infective,2026-09-08,17,108.37
46,Valacyclovir 500mg,Antiviral & Anti-infective,2026-09-09,29,108.37
46,Valacyclovir 500mg,Antiviral & Anti-infective,2026-09-10,28,108.37
46,Valacyclovir 500mg,Antiviral & Anti-infective,2026-09-11,31,108.37
46,Valacyclovir 500mg,Antiviral & Anti-infective,2026-09-12,29,108.37
46,Valacyclovir 500mg,Antiviral & Anti-infective,2026-09-13,23,108.37
46,Valacyclovir 500mg,Antiviral & Anti-infective,2026-09-14,35,108.37
46,Valacyclovir 500mg,Antiviral & Anti-infective,2026-09-15,47,108.37
46,Valacyclovir 500mg,Antiviral & Anti-infective,2026-09-16,29,108.37
46,Valacyclovir 500mg,Antiviral & Anti-infective,2026-09-17,52,108.37
46,Valacyclovir 500mg,Antiviral & Anti-infective,2026-09-18,30,108.37
46,Valacyclovir 500mg,Antiviral & Anti-infective,2026-09-19,24,108.37
46,Valacyclovir 500mg,Antiviral & Anti-infective,2026-09-20,21,108.37
46,Valacyclovir 500mg,Antiviral & Anti-infective,2026-09-21,37,108.37
46,Valacyclovir 500mg,Antiviral & Anti-infective,2026-09-22,40,108.37
46,Valacyclovir 500mg,Antiviral & Anti-infective,2026-09-23,39,108.37
46,Valacyclovir 500mg,Antiviral & Anti-infective,2026-09-24,29,108.37
46,Valacyclovir 500mg,Antiviral & Anti-infective,2026-09-25,25,108.37
47,Epinephrine 1mg/ml Inj,Emergency & Critical Care,2026-02-18,14,34.58
47,Epinephrine 1mg/ml Inj,Emergency & Critical Care,2026-02-19,7,34.58
47,Epinephrine 1mg/ml Inj,Emergency & Critical Care,2026-02-20,10,34.58
47,Epinephrine 1mg/ml Inj,Emergency & Critical Care,2026-02-21,2,34.58
47,Epinephrine 1mg/ml Inj,Emergency & Critical Care,2026-02-22,5,34.58
47,Epinephrine 1mg/ml Inj,Emergency & Critical Care,2026-02-23,8,34.58
47,Epinephrine 1mg/ml Inj,Emergency & Critical Care,2026-02-24,9,34.58
47,Epinephrine 1mg/ml Inj,Emergency & Critical Care,2026-02-25,2,34.58
47,Epinephrine 1mg/ml Inj,Emergency & Critical Care,2026-02-26,9,34.58
47,Epinephrine 1mg/ml Inj,Emergency & Critical Care,2026-02-27,6,34.58
47,Epinephrine 1mg/ml Inj,Emergency & Critical Care,2026-02-28,6,34.58
47,Epinephrine 1mg/ml Inj,Emergency & Critical Care,2026-03-01,3,34.58
47,Epinephrine 1mg/ml Inj,Emergency & Critical Care,2026-03-02,6,34.58
47,Epinephrine 1mg/ml Inj,Emergency & Critical Care,2026-03-03,8,34.58
47,Epinephrine 1mg/ml Inj,Emergency & Critical Care,2026-03-04,6,34.58
47,Epinephrine 1mg/ml Inj,Emergency & Critical Care,2026-03-05,7,34.58
47,Epinephrine 1mg/ml Inj,Emergency & Critical Care,2026-03-06,6,34.58
47,Epinephrine 1mg/ml Inj,Emergency & Critical Care,2026-03-07,1,34.58
47,Epinephrine 1mg/ml Inj,Emergency & Critical Care,2026-03-08,8,34.58
47,Epinephrine 1mg/ml Inj,Emergency & Critical Care,2026-03-09,5,34.58
47,Epinephrine 1mg/ml Inj,Emergency & Critical Care,2026-03-10,8,34.58
47,Epinephrine 1mg/ml Inj,Emergency & Critical Care,2026-03-11,10,34.58
47,Epinephrine 1mg/ml Inj,Emergency & Critical Care,2026-03-12,7,34.58
47,Epinephrine 1mg/ml Inj,Emergency & Critical Care,2026-03-13,7,34.58
47,Epinephrine 1mg/ml Inj,Emergency & Critical Care,2026-03-14,6,34.58
47,Epinephrine 1mg/ml Inj,Emergency & Critical Care,2026-03-15,8,34.58
47,Epinephrine 1mg/ml Inj,Emergency & Critical Care,2026-03-16,6,34.58
47,Epinephrine 1mg/ml Inj,Emergency & Critical Care,2026-03-17,8,34.58
47,Epinephrine 1mg/ml Inj,Emergency & Critical Care,2026-03-18,5,34.58
47,Epinephrine 1mg/ml Inj,Emergency & Critical Care,2026-03-19,7,34.58
47,Epinephrine 1mg/ml Inj,Emergency & Critical Care,2026-03-20,8,34.58
47,Epinephrine 1mg/ml Inj,Emergency & Critical Care,2026-03-21,4,34.58
47,Epinephrine 1mg/ml Inj,Emergency & Critical Care,2026-03-22,4,34.58
47,Epinephrine 1mg/ml Inj,Emergency & Critical Care,2026-03-23,5,34.58
47,Epinephrine 1mg/ml Inj,Emergency & Critical Care,2026-03-24,9,34.58
47,Epinephrine 1mg/ml Inj,Emergency & Critical Care,2026-03-25,11,34.58
47,Epinephrine 1mg/ml Inj,Emergency & Critical Care,2026-03-26,6,34.58
47,Epinephrine 1mg/ml Inj,Emergency & Critical Care,2026-03-27,7,34.58
47,Epinephrine 1mg/ml Inj,Emergency & Critical Care,2026-03-28,6,34.58
47,Epinephrine 1mg/ml Inj,Emergency & Critical Care,2026-03-29,8,34.58
47,Epinephrine 1mg/ml Inj,Emergency & Critical Care,2026-03-30,5,34.58
47,Epinephrine 1mg/ml Inj,Emergency & Critical Care,2026-03-31,8,34.58
47,Epinephrine 1mg/ml Inj,Emergency & Critical Care,2026-04-01,9,34.58
47,Epinephrine 1mg/ml Inj,Emergency & Critical Care,2026-04-02,8,34.58
47,Epinephrine 1mg/ml Inj,Emergency & Critical Care,2026-04-03,3,34.58
47,Epinephrine 1mg/ml Inj,Emergency & Critical Care,2026-04-04,6,34.58
47,Epinephrine 1mg/ml Inj,Emergency & Critical Care,2026-04-05,9,34.58
47,Epinephrine 1mg/ml Inj,Emergency & Critical Care,2026-04-06,9,34.58
47,Epinephrine 1mg/ml Inj,Emergency & Critical Care,2026-04-07,6,34.58
47,Epinephrine 1mg/ml Inj,Emergency & Critical Care,2026-04-08,7,34.58
47,Epinephrine 1mg/ml Inj,Emergency & Critical Care,2026-04-09,12,34.58
47,Epinephrine 1mg/ml Inj,Emergency & Critical Care,2026-04-10,10,34.58
47,Epinephrine 1mg/ml Inj,Emergency & Critical Care,2026-04-11,7,34.58
47,Epinephrine 1mg/ml Inj,Emergency & Critical Care,2026-04-12,6,34.58
47,Epinephrine 1mg/ml Inj,Emergency & Critical Care,2026-04-13,7,34.58
47,Epinephrine 1mg/ml Inj,Emergency & Critical Care,2026-04-14,8,34.58
47,Epinephrine 1mg/ml Inj,Emergency & Critical Care,2026-04-15,8,34.58
47,Epinephrine 1mg/ml Inj,Emergency & Critical Care,2026-04-16,10,34.58
47,Epinephrine 1mg/ml Inj,Emergency & Critical Care,2026-04-17,12,34.58
47,Epinephrine 1mg/ml Inj,Emergency & Critical Care,2026-04-18,8,34.58
47,Epinephrine 1mg/ml Inj,Emergency & Critical Care,2026-04-19,2,34.58
47,Epinephrine 1mg/ml Inj,Emergency & Critical Care,2026-04-20,9,34.58
47,Epinephrine 1mg/ml Inj,Emergency & Critical Care,2026-04-21,10,34.58
47,Epinephrine 1mg/ml Inj,Emergency & Critical Care,2026-04-22,10,34.58
47,Epinephrine 1mg/ml Inj,Emergency & Critical Care,2026-04-23,7,34.58
47,Epinephrine 1mg/ml Inj,Emergency & Critical Care,2026-04-24,15,34.58
47,Epinephrine 1mg/ml Inj,Emergency & Critical Care,2026-04-25,3,34.58
47,Epinephrine 1mg/ml Inj,Emergency & Critical Care,2026-04-26,3,34.58
47,Epinephrine 1mg/ml Inj,Emergency & Critical Care,2026-04-27,9,34.58
47,Epinephrine 1mg/ml Inj,Emergency & Critical Care,2026-04-28,13,34.58
47,Epinephrine 1mg/ml Inj,Emergency & Critical Care,2026-04-29,7,34.58
47,Epinephrine 1mg/ml Inj,Emergency & Critical Care,2026-04-30,8,34.58
47,Epinephrine 1mg/ml Inj,Emergency & Critical Care,2026-05-01,11,34.58
47,Epinephrine 1mg/ml Inj,Emergency & Critical Care,2026-05-02,5,34.58
47,Epinephrine 1mg/ml Inj,Emergency & Critical Care,2026-05-03,5,34.58
47,Epinephrine 1mg/ml Inj,Emergency & Critical Care,2026-05-04,10,34.58
47,Epinephrine 1mg/ml Inj,Emergency & Critical Care,2026-05-05,9,34.58
47,Epinephrine 1mg/ml Inj,Emergency & Critical Care,2026-05-06,11,34.58
47,Epinephrine 1mg/ml Inj,Emergency & Critical Care,2026-05-07,11,34.58
47,Epinephrine 1mg/ml Inj,Emergency & Critical Care,2026-05-08,9,34.58
47,Epinephrine 1mg/ml Inj,Emergency & Critical Care,2026-05-09,6,34.58
47,Epinephrine 1mg/ml Inj,Emergency & Critical Care,2026-05-10,6,34.58
47,Epinephrine 1mg/ml Inj,Emergency & Critical Care,2026-05-11,9,34.58
47,Epinephrine 1mg/ml Inj,Emergency & Critical Care,2026-05-12,8,34.58
47,Epinephrine 1mg/ml Inj,Emergency & Critical Care,2026-05-13,8,34.58
47,Epinephrine 1mg/ml Inj,Emergency & Critical Care,2026-05-14,11,34.58
47,Epinephrine 1mg/ml Inj,Emergency & Critical Care,2026-05-15,12,34.58
47,Epinephrine 1mg/ml Inj,Emergency & Critical Care,2026-05-16,2,34.58
47,Epinephrine 1mg/ml Inj,Emergency & Critical Care,2026-05-17,5,34.58
47,Epinephrine 1mg/ml Inj,Emergency & Critical Care,2026-05-18,7,34.58
47,Epinephrine 1mg/ml Inj,Emergency & Critical Care,2026-05-19,8,34.58
47,Epinephrine 1mg/ml Inj,Emergency & Critical Care,2026-05-20,9,34.58
47,Epinephrine 1mg/ml Inj,Emergency & Critical Care,2026-05-21,10,34.58
47,Epinephrine 1mg/ml Inj,Emergency & Critical Care,2026-05-22,8,34.58
47,Epinephrine 1mg/ml Inj,Emergency & Critical Care,2026-05-23,1,34.58
47,Epinephrine 1mg/ml Inj,Emergency & Critical Care,2026-05-24,3,34.58
47,Epinephrine 1mg/ml Inj,Emergency & Critical Care,2026-05-25,10,34.58
47,Epinephrine 1mg/ml Inj,Emergency & Critical Care,2026-05-26,2,34.58
47,Epinephrine 1mg/ml Inj,Emergency & Critical Care,2026-05-27,11,34.58
47,Epinephrine 1mg/ml Inj,Emergency & Critical Care,2026-05-28,9,34.58
47,Epinephrine 1mg/ml Inj,Emergency & Critical Care,2026-05-29,11,34.58
47,Epinephrine 1mg/ml Inj,Emergency & Critical Care,2026-05-30,5,34.58
47,Epinephrine 1mg/ml Inj,Emergency & Critical Care,2026-05-31,1,34.58
47,Epinephrine 1mg/ml Inj,Emergency & Critical Care,2026-06-01,9,34.58
47,Epinephrine 1mg/ml Inj,Emergency & Critical Care,2026-06-02,11,34.58
47,Epinephrine 1mg/ml Inj,Emergency & Critical Care,2026-06-03,10,34.58
47,Epinephrine 1mg/ml Inj,Emergency & Critical Care,2026-06-04,7,34.58
47,Epinephrine 1mg/ml Inj,Emergency & Critical Care,2026-06-05,9,34.58
47,Epinephrine 1mg/ml Inj,Emergency & Critical Care,2026-06-06,4,34.58
47,Epinephrine 1mg/ml Inj,Emergency & Critical Care,2026-06-07,4,34.58
47,Epinephrine 1mg/ml Inj,Emergency & Critical Care,2026-06-08,10,34.58
47,Epinephrine 1mg/ml Inj,Emergency & Critical Care,2026-06-09,6,34.58
47,Epinephrine 1mg/ml Inj,Emergency & Critical Care,2026-06-10,6,34.58
47,Epinephrine 1mg/ml Inj,Emergency & Critical Care,2026-06-11,6,34.58
47,Epinephrine 1mg/ml Inj,Emergency & Critical Care,2026-06-12,5,34.58
47,Epinephrine 1mg/ml Inj,Emergency & Critical Care,2026-06-13,6,34.58
47,Epinephrine 1mg/ml Inj,Emergency & Critical Care,2026-06-14,8,34.58
47,Epinephrine 1mg/ml Inj,Emergency & Critical Care,2026-06-15,8,34.58
47,Epinephrine 1mg/ml Inj,Emergency & Critical Care,2026-06-16,5,34.58
47,Epinephrine 1mg/ml Inj,Emergency & Critical Care,2026-06-17,10,34.58
47,Epinephrine 1mg/ml Inj,Emergency & Critical Care,2026-06-18,12,34.58
47,Epinephrine 1mg/ml Inj,Emergency & Critical Care,2026-06-19,7,34.58
47,Epinephrine 1mg/ml Inj,Emergency & Critical Care,2026-06-20,4,34.58
47,Epinephrine 1mg/ml Inj,Emergency & Critical Care,2026-06-21,7,34.58
47,Epinephrine 1mg/ml Inj,Emergency & Critical Care,2026-06-22,12,34.58
47,Epinephrine 1mg/ml Inj,Emergency & Critical Care,2026-06-23,7,34.58
47,Epinephrine 1mg/ml Inj,Emergency & Critical Care,2026-06-24,5,34.58
47,Epinephrine 1mg/ml Inj,Emergency & Critical Care,2026-06-25,10,34.58
47,Epinephrine 1mg/ml Inj,Emergency & Critical Care,2026-06-26,10,34.58
47,Epinephrine 1mg/ml Inj,Emergency & Critical Care,2026-06-27,5,34.58
47,Epinephrine 1mg/ml Inj,Emergency & Critical Care,2026-06-28,4,34.58
47,Epinephrine 1mg/ml Inj,Emergency & Critical Care,2026-06-29,11,34.58
47,Epinephrine 1mg/ml Inj,Emergency & Critical Care,2026-06-30,10,34.58
47,Epinephrine 1mg/ml Inj,Emergency & Critical Care,2026-07-01,7,34.58
47,Epinephrine 1mg/ml Inj,Emergency & Critical Care,2026-07-02,8,34.58
47,Epinephrine 1mg/ml Inj,Emergency & Critical Care,2026-07-03,5,34.58
47,Epinephrine 1mg/ml Inj,Emergency & Critical Care,2026-07-04,7,34.58
47,Epinephrine 1mg/ml Inj,Emergency & Critical Care,2026-07-05,5,34.58
47,Epinephrine 1mg/ml Inj,Emergency & Critical Care,2026-07-06,7,34.58
47,Epinephrine 1mg/ml Inj,Emergency & Critical Care,2026-07-07,8,34.58
47,Epinephrine 1mg/ml Inj,Emergency & Critical Care,2026-07-08,8,34.58
47,Epinephrine 1mg/ml Inj,Emergency & Critical Care,2026-07-09,10,34.58
47,Epinephrine 1mg/ml Inj,Emergency & Critical Care,2026-07-10,10,34.58
47,Epinephrine 1mg/ml Inj,Emergency & Critical Care,2026-07-11,5,34.58
47,Epinephrine 1mg/ml Inj,Emergency & Critical Care,2026-07-12,7,34.58
47,Epinephrine 1mg/ml Inj,Emergency & Critical Care,2026-07-13,9,34.58
47,Epinephrine 1mg/ml Inj,Emergency & Critical Care,2026-07-14,7,34.58
47,Epinephrine 1mg/ml Inj,Emergency & Critical Care,2026-07-15,8,34.58
47,Epinephrine 1mg/ml Inj,Emergency & Critical Care,2026-07-16,8,34.58
47,Epinephrine 1mg/ml Inj,Emergency & Critical Care,2026-07-17,9,34.58
47,Epinephrine 1mg/ml Inj,Emergency & Critical Care,2026-07-18,5,34.58
47,Epinephrine 1mg/ml Inj,Emergency & Critical Care,2026-07-19,5,34.58
47,Epinephrine 1mg/ml Inj,Emergency & Critical Care,2026-07-20,13,34.58
47,Epinephrine 1mg/ml Inj,Emergency & Critical Care,2026-07-21,10,34.58
47,Epinephrine 1mg/ml Inj,Emergency & Critical Care,2026-07-22,7,34.58
47,Epinephrine 1mg/ml Inj,Emergency & Critical Care,2026-07-23,10,34.58
47,Epinephrine 1mg/ml Inj,Emergency & Critical Care,2026-07-24,9,34.58
47,Epinephrine 1mg/ml Inj,Emergency & Critical Care,2026-07-25,6,34.58
47,Epinephrine 1mg/ml Inj,Emergency & Critical Care,2026-07-26,6,34.58
47,Epinephrine 1mg/ml Inj,Emergency & Critical Care,2026-07-27,11,34.58
47,Epinephrine 1mg/ml Inj,Emergency & Critical Care,2026-07-28,9,34.58
47,Epinephrine 1mg/ml Inj,Emergency & Critical Care,2026-07-29,8,34.58
47,Epinephrine 1mg/ml Inj,Emergency & Critical Care,2026-07-30,11,34.58
47,Epinephrine 1mg/ml Inj,Emergency & Critical Care,2026-07-31,9,34.58
47,Epinephrine 1mg/ml Inj,Emergency & Critical Care,2026-08-01,6,34.58
47,Epinephrine 1mg/ml Inj,Emergency & Critical Care,2026-08-02,6,34.58
47,Epinephrine 1mg/ml Inj,Emergency & Critical Care,2026-08-03,8,34.58
47,Epinephrine 1mg/ml Inj,Emergency & Critical Care,2026-08-04,8,34.58
47,Epinephrine 1mg/ml Inj,Emergency & Critical Care,2026-08-05,7,34.58
47,Epinephrine 1mg/ml Inj,Emergency & Critical Care,2026-08-06,7,34.58
47,Epinephrine 1mg/ml Inj,Emergency & Critical Care,2026-08-07,6,34.58
47,Epinephrine 1mg/ml Inj,Emergency & Critical Care,2026-08-08,2,34.58
47,Epinephrine 1mg/ml Inj,Emergency & Critical Care,2026-08-09,3,34.58
47,Epinephrine 1mg/ml Inj,Emergency & Critical Care,2026-08-10,8,34.58
47,Epinephrine 1mg/ml Inj,Emergency & Critical Care,2026-08-11,9,34.58
47,Epinephrine 1mg/ml Inj,Emergency & Critical Care,2026-08-12,8,34.58
47,Epinephrine 1mg/ml Inj,Emergency & Critical Care,2026-08-13,3,34.58
47,Epinephrine 1mg/ml Inj,Emergency & Critical Care,2026-08-14,12,34.58
47,Epinephrine 1mg/ml Inj,Emergency & Critical Care,2026-08-15,8,34.58
47,Epinephrine 1mg/ml Inj,Emergency & Critical Care,2026-08-16,6,34.58
47,Epinephrine 1mg/ml Inj,Emergency & Critical Care,2026-08-17,13,34.58
47,Epinephrine 1mg/ml Inj,Emergency & Critical Care,2026-08-18,6,34.58
47,Epinephrine 1mg/ml Inj,Emergency & Critical Care,2026-08-19,12,34.58
47,Epinephrine 1mg/ml Inj,Emergency & Critical Care,2026-08-20,6,34.58
47,Epinephrine 1mg/ml Inj,Emergency & Critical Care,2026-08-21,9,34.58
47,Epinephrine 1mg/ml Inj,Emergency & Critical Care,2026-08-22,3,34.58
47,Epinephrine 1mg/ml Inj,Emergency & Critical Care,2026-08-23,5,34.58
47,Epinephrine 1mg/ml Inj,Emergency & Critical Care,2026-08-24,9,34.58
47,Epinephrine 1mg/ml Inj,Emergency & Critical Care,2026-08-25,8,34.58
47,Epinephrine 1mg/ml Inj,Emergency & Critical Care,2026-08-26,10,34.58
47,Epinephrine 1mg/ml Inj,Emergency & Critical Care,2026-08-27,9,34.58
47,Epinephrine 1mg/ml Inj,Emergency & Critical Care,2026-08-28,7,34.58
47,Epinephrine 1mg/ml Inj,Emergency & Critical Care,2026-08-29,4,34.58
47,Epinephrine 1mg/ml Inj,Emergency & Critical Care,2026-08-30,7,34.58
47,Epinephrine 1mg/ml Inj,Emergency & Critical Care,2026-08-31,7,34.58
47,Epinephrine 1mg/ml Inj,Emergency & Critical Care,2026-09-01,10,34.58
47,Epinephrine 1mg/ml Inj,Emergency & Critical Care,2026-09-02,11,34.58
47,Epinephrine 1mg/ml Inj,Emergency & Critical Care,2026-09-03,5,34.58
47,Epinephrine 1mg/ml Inj,Emergency & Critical Care,2026-09-04,11,34.58
47,Epinephrine 1mg/ml Inj,Emergency & Critical Care,2026-09-05,10,34.58
47,Epinephrine 1mg/ml Inj,Emergency & Critical Care,2026-09-06,6,34.58
47,Epinephrine 1mg/ml Inj,Emergency & Critical Care,2026-09-07,10,34.58
47,Epinephrine 1mg/ml Inj,Emergency & Critical Care,2026-09-08,11,34.58
47,Epinephrine 1mg/ml Inj,Emergency & Critical Care,2026-09-09,8,34.58
47,Epinephrine 1mg/ml Inj,Emergency & Critical Care,2026-09-10,9,34.58
47,Epinephrine 1mg/ml Inj,Emergency & Critical Care,2026-09-11,5,34.58
47,Epinephrine 1mg/ml Inj,Emergency & Critical Care,2026-09-12,6,34.58
47,Epinephrine 1mg/ml Inj,Emergency & Critical Care,2026-09-13,6,34.58
47,Epinephrine 1mg/ml Inj,Emergency & Critical Care,2026-09-14,9,34.58
47,Epinephrine 1mg/ml Inj,Emergency & Critical Care,2026-09-15,11,34.58
47,Epinephrine 1mg/ml Inj,Emergency & Critical Care,2026-09-16,7,34.58
47,Epinephrine 1mg/ml Inj,Emergency & Critical Care,2026-09-17,7,34.58
47,Epinephrine 1mg/ml Inj,Emergency & Critical Care,2026-09-18,13,34.58
47,Epinephrine 1mg/ml Inj,Emergency & Critical Care,2026-09-19,5,34.58
47,Epinephrine 1mg/ml Inj,Emergency & Critical Care,2026-09-20,6,34.58
47,Epinephrine 1mg/ml Inj,Emergency & Critical Care,2026-09-21,8,34.58
47,Epinephrine 1mg/ml Inj,Emergency & Critical Care,2026-09-22,7,34.58
47,Epinephrine 1mg/ml Inj,Emergency & Critical Care,2026-09-23,12,34.58
47,Epinephrine 1mg/ml Inj,Emergency & Critical Care,2026-09-24,7,34.58
47,Epinephrine 1mg/ml Inj,Emergency & Critical Care,2026-09-25,6,34.58
48,Atropine Sulfate 0.6mg Inj,Emergency & Critical Care,2026-02-18,11,99.83
48,Atropine Sulfate 0.6mg Inj,Emergency & Critical Care,2026-02-19,6,99.83
48,Atropine Sulfate 0.6mg Inj,Emergency & Critical Care,2026-02-20,10,99.83
48,Atropine Sulfate 0.6mg Inj,Emergency & Critical Care,2026-02-21,5,99.83
48,Atropine Sulfate 0.6mg Inj,Emergency & Critical Care,2026-02-22,10,99.83
48,Atropine Sulfate 0.6mg Inj,Emergency & Critical Care,2026-02-23,10,99.83
48,Atropine Sulfate 0.6mg Inj,Emergency & Critical Care,2026-02-24,16,99.83
48,Atropine Sulfate 0.6mg Inj,Emergency & Critical Care,2026-02-25,17,99.83
48,Atropine Sulfate 0.6mg Inj,Emergency & Critical Care,2026-02-26,15,99.83
48,Atropine Sulfate 0.6mg Inj,Emergency & Critical Care,2026-02-27,12,99.83
48,Atropine Sulfate 0.6mg Inj,Emergency & Critical Care,2026-02-28,9,99.83
48,Atropine Sulfate 0.6mg Inj,Emergency & Critical Care,2026-03-01,3,99.83
48,Atropine Sulfate 0.6mg Inj,Emergency & Critical Care,2026-03-02,12,99.83
48,Atropine Sulfate 0.6mg Inj,Emergency & Critical Care,2026-03-03,10,99.83
48,Atropine Sulfate 0.6mg Inj,Emergency & Critical Care,2026-03-04,15,99.83
48,Atropine Sulfate 0.6mg Inj,Emergency & Critical Care,2026-03-05,21,99.83
48,Atropine Sulfate 0.6mg Inj,Emergency & Critical Care,2026-03-06,14,99.83
48,Atropine Sulfate 0.6mg Inj,Emergency & Critical Care,2026-03-07,2,99.83
48,Atropine Sulfate 0.6mg Inj,Emergency & Critical Care,2026-03-08,7,99.83
48,Atropine Sulfate 0.6mg Inj,Emergency & Critical Care,2026-03-09,13,99.83
48,Atropine Sulfate 0.6mg Inj,Emergency & Critical Care,2026-03-10,13,99.83
48,Atropine Sulfate 0.6mg Inj,Emergency & Critical Care,2026-03-11,10,99.83
48,Atropine Sulfate 0.6mg Inj,Emergency & Critical Care,2026-03-12,13,99.83
48,Atropine Sulfate 0.6mg Inj,Emergency & Critical Care,2026-03-13,8,99.83
48,Atropine Sulfate 0.6mg Inj,Emergency & Critical Care,2026-03-14,5,99.83
48,Atropine Sulfate 0.6mg Inj,Emergency & Critical Care,2026-03-15,10,99.83
48,Atropine Sulfate 0.6mg Inj,Emergency & Critical Care,2026-03-16,9,99.83
48,Atropine Sulfate 0.6mg Inj,Emergency & Critical Care,2026-03-17,14,99.83
48,Atropine Sulfate 0.6mg Inj,Emergency & Critical Care,2026-03-18,8,99.83
48,Atropine Sulfate 0.6mg Inj,Emergency & Critical Care,2026-03-19,19,99.83
48,Atropine Sulfate 0.6mg Inj,Emergency & Critical Care,2026-03-20,10,99.83
48,Atropine Sulfate 0.6mg Inj,Emergency & Critical Care,2026-03-21,8,99.83
48,Atropine Sulfate 0.6mg Inj,Emergency & Critical Care,2026-03-22,9,99.83
48,Atropine Sulfate 0.6mg Inj,Emergency & Critical Care,2026-03-23,11,99.83
48,Atropine Sulfate 0.6mg Inj,Emergency & Critical Care,2026-03-24,13,99.83
48,Atropine Sulfate 0.6mg Inj,Emergency & Critical Care,2026-03-25,15,99.83
48,Atropine Sulfate 0.6mg Inj,Emergency & Critical Care,2026-03-26,16,99.83
48,Atropine Sulfate 0.6mg Inj,Emergency & Critical Care,2026-03-27,15,99.83
48,Atropine Sulfate 0.6mg Inj,Emergency & Critical Care,2026-03-28,8,99.83
48,Atropine Sulfate 0.6mg Inj,Emergency & Critical Care,2026-03-29,8,99.83
48,Atropine Sulfate 0.6mg Inj,Emergency & Critical Care,2026-03-30,21,99.83
48,Atropine Sulfate 0.6mg Inj,Emergency & Critical Care,2026-03-31,16,99.83
48,Atropine Sulfate 0.6mg Inj,Emergency & Critical Care,2026-04-01,10,99.83
48,Atropine Sulfate 0.6mg Inj,Emergency & Critical Care,2026-04-02,13,99.83
48,Atropine Sulfate 0.6mg Inj,Emergency & Critical Care,2026-04-03,12,99.83
48,Atropine Sulfate 0.6mg Inj,Emergency & Critical Care,2026-04-04,8,99.83
48,Atropine Sulfate 0.6mg Inj,Emergency & Critical Care,2026-04-05,4,99.83
48,Atropine Sulfate 0.6mg Inj,Emergency & Critical Care,2026-04-06,11,99.83
48,Atropine Sulfate 0.6mg Inj,Emergency & Critical Care,2026-04-07,19,99.83
48,Atropine Sulfate 0.6mg Inj,Emergency & Critical Care,2026-04-08,15,99.83
48,Atropine Sulfate 0.6mg Inj,Emergency & Critical Care,2026-04-09,4,99.83
48,Atropine Sulfate 0.6mg Inj,Emergency & Critical Care,2026-04-10,17,99.83
48,Atropine Sulfate 0.6mg Inj,Emergency & Critical Care,2026-04-11,12,99.83
48,Atropine Sulfate 0.6mg Inj,Emergency & Critical Care,2026-04-12,7,99.83
48,Atropine Sulfate 0.6mg Inj,Emergency & Critical Care,2026-04-13,15,99.83
48,Atropine Sulfate 0.6mg Inj,Emergency & Critical Care,2026-04-14,10,99.83
48,Atropine Sulfate 0.6mg Inj,Emergency & Critical Care,2026-04-15,11,99.83
48,Atropine Sulfate 0.6mg Inj,Emergency & Critical Care,2026-04-16,18,99.83
48,Atropine Sulfate 0.6mg Inj,Emergency & Critical Care,2026-04-17,12,99.83
48,Atropine Sulfate 0.6mg Inj,Emergency & Critical Care,2026-04-18,2,99.83
48,Atropine Sulfate 0.6mg Inj,Emergency & Critical Care,2026-04-19,8,99.83
48,Atropine Sulfate 0.6mg Inj,Emergency & Critical Care,2026-04-20,12,99.83
48,Atropine Sulfate 0.6mg Inj,Emergency & Critical Care,2026-04-21,17,99.83
48,Atropine Sulfate 0.6mg Inj,Emergency & Critical Care,2026-04-22,13,99.83
48,Atropine Sulfate 0.6mg Inj,Emergency & Critical Care,2026-04-23,11,99.83
48,Atropine Sulfate 0.6mg Inj,Emergency & Critical Care,2026-04-24,16,99.83
48,Atropine Sulfate 0.6mg Inj,Emergency & Critical Care,2026-04-25,9,99.83
48,Atropine Sulfate 0.6mg Inj,Emergency & Critical Care,2026-04-26,6,99.83
48,Atropine Sulfate 0.6mg Inj,Emergency & Critical Care,2026-04-27,17,99.83
48,Atropine Sulfate 0.6mg Inj,Emergency & Critical Care,2026-04-28,13,99.83
48,Atropine Sulfate 0.6mg Inj,Emergency & Critical Care,2026-04-29,13,99.83
48,Atropine Sulfate 0.6mg Inj,Emergency & Critical Care,2026-04-30,13,99.83
48,Atropine Sulfate 0.6mg Inj,Emergency & Critical Care,2026-05-01,9,99.83
48,Atropine Sulfate 0.6mg Inj,Emergency & Critical Care,2026-05-02,7,99.83
48,Atropine Sulfate 0.6mg Inj,Emergency & Critical Care,2026-05-03,8,99.83
48,Atropine Sulfate 0.6mg Inj,Emergency & Critical Care,2026-05-04,12,99.83
48,Atropine Sulfate 0.6mg Inj,Emergency & Critical Care,2026-05-05,17,99.83
48,Atropine Sulfate 0.6mg Inj,Emergency & Critical Care,2026-05-06,13,99.83
48,Atropine Sulfate 0.6mg Inj,Emergency & Critical Care,2026-05-07,16,99.83
48,Atropine Sulfate 0.6mg Inj,Emergency & Critical Care,2026-05-08,13,99.83
48,Atropine Sulfate 0.6mg Inj,Emergency & Critical Care,2026-05-09,12,99.83
48,Atropine Sulfate 0.6mg Inj,Emergency & Critical Care,2026-05-10,10,99.83
48,Atropine Sulfate 0.6mg Inj,Emergency & Critical Care,2026-05-11,13,99.83
48,Atropine Sulfate 0.6mg Inj,Emergency & Critical Care,2026-05-12,13,99.83
48,Atropine Sulfate 0.6mg Inj,Emergency & Critical Care,2026-05-13,9,99.83
48,Atropine Sulfate 0.6mg Inj,Emergency & Critical Care,2026-05-14,14,99.83
48,Atropine Sulfate 0.6mg Inj,Emergency & Critical Care,2026-05-15,13,99.83
48,Atropine Sulfate 0.6mg Inj,Emergency & Critical Care,2026-05-16,7,99.83
48,Atropine Sulfate 0.6mg Inj,Emergency & Critical Care,2026-05-17,12,99.83
48,Atropine Sulfate 0.6mg Inj,Emergency & Critical Care,2026-05-18,8,99.83
48,Atropine Sulfate 0.6mg Inj,Emergency & Critical Care,2026-05-19,11,99.83
48,Atropine Sulfate 0.6mg Inj,Emergency & Critical Care,2026-05-20,16,99.83
48,Atropine Sulfate 0.6mg Inj,Emergency & Critical Care,2026-05-21,14,99.83
48,Atropine Sulfate 0.6mg Inj,Emergency & Critical Care,2026-05-22,13,99.83
48,Atropine Sulfate 0.6mg Inj,Emergency & Critical Care,2026-05-23,9,99.83
48,Atropine Sulfate 0.6mg Inj,Emergency & Critical Care,2026-05-24,9,99.83
48,Atropine Sulfate 0.6mg Inj,Emergency & Critical Care,2026-05-25,8,99.83
48,Atropine Sulfate 0.6mg Inj,Emergency & Critical Care,2026-05-26,11,99.83
48,Atropine Sulfate 0.6mg Inj,Emergency & Critical Care,2026-05-27,18,99.83
48,Atropine Sulfate 0.6mg Inj,Emergency & Critical Care,2026-05-28,10,99.83
48,Atropine Sulfate 0.6mg Inj,Emergency & Critical Care,2026-05-29,12,99.83
48,Atropine Sulfate 0.6mg Inj,Emergency & Critical Care,2026-05-30,6,99.83
48,Atropine Sulfate 0.6mg Inj,Emergency & Critical Care,2026-05-31,8,99.83
48,Atropine Sulfate 0.6mg Inj,Emergency & Critical Care,2026-06-01,11,99.83
48,Atropine Sulfate 0.6mg Inj,Emergency & Critical Care,2026-06-02,14,99.83
48,Atropine Sulfate 0.6mg Inj,Emergency & Critical Care,2026-06-03,13,99.83
48,Atropine Sulfate 0.6mg Inj,Emergency & Critical Care,2026-06-04,15,99.83
48,Atropine Sulfate 0.6mg Inj,Emergency & Critical Care,2026-06-05,9,99.83
48,Atropine Sulfate 0.6mg Inj,Emergency & Critical Care,2026-06-06,7,99.83
48,Atropine Sulfate 0.6mg Inj,Emergency & Critical Care,2026-06-07,8,99.83
48,Atropine Sulfate 0.6mg Inj,Emergency & Critical Care,2026-06-08,14,99.83
48,Atropine Sulfate 0.6mg Inj,Emergency & Critical Care,2026-06-09,10,99.83
48,Atropine Sulfate 0.6mg Inj,Emergency & Critical Care,2026-06-10,16,99.83
48,Atropine Sulfate 0.6mg Inj,Emergency & Critical Care,2026-06-11,17,99.83
48,Atropine Sulfate 0.6mg Inj,Emergency & Critical Care,2026-06-12,9,99.83
48,Atropine Sulfate 0.6mg Inj,Emergency & Critical Care,2026-06-13,7,99.83
48,Atropine Sulfate 0.6mg Inj,Emergency & Critical Care,2026-06-14,6,99.83
48,Atropine Sulfate 0.6mg Inj,Emergency & Critical Care,2026-06-15,22,99.83
48,Atropine Sulfate 0.6mg Inj,Emergency & Critical Care,2026-06-16,11,99.83
48,Atropine Sulfate 0.6mg Inj,Emergency & Critical Care,2026-06-17,18,99.83
48,Atropine Sulfate 0.6mg Inj,Emergency & Critical Care,2026-06-18,8,99.83
48,Atropine Sulfate 0.6mg Inj,Emergency & Critical Care,2026-06-19,9,99.83
48,Atropine Sulfate 0.6mg Inj,Emergency & Critical Care,2026-06-20,6,99.83
48,Atropine Sulfate 0.6mg Inj,Emergency & Critical Care,2026-06-21,5,99.83
48,Atropine Sulfate 0.6mg Inj,Emergency & Critical Care,2026-06-22,12,99.83
48,Atropine Sulfate 0.6mg Inj,Emergency & Critical Care,2026-06-23,10,99.83
48,Atropine Sulfate 0.6mg Inj,Emergency & Critical Care,2026-06-24,10,99.83
48,Atropine Sulfate 0.6mg Inj,Emergency & Critical Care,2026-06-25,17,99.83
48,Atropine Sulfate 0.6mg Inj,Emergency & Critical Care,2026-06-26,17,99.83
48,Atropine Sulfate 0.6mg Inj,Emergency & Critical Care,2026-06-27,11,99.83
48,Atropine Sulfate 0.6mg Inj,Emergency & Critical Care,2026-06-28,10,99.83
48,Atropine Sulfate 0.6mg Inj,Emergency & Critical Care,2026-06-29,13,99.83
48,Atropine Sulfate 0.6mg Inj,Emergency & Critical Care,2026-06-30,11,99.83
48,Atropine Sulfate 0.6mg Inj,Emergency & Critical Care,2026-07-01,9,99.83
48,Atropine Sulfate 0.6mg Inj,Emergency & Critical Care,2026-07-02,14,99.83
48,Atropine Sulfate 0.6mg Inj,Emergency & Critical Care,2026-07-03,9,99.83
48,Atropine Sulfate 0.6mg Inj,Emergency & Critical Care,2026-07-04,5,99.83
48,Atropine Sulfate 0.6mg Inj,Emergency & Critical Care,2026-07-05,12,99.83
48,Atropine Sulfate 0.6mg Inj,Emergency & Critical Care,2026-07-06,19,99.83
48,Atropine Sulfate 0.6mg Inj,Emergency & Critical Care,2026-07-07,14,99.83
48,Atropine Sulfate 0.6mg Inj,Emergency & Critical Care,2026-07-08,16,99.83
48,Atropine Sulfate 0.6mg Inj,Emergency & Critical Care,2026-07-09,12,99.83
48,Atropine Sulfate 0.6mg Inj,Emergency & Critical Care,2026-07-10,8,99.83
48,Atropine Sulfate 0.6mg Inj,Emergency & Critical Care,2026-07-11,10,99.83
48,Atropine Sulfate 0.6mg Inj,Emergency & Critical Care,2026-07-12,10,99.83
48,Atropine Sulfate 0.6mg Inj,Emergency & Critical Care,2026-07-13,13,99.83
48,Atropine Sulfate 0.6mg Inj,Emergency & Critical Care,2026-07-14,12,99.83
48,Atropine Sulfate 0.6mg Inj,Emergency & Critical Care,2026-07-15,16,99.83
48,Atropine Sulfate 0.6mg Inj,Emergency & Critical Care,2026-07-16,9,99.83
48,Atropine Sulfate 0.6mg Inj,Emergency & Critical Care,2026-07-17,10,99.83
48,Atropine Sulfate 0.6mg Inj,Emergency & Critical Care,2026-07-18,5,99.83
48,Atropine Sulfate 0.6mg Inj,Emergency & Critical Care,2026-07-19,9,99.83
48,Atropine Sulfate 0.6mg Inj,Emergency & Critical Care,2026-07-20,9,99.83
48,Atropine Sulfate 0.6mg Inj,Emergency & Critical Care,2026-07-21,10,99.83
48,Atropine Sulfate 0.6mg Inj,Emergency & Critical Care,2026-07-22,10,99.83
48,Atropine Sulfate 0.6mg Inj,Emergency & Critical Care,2026-07-23,12,99.83
48,Atropine Sulfate 0.6mg Inj,Emergency & Critical Care,2026-07-24,8,99.83
48,Atropine Sulfate 0.6mg Inj,Emergency & Critical Care,2026-07-25,9,99.83
48,Atropine Sulfate 0.6mg Inj,Emergency & Critical Care,2026-07-26,12,99.83
48,Atropine Sulfate 0.6mg Inj,Emergency & Critical Care,2026-07-27,13,99.83
48,Atropine Sulfate 0.6mg Inj,Emergency & Critical Care,2026-07-28,18,99.83
48,Atropine Sulfate 0.6mg Inj,Emergency & Critical Care,2026-07-29,17,99.83
48,Atropine Sulfate 0.6mg Inj,Emergency & Critical Care,2026-07-30,15,99.83
48,Atropine Sulfate 0.6mg Inj,Emergency & Critical Care,2026-07-31,13,99.83
48,Atropine Sulfate 0.6mg Inj,Emergency & Critical Care,2026-08-01,8,99.83
48,Atropine Sulfate 0.6mg Inj,Emergency & Critical Care,2026-08-02,11,99.83
48,Atropine Sulfate 0.6mg Inj,Emergency & Critical Care,2026-08-03,11,99.83
48,Atropine Sulfate 0.6mg Inj,Emergency & Critical Care,2026-08-04,6,99.83
48,Atropine Sulfate 0.6mg Inj,Emergency & Critical Care,2026-08-05,14,99.83
48,Atropine Sulfate 0.6mg Inj,Emergency & Critical Care,2026-08-06,9,99.83
48,Atropine Sulfate 0.6mg Inj,Emergency & Critical Care,2026-08-07,9,99.83
48,Atropine Sulfate 0.6mg Inj,Emergency & Critical Care,2026-08-08,8,99.83
48,Atropine Sulfate 0.6mg Inj,Emergency & Critical Care,2026-08-09,8,99.83
48,Atropine Sulfate 0.6mg Inj,Emergency & Critical Care,2026-08-10,8,99.83
48,Atropine Sulfate 0.6mg Inj,Emergency & Critical Care,2026-08-11,13,99.83
48,Atropine Sulfate 0.6mg Inj,Emergency & Critical Care,2026-08-12,16,99.83
48,Atropine Sulfate 0.6mg Inj,Emergency & Critical Care,2026-08-13,9,99.83
48,Atropine Sulfate 0.6mg Inj,Emergency & Critical Care,2026-08-14,17,99.83
48,Atropine Sulfate 0.6mg Inj,Emergency & Critical Care,2026-08-15,3,99.83
48,Atropine Sulfate 0.6mg Inj,Emergency & Critical Care,2026-08-16,15,99.83
48,Atropine Sulfate 0.6mg Inj,Emergency & Critical Care,2026-08-17,11,99.83
48,Atropine Sulfate 0.6mg Inj,Emergency & Critical Care,2026-08-18,13,99.83
48,Atropine Sulfate 0.6mg Inj,Emergency & Critical Care,2026-08-19,6,99.83
48,Atropine Sulfate 0.6mg Inj,Emergency & Critical Care,2026-08-20,12,99.83
48,Atropine Sulfate 0.6mg Inj,Emergency & Critical Care,2026-08-21,13,99.83
48,Atropine Sulfate 0.6mg Inj,Emergency & Critical Care,2026-08-22,8,99.83
48,Atropine Sulfate 0.6mg Inj,Emergency & Critical Care,2026-08-23,6,99.83
48,Atropine Sulfate 0.6mg Inj,Emergency & Critical Care,2026-08-24,9,99.83
48,Atropine Sulfate 0.6mg Inj,Emergency & Critical Care,2026-08-25,16,99.83
48,Atropine Sulfate 0.6mg Inj,Emergency & Critical Care,2026-08-26,13,99.83
48,Atropine Sulfate 0.6mg Inj,Emergency & Critical Care,2026-08-27,18,99.83
48,Atropine Sulfate 0.6mg Inj,Emergency & Critical Care,2026-08-28,11,99.83
48,Atropine Sulfate 0.6mg Inj,Emergency & Critical Care,2026-08-29,7,99.83
48,Atropine Sulfate 0.6mg Inj,Emergency & Critical Care,2026-08-30,11,99.83
48,Atropine Sulfate 0.6mg Inj,Emergency & Critical Care,2026-08-31,7,99.83
48,Atropine Sulfate 0.6mg Inj,Emergency & Critical Care,2026-09-01,9,99.83
48,Atropine Sulfate 0.6mg Inj,Emergency & Critical Care,2026-09-02,16,99.83
48,Atropine Sulfate 0.6mg Inj,Emergency & Critical Care,2026-09-03,9,99.83
48,Atropine Sulfate 0.6mg Inj,Emergency & Critical Care,2026-09-04,7,99.83
48,Atropine Sulfate 0.6mg Inj,Emergency & Critical Care,2026-09-05,15,99.83
48,Atropine Sulfate 0.6mg Inj,Emergency & Critical Care,2026-09-06,4,99.83
48,Atropine Sulfate 0.6mg Inj,Emergency & Critical Care,2026-09-07,13,99.83
48,Atropine Sulfate 0.6mg Inj,Emergency & Critical Care,2026-09-08,13,99.83
48,Atropine Sulfate 0.6mg Inj,Emergency & Critical Care,2026-09-09,3,99.83
48,Atropine Sulfate 0.6mg Inj,Emergency & Critical Care,2026-09-10,12,99.83
48,Atropine Sulfate 0.6mg Inj,Emergency & Critical Care,2026-09-11,14,99.83
48,Atropine Sulfate 0.6mg Inj,Emergency & Critical Care,2026-09-12,9,99.83
48,Atropine Sulfate 0.6mg Inj,Emergency & Critical Care,2026-09-13,11,99.83
48,Atropine Sulfate 0.6mg Inj,Emergency & Critical Care,2026-09-14,11,99.83
48,Atropine Sulfate 0.6mg Inj,Emergency & Critical Care,2026-09-15,15,99.83
48,Atropine Sulfate 0.6mg Inj,Emergency & Critical Care,2026-09-16,10,99.83
48,Atropine Sulfate 0.6mg Inj,Emergency & Critical Care,2026-09-17,8,99.83
48,Atropine Sulfate 0.6mg Inj,Emergency & Critical Care,2026-09-18,8,99.83
48,Atropine Sulfate 0.6mg Inj,Emergency & Critical Care,2026-09-19,3,99.83
48,Atropine Sulfate 0.6mg Inj,Emergency & Critical Care,2026-09-20,12,99.83
48,Atropine Sulfate 0.6mg Inj,Emergency & Critical Care,2026-09-21,8,99.83
48,Atropine Sulfate 0.6mg Inj,Emergency & Critical Care,2026-09-22,14,99.83
48,Atropine Sulfate 0.6mg Inj,Emergency & Critical Care,2026-09-23,12,99.83
48,Atropine Sulfate 0.6mg Inj,Emergency & Critical Care,2026-09-24,12,99.83
48,Atropine Sulfate 0.6mg Inj,Emergency & Critical Care,2026-09-25,17,99.83
49,Naloxone 0.4mg/ml Inj,Emergency & Critical Care,2026-02-18,20,106.96
49,Naloxone 0.4mg/ml Inj,Emergency & Critical Care,2026-02-19,25,106.96
49,Naloxone 0.4mg/ml Inj,Emergency & Critical Care,2026-02-20,23,106.96
49,Naloxone 0.4mg/ml Inj,Emergency & Critical Care,2026-02-21,14,106.96
49,Naloxone 0.4mg/ml Inj,Emergency & Critical Care,2026-02-22,26,106.96
49,Naloxone 0.4mg/ml Inj,Emergency & Critical Care,2026-02-23,16,106.96
49,Naloxone 0.4mg/ml Inj,Emergency & Critical Care,2026-02-24,29,106.96
49,Naloxone 0.4mg/ml Inj,Emergency & Critical Care,2026-02-25,26,106.96
49,Naloxone 0.4mg/ml Inj,Emergency & Critical Care,2026-02-26,20,106.96
49,Naloxone 0.4mg/ml Inj,Emergency & Critical Care,2026-02-27,30,106.96
49,Naloxone 0.4mg/ml Inj,Emergency & Critical Care,2026-02-28,6,106.96
49,Naloxone 0.4mg/ml Inj,Emergency & Critical Care,2026-03-01,12,106.96
49,Naloxone 0.4mg/ml Inj,Emergency & Critical Care,2026-03-02,17,106.96
49,Naloxone 0.4mg/ml Inj,Emergency & Critical Care,2026-03-03,24,106.96
49,Naloxone 0.4mg/ml Inj,Emergency & Critical Care,2026-03-04,17,106.96
49,Naloxone 0.4mg/ml Inj,Emergency & Critical Care,2026-03-05,25,106.96
49,Naloxone 0.4mg/ml Inj,Emergency & Critical Care,2026-03-06,22,106.96
49,Naloxone 0.4mg/ml Inj,Emergency & Critical Care,2026-03-07,13,106.96
49,Naloxone 0.4mg/ml Inj,Emergency & Critical Care,2026-03-08,17,106.96
49,Naloxone 0.4mg/ml Inj,Emergency & Critical Care,2026-03-09,21,106.96
49,Naloxone 0.4mg/ml Inj,Emergency & Critical Care,2026-03-10,17,106.96
49,Naloxone 0.4mg/ml Inj,Emergency & Critical Care,2026-03-11,36,106.96
49,Naloxone 0.4mg/ml Inj,Emergency & Critical Care,2026-03-12,20,106.96
49,Naloxone 0.4mg/ml Inj,Emergency & Critical Care,2026-03-13,12,106.96
49,Naloxone 0.4mg/ml Inj,Emergency & Critical Care,2026-03-14,11,106.96
49,Naloxone 0.4mg/ml Inj,Emergency & Critical Care,2026-03-15,9,106.96
49,Naloxone 0.4mg/ml Inj,Emergency & Critical Care,2026-03-16,26,106.96
49,Naloxone 0.4mg/ml Inj,Emergency & Critical Care,2026-03-17,24,106.96
49,Naloxone 0.4mg/ml Inj,Emergency & Critical Care,2026-03-18,24,106.96
49,Naloxone 0.4mg/ml Inj,Emergency & Critical Care,2026-03-19,21,106.96
49,Naloxone 0.4mg/ml Inj,Emergency & Critical Care,2026-03-20,21,106.96
49,Naloxone 0.4mg/ml Inj,Emergency & Critical Care,2026-03-21,13,106.96
49,Naloxone 0.4mg/ml Inj,Emergency & Critical Care,2026-03-22,14,106.96
49,Naloxone 0.4mg/ml Inj,Emergency & Critical Care,2026-03-23,26,106.96
49,Naloxone 0.4mg/ml Inj,Emergency & Critical Care,2026-03-24,24,106.96
49,Naloxone 0.4mg/ml Inj,Emergency & Critical Care,2026-03-25,25,106.96
49,Naloxone 0.4mg/ml Inj,Emergency & Critical Care,2026-03-26,25,106.96
49,Naloxone 0.4mg/ml Inj,Emergency & Critical Care,2026-03-27,27,106.96
49,Naloxone 0.4mg/ml Inj,Emergency & Critical Care,2026-03-28,16,106.96
49,Naloxone 0.4mg/ml Inj,Emergency & Critical Care,2026-03-29,17,106.96
49,Naloxone 0.4mg/ml Inj,Emergency & Critical Care,2026-03-30,28,106.96
49,Naloxone 0.4mg/ml Inj,Emergency & Critical Care,2026-03-31,19,106.96
49,Naloxone 0.4mg/ml Inj,Emergency & Critical Care,2026-04-01,18,106.96
49,Naloxone 0.4mg/ml Inj,Emergency & Critical Care,2026-04-02,17,106.96
49,Naloxone 0.4mg/ml Inj,Emergency & Critical Care,2026-04-03,23,106.96
49,Naloxone 0.4mg/ml Inj,Emergency & Critical Care,2026-04-04,6,106.96
49,Naloxone 0.4mg/ml Inj,Emergency & Critical Care,2026-04-05,17,106.96
49,Naloxone 0.4mg/ml Inj,Emergency & Critical Care,2026-04-06,22,106.96
49,Naloxone 0.4mg/ml Inj,Emergency & Critical Care,2026-04-07,28,106.96
49,Naloxone 0.4mg/ml Inj,Emergency & Critical Care,2026-04-08,19,106.96
49,Naloxone 0.4mg/ml Inj,Emergency & Critical Care,2026-04-09,22,106.96
49,Naloxone 0.4mg/ml Inj,Emergency & Critical Care,2026-04-10,28,106.96
49,Naloxone 0.4mg/ml Inj,Emergency & Critical Care,2026-04-11,21,106.96
49,Naloxone 0.4mg/ml Inj,Emergency & Critical Care,2026-04-12,12,106.96
49,Naloxone 0.4mg/ml Inj,Emergency & Critical Care,2026-04-13,23,106.96
49,Naloxone 0.4mg/ml Inj,Emergency & Critical Care,2026-04-14,24,106.96
49,Naloxone 0.4mg/ml Inj,Emergency & Critical Care,2026-04-15,24,106.96
49,Naloxone 0.4mg/ml Inj,Emergency & Critical Care,2026-04-16,21,106.96
49,Naloxone 0.4mg/ml Inj,Emergency & Critical Care,2026-04-17,29,106.96
49,Naloxone 0.4mg/ml Inj,Emergency & Critical Care,2026-04-18,6,106.96
49,Naloxone 0.4mg/ml Inj,Emergency & Critical Care,2026-04-19,13,106.96
49,Naloxone 0.4mg/ml Inj,Emergency & Critical Care,2026-04-20,25,106.96
49,Naloxone 0.4mg/ml Inj,Emergency & Critical Care,2026-04-21,25,106.96
49,Naloxone 0.4mg/ml Inj,Emergency & Critical Care,2026-04-22,29,106.96
49,Naloxone 0.4mg/ml Inj,Emergency & Critical Care,2026-04-23,28,106.96
49,Naloxone 0.4mg/ml Inj,Emergency & Critical Care,2026-04-24,21,106.96
49,Naloxone 0.4mg/ml Inj,Emergency & Critical Care,2026-04-25,21,106.96
49,Naloxone 0.4mg/ml Inj,Emergency & Critical Care,2026-04-26,11,106.96
49,Naloxone 0.4mg/ml Inj,Emergency & Critical Care,2026-04-27,27,106.96
49,Naloxone 0.4mg/ml Inj,Emergency & Critical Care,2026-04-28,31,106.96
49,Naloxone 0.4mg/ml Inj,Emergency & Critical Care,2026-04-29,28,106.96
49,Naloxone 0.4mg/ml Inj,Emergency & Critical Care,2026-04-30,23,106.96
49,Naloxone 0.4mg/ml Inj,Emergency & Critical Care,2026-05-01,21,106.96
49,Naloxone 0.4mg/ml Inj,Emergency & Critical Care,2026-05-02,7,106.96
49,Naloxone 0.4mg/ml Inj,Emergency & Critical Care,2026-05-03,16,106.96
49,Naloxone 0.4mg/ml Inj,Emergency & Critical Care,2026-05-04,17,106.96
49,Naloxone 0.4mg/ml Inj,Emergency & Critical Care,2026-05-05,19,106.96
49,Naloxone 0.4mg/ml Inj,Emergency & Critical Care,2026-05-06,17,106.96
49,Naloxone 0.4mg/ml Inj,Emergency & Critical Care,2026-05-07,20,106.96
49,Naloxone 0.4mg/ml Inj,Emergency & Critical Care,2026-05-08,22,106.96
49,Naloxone 0.4mg/ml Inj,Emergency & Critical Care,2026-05-09,16,106.96
49,Naloxone 0.4mg/ml Inj,Emergency & Critical Care,2026-05-10,12,106.96
49,Naloxone 0.4mg/ml Inj,Emergency & Critical Care,2026-05-11,28,106.96
49,Naloxone 0.4mg/ml Inj,Emergency & Critical Care,2026-05-12,21,106.96
49,Naloxone 0.4mg/ml Inj,Emergency & Critical Care,2026-05-13,19,106.96
49,Naloxone 0.4mg/ml Inj,Emergency & Critical Care,2026-05-14,24,106.96
49,Naloxone 0.4mg/ml Inj,Emergency & Critical Care,2026-05-15,32,106.96
49,Naloxone 0.4mg/ml Inj,Emergency & Critical Care,2026-05-16,16,106.96
49,Naloxone 0.4mg/ml Inj,Emergency & Critical Care,2026-05-17,13,106.96
49,Naloxone 0.4mg/ml Inj,Emergency & Critical Care,2026-05-18,15,106.96
49,Naloxone 0.4mg/ml Inj,Emergency & Critical Care,2026-05-19,21,106.96
49,Naloxone 0.4mg/ml Inj,Emergency & Critical Care,2026-05-20,24,106.96
49,Naloxone 0.4mg/ml Inj,Emergency & Critical Care,2026-05-21,21,106.96
49,Naloxone 0.4mg/ml Inj,Emergency & Critical Care,2026-05-22,14,106.96
49,Naloxone 0.4mg/ml Inj,Emergency & Critical Care,2026-05-23,11,106.96
49,Naloxone 0.4mg/ml Inj,Emergency & Critical Care,2026-05-24,22,106.96
49,Naloxone 0.4mg/ml Inj,Emergency & Critical Care,2026-05-25,29,106.96
49,Naloxone 0.4mg/ml Inj,Emergency & Critical Care,2026-05-26,18,106.96
49,Naloxone 0.4mg/ml Inj,Emergency & Critical Care,2026-05-27,26,106.96
49,Naloxone 0.4mg/ml Inj,Emergency & Critical Care,2026-05-28,17,106.96
49,Naloxone 0.4mg/ml Inj,Emergency & Critical Care,2026-05-29,29,106.96
49,Naloxone 0.4mg/ml Inj,Emergency & Critical Care,2026-05-30,16,106.96
49,Naloxone 0.4mg/ml Inj,Emergency & Critical Care,2026-05-31,19,106.96
49,Naloxone 0.4mg/ml Inj,Emergency & Critical Care,2026-06-01,14,106.96
49,Naloxone 0.4mg/ml Inj,Emergency & Critical Care,2026-06-02,26,106.96
49,Naloxone 0.4mg/ml Inj,Emergency & Critical Care,2026-06-03,22,106.96
49,Naloxone 0.4mg/ml Inj,Emergency & Critical Care,2026-06-04,27,106.96
49,Naloxone 0.4mg/ml Inj,Emergency & Critical Care,2026-06-05,27,106.96
49,Naloxone 0.4mg/ml Inj,Emergency & Critical Care,2026-06-06,15,106.96
49,Naloxone 0.4mg/ml Inj,Emergency & Critical Care,2026-06-07,12,106.96
49,Naloxone 0.4mg/ml Inj,Emergency & Critical Care,2026-06-08,26,106.96
49,Naloxone 0.4mg/ml Inj,Emergency & Critical Care,2026-06-09,22,106.96
49,Naloxone 0.4mg/ml Inj,Emergency & Critical Care,2026-06-10,18,106.96
49,Naloxone 0.4mg/ml Inj,Emergency & Critical Care,2026-06-11,18,106.96
49,Naloxone 0.4mg/ml Inj,Emergency & Critical Care,2026-06-12,15,106.96
49,Naloxone 0.4mg/ml Inj,Emergency & Critical Care,2026-06-13,12,106.96
49,Naloxone 0.4mg/ml Inj,Emergency & Critical Care,2026-06-14,20,106.96
49,Naloxone 0.4mg/ml Inj,Emergency & Critical Care,2026-06-15,23,106.96
49,Naloxone 0.4mg/ml Inj,Emergency & Critical Care,2026-06-16,20,106.96
49,Naloxone 0.4mg/ml Inj,Emergency & Critical Care,2026-06-17,26,106.96
49,Naloxone 0.4mg/ml Inj,Emergency & Critical Care,2026-06-18,18,106.96
49,Naloxone 0.4mg/ml Inj,Emergency & Critical Care,2026-06-19,23,106.96
49,Naloxone 0.4mg/ml Inj,Emergency & Critical Care,2026-06-20,14,106.96
49,Naloxone 0.4mg/ml Inj,Emergency & Critical Care,2026-06-21,19,106.96
49,Naloxone 0.4mg/ml Inj,Emergency & Critical Care,2026-06-22,15,106.96
49,Naloxone 0.4mg/ml Inj,Emergency & Critical Care,2026-06-23,18,106.96
49,Naloxone 0.4mg/ml Inj,Emergency & Critical Care,2026-06-24,15,106.96
49,Naloxone 0.4mg/ml Inj,Emergency & Critical Care,2026-06-25,21,106.96
49,Naloxone 0.4mg/ml Inj,Emergency & Critical Care,2026-06-26,28,106.96
49,Naloxone 0.4mg/ml Inj,Emergency & Critical Care,2026-06-27,12,106.96
49,Naloxone 0.4mg/ml Inj,Emergency & Critical Care,2026-06-28,12,106.96
49,Naloxone 0.4mg/ml Inj,Emergency & Critical Care,2026-06-29,27,106.96
49,Naloxone 0.4mg/ml Inj,Emergency & Critical Care,2026-06-30,28,106.96
49,Naloxone 0.4mg/ml Inj,Emergency & Critical Care,2026-07-01,22,106.96
49,Naloxone 0.4mg/ml Inj,Emergency & Critical Care,2026-07-02,26,106.96
49,Naloxone 0.4mg/ml Inj,Emergency & Critical Care,2026-07-03,17,106.96
49,Naloxone 0.4mg/ml Inj,Emergency & Critical Care,2026-07-04,21,106.96
49,Naloxone 0.4mg/ml Inj,Emergency & Critical Care,2026-07-05,25,106.96
49,Naloxone 0.4mg/ml Inj,Emergency & Critical Care,2026-07-06,25,106.96
49,Naloxone 0.4mg/ml Inj,Emergency & Critical Care,2026-07-07,12,106.96
49,Naloxone 0.4mg/ml Inj,Emergency & Critical Care,2026-07-08,20,106.96
49,Naloxone 0.4mg/ml Inj,Emergency & Critical Care,2026-07-09,25,106.96
49,Naloxone 0.4mg/ml Inj,Emergency & Critical Care,2026-07-10,20,106.96
49,Naloxone 0.4mg/ml Inj,Emergency & Critical Care,2026-07-11,21,106.96
49,Naloxone 0.4mg/ml Inj,Emergency & Critical Care,2026-07-12,18,106.96
49,Naloxone 0.4mg/ml Inj,Emergency & Critical Care,2026-07-13,19,106.96
49,Naloxone 0.4mg/ml Inj,Emergency & Critical Care,2026-07-14,23,106.96
49,Naloxone 0.4mg/ml Inj,Emergency & Critical Care,2026-07-15,18,106.96
49,Naloxone 0.4mg/ml Inj,Emergency & Critical Care,2026-07-16,22,106.96
49,Naloxone 0.4mg/ml Inj,Emergency & Critical Care,2026-07-17,20,106.96
49,Naloxone 0.4mg/ml Inj,Emergency & Critical Care,2026-07-18,20,106.96
49,Naloxone 0.4mg/ml Inj,Emergency & Critical Care,2026-07-19,25,106.96
49,Naloxone 0.4mg/ml Inj,Emergency & Critical Care,2026-07-20,16,106.96
49,Naloxone 0.4mg/ml Inj,Emergency & Critical Care,2026-07-21,13,106.96
49,Naloxone 0.4mg/ml Inj,Emergency & Critical Care,2026-07-22,21,106.96
49,Naloxone 0.4mg/ml Inj,Emergency & Critical Care,2026-07-23,15,106.96
49,Naloxone 0.4mg/ml Inj,Emergency & Critical Care,2026-07-24,23,106.96
49,Naloxone 0.4mg/ml Inj,Emergency & Critical Care,2026-07-25,18,106.96
49,Naloxone 0.4mg/ml Inj,Emergency & Critical Care,2026-07-26,22,106.96
49,Naloxone 0.4mg/ml Inj,Emergency & Critical Care,2026-07-27,23,106.96
49,Naloxone 0.4mg/ml Inj,Emergency & Critical Care,2026-07-28,22,106.96
49,Naloxone 0.4mg/ml Inj,Emergency & Critical Care,2026-07-29,13,106.96
49,Naloxone 0.4mg/ml Inj,Emergency & Critical Care,2026-07-30,23,106.96
49,Naloxone 0.4mg/ml Inj,Emergency & Critical Care,2026-07-31,23,106.96
49,Naloxone 0.4mg/ml Inj,Emergency & Critical Care,2026-08-01,18,106.96
49,Naloxone 0.4mg/ml Inj,Emergency & Critical Care,2026-08-02,11,106.96
49,Naloxone 0.4mg/ml Inj,Emergency & Critical Care,2026-08-03,20,106.96
49,Naloxone 0.4mg/ml Inj,Emergency & Critical Care,2026-08-04,15,106.96
49,Naloxone 0.4mg/ml Inj,Emergency & Critical Care,2026-08-05,11,106.96
49,Naloxone 0.4mg/ml Inj,Emergency & Critical Care,2026-08-06,17,106.96
49,Naloxone 0.4mg/ml Inj,Emergency & Critical Care,2026-08-07,15,106.96
49,Naloxone 0.4mg/ml Inj,Emergency & Critical Care,2026-08-08,16,106.96
49,Naloxone 0.4mg/ml Inj,Emergency & Critical Care,2026-08-09,12,106.96
49,Naloxone 0.4mg/ml Inj,Emergency & Critical Care,2026-08-10,20,106.96
49,Naloxone 0.4mg/ml Inj,Emergency & Critical Care,2026-08-11,18,106.96
49,Naloxone 0.4mg/ml Inj,Emergency & Critical Care,2026-08-12,7,106.96
49,Naloxone 0.4mg/ml Inj,Emergency & Critical Care,2026-08-13,30,106.96
49,Naloxone 0.4mg/ml Inj,Emergency & Critical Care,2026-08-14,18,106.96
49,Naloxone 0.4mg/ml Inj,Emergency & Critical Care,2026-08-15,13,106.96
49,Naloxone 0.4mg/ml Inj,Emergency & Critical Care,2026-08-16,8,106.96
49,Naloxone 0.4mg/ml Inj,Emergency & Critical Care,2026-08-17,27,106.96
49,Naloxone 0.4mg/ml Inj,Emergency & Critical Care,2026-08-18,23,106.96
49,Naloxone 0.4mg/ml Inj,Emergency & Critical Care,2026-08-19,19,106.96
49,Naloxone 0.4mg/ml Inj,Emergency & Critical Care,2026-08-20,21,106.96
49,Naloxone 0.4mg/ml Inj,Emergency & Critical Care,2026-08-21,31,106.96
49,Naloxone 0.4mg/ml Inj,Emergency & Critical Care,2026-08-22,14,106.96
49,Naloxone 0.4mg/ml Inj,Emergency & Critical Care,2026-08-23,14,106.96
49,Naloxone 0.4mg/ml Inj,Emergency & Critical Care,2026-08-24,18,106.96
49,Naloxone 0.4mg/ml Inj,Emergency & Critical Care,2026-08-25,13,106.96
49,Naloxone 0.4mg/ml Inj,Emergency & Critical Care,2026-08-26,22,106.96
49,Naloxone 0.4mg/ml Inj,Emergency & Critical Care,2026-08-27,24,106.96
49,Naloxone 0.4mg/ml Inj,Emergency & Critical Care,2026-08-28,28,106.96
49,Naloxone 0.4mg/ml Inj,Emergency & Critical Care,2026-08-29,4,106.96
49,Naloxone 0.4mg/ml Inj,Emergency & Critical Care,2026-08-30,9,106.96
49,Naloxone 0.4mg/ml Inj,Emergency & Critical Care,2026-08-31,20,106.96
49,Naloxone 0.4mg/ml Inj,Emergency & Critical Care,2026-09-01,22,106.96
49,Naloxone 0.4mg/ml Inj,Emergency & Critical Care,2026-09-02,22,106.96
49,Naloxone 0.4mg/ml Inj,Emergency & Critical Care,2026-09-03,22,106.96
49,Naloxone 0.4mg/ml Inj,Emergency & Critical Care,2026-09-04,24,106.96
49,Naloxone 0.4mg/ml Inj,Emergency & Critical Care,2026-09-05,10,106.96
49,Naloxone 0.4mg/ml Inj,Emergency & Critical Care,2026-09-06,19,106.96
49,Naloxone 0.4mg/ml Inj,Emergency & Critical Care,2026-09-07,25,106.96
49,Naloxone 0.4mg/ml Inj,Emergency & Critical Care,2026-09-08,21,106.96
49,Naloxone 0.4mg/ml Inj,Emergency & Critical Care,2026-09-09,30,106.96
49,Naloxone 0.4mg/ml Inj,Emergency & Critical Care,2026-09-10,30,106.96
49,Naloxone 0.4mg/ml Inj,Emergency & Critical Care,2026-09-11,27,106.96
49,Naloxone 0.4mg/ml Inj,Emergency & Critical Care,2026-09-12,0,106.96
49,Naloxone 0.4mg/ml Inj,Emergency & Critical Care,2026-09-13,22,106.96
49,Naloxone 0.4mg/ml Inj,Emergency & Critical Care,2026-09-14,26,106.96
49,Naloxone 0.4mg/ml Inj,Emergency & Critical Care,2026-09-15,32,106.96
49,Naloxone 0.4mg/ml Inj,Emergency & Critical Care,2026-09-16,28,106.96
49,Naloxone 0.4mg/ml Inj,Emergency & Critical Care,2026-09-17,30,106.96
49,Naloxone 0.4mg/ml Inj,Emergency & Critical Care,2026-09-18,27,106.96
49,Naloxone 0.4mg/ml Inj,Emergency & Critical Care,2026-09-19,21,106.96
49,Naloxone 0.4mg/ml Inj,Emergency & Critical Care,2026-09-20,24,106.96
49,Naloxone 0.4mg/ml Inj,Emergency & Critical Care,2026-09-21,24,106.96
49,Naloxone 0.4mg/ml Inj,Emergency & Critical Care,2026-09-22,15,106.96
49,Naloxone 0.4mg/ml Inj,Emergency & Critical Care,2026-09-23,21,106.96
49,Naloxone 0.4mg/ml Inj,Emergency & Critical Care,2026-09-24,24,106.96
49,Naloxone 0.4mg/ml Inj,Emergency & Critical Care,2026-09-25,23,106.96
50,Furosemide 20mg/2ml Inj,Emergency & Critical Care,2026-02-18,11,99.13
50,Furosemide 20mg/2ml Inj,Emergency & Critical Care,2026-02-19,10,99.13
50,Furosemide 20mg/2ml Inj,Emergency & Critical Care,2026-02-20,13,99.13
50,Furosemide 20mg/2ml Inj,Emergency & Critical Care,2026-02-21,12,99.13
50,Furosemide 20mg/2ml Inj,Emergency & Critical Care,2026-02-22,14,99.13
50,Furosemide 20mg/2ml Inj,Emergency & Critical Care,2026-02-23,18,99.13
50,Furosemide 20mg/2ml Inj,Emergency & Critical Care,2026-02-24,18,99.13
50,Furosemide 20mg/2ml Inj,Emergency & Critical Care,2026-02-25,15,99.13
50,Furosemide 20mg/2ml Inj,Emergency & Critical Care,2026-02-26,10,99.13
50,Furosemide 20mg/2ml Inj,Emergency & Critical Care,2026-02-27,14,99.13
50,Furosemide 20mg/2ml Inj,Emergency & Critical Care,2026-02-28,9,99.13
50,Furosemide 20mg/2ml Inj,Emergency & Critical Care,2026-03-01,8,99.13
50,Furosemide 20mg/2ml Inj,Emergency & Critical Care,2026-03-02,15,99.13
50,Furosemide 20mg/2ml Inj,Emergency & Critical Care,2026-03-03,16,99.13
50,Furosemide 20mg/2ml Inj,Emergency & Critical Care,2026-03-04,17,99.13
50,Furosemide 20mg/2ml Inj,Emergency & Critical Care,2026-03-05,14,99.13
50,Furosemide 20mg/2ml Inj,Emergency & Critical Care,2026-03-06,10,99.13
50,Furosemide 20mg/2ml Inj,Emergency & Critical Care,2026-03-07,8,99.13
50,Furosemide 20mg/2ml Inj,Emergency & Critical Care,2026-03-08,10,99.13
50,Furosemide 20mg/2ml Inj,Emergency & Critical Care,2026-03-09,18,99.13
50,Furosemide 20mg/2ml Inj,Emergency & Critical Care,2026-03-10,13,99.13
50,Furosemide 20mg/2ml Inj,Emergency & Critical Care,2026-03-11,16,99.13
50,Furosemide 20mg/2ml Inj,Emergency & Critical Care,2026-03-12,16,99.13
50,Furosemide 20mg/2ml Inj,Emergency & Critical Care,2026-03-13,15,99.13
50,Furosemide 20mg/2ml Inj,Emergency & Critical Care,2026-03-14,12,99.13
50,Furosemide 20mg/2ml Inj,Emergency & Critical Care,2026-03-15,8,99.13
50,Furosemide 20mg/2ml Inj,Emergency & Critical Care,2026-03-16,13,99.13
50,Furosemide 20mg/2ml Inj,Emergency & Critical Care,2026-03-17,15,99.13
50,Furosemide 20mg/2ml Inj,Emergency & Critical Care,2026-03-18,13,99.13
50,Furosemide 20mg/2ml Inj,Emergency & Critical Care,2026-03-19,16,99.13
50,Furosemide 20mg/2ml Inj,Emergency & Critical Care,2026-03-20,13,99.13
50,Furosemide 20mg/2ml Inj,Emergency & Critical Care,2026-03-21,10,99.13
50,Furosemide 20mg/2ml Inj,Emergency & Critical Care,2026-03-22,10,99.13
50,Furosemide 20mg/2ml Inj,Emergency & Critical Care,2026-03-23,16,99.13
50,Furosemide 20mg/2ml Inj,Emergency & Critical Care,2026-03-24,14,99.13
50,Furosemide 20mg/2ml Inj,Emergency & Critical Care,2026-03-25,14,99.13
50,Furosemide 20mg/2ml Inj,Emergency & Critical Care,2026-03-26,15,99.13
50,Furosemide 20mg/2ml Inj,Emergency & Critical Care,2026-03-27,16,99.13
50,Furosemide 20mg/2ml Inj,Emergency & Critical Care,2026-03-28,10,99.13
50,Furosemide 20mg/2ml Inj,Emergency & Critical Care,2026-03-29,15,99.13
50,Furosemide 20mg/2ml Inj,Emergency & Critical Care,2026-03-30,12,99.13
50,Furosemide 20mg/2ml Inj,Emergency & Critical Care,2026-03-31,15,99.13
50,Furosemide 20mg/2ml Inj,Emergency & Critical Care,2026-04-01,11,99.13
50,Furosemide 20mg/2ml Inj,Emergency & Critical Care,2026-04-02,16,99.13
50,Furosemide 20mg/2ml Inj,Emergency & Critical Care,2026-04-03,12,99.13
50,Furosemide 20mg/2ml Inj,Emergency & Critical Care,2026-04-04,9,99.13
50,Furosemide 20mg/2ml Inj,Emergency & Critical Care,2026-04-05,9,99.13
50,Furosemide 20mg/2ml Inj,Emergency & Critical Care,2026-04-06,16,99.13
50,Furosemide 20mg/2ml Inj,Emergency & Critical Care,2026-04-07,13,99.13
50,Furosemide 20mg/2ml Inj,Emergency & Critical Care,2026-04-08,13,99.13
50,Furosemide 20mg/2ml Inj,Emergency & Critical Care,2026-04-09,19,99.13
50,Furosemide 20mg/2ml Inj,Emergency & Critical Care,2026-04-10,16,99.13
50,Furosemide 20mg/2ml Inj,Emergency & Critical Care,2026-04-11,8,99.13
50,Furosemide 20mg/2ml Inj,Emergency & Critical Care,2026-04-12,9,99.13
50,Furosemide 20mg/2ml Inj,Emergency & Critical Care,2026-04-13,20,99.13
50,Furosemide 20mg/2ml Inj,Emergency & Critical Care,2026-04-14,14,99.13
50,Furosemide 20mg/2ml Inj,Emergency & Critical Care,2026-04-15,13,99.13
50,Furosemide 20mg/2ml Inj,Emergency & Critical Care,2026-04-16,13,99.13
50,Furosemide 20mg/2ml Inj,Emergency & Critical Care,2026-04-17,13,99.13
50,Furosemide 20mg/2ml Inj,Emergency & Critical Care,2026-04-18,8,99.13
50,Furosemide 20mg/2ml Inj,Emergency & Critical Care,2026-04-19,6,99.13
50,Furosemide 20mg/2ml Inj,Emergency & Critical Care,2026-04-20,12,99.13
50,Furosemide 20mg/2ml Inj,Emergency & Critical Care,2026-04-21,13,99.13
50,Furosemide 20mg/2ml Inj,Emergency & Critical Care,2026-04-22,17,99.13
50,Furosemide 20mg/2ml Inj,Emergency & Critical Care,2026-04-23,14,99.13
50,Furosemide 20mg/2ml Inj,Emergency & Critical Care,2026-04-24,14,99.13
50,Furosemide 20mg/2ml Inj,Emergency & Critical Care,2026-04-25,13,99.13
50,Furosemide 20mg/2ml Inj,Emergency & Critical Care,2026-04-26,14,99.13
50,Furosemide 20mg/2ml Inj,Emergency & Critical Care,2026-04-27,14,99.13
50,Furosemide 20mg/2ml Inj,Emergency & Critical Care,2026-04-28,13,99.13
50,Furosemide 20mg/2ml Inj,Emergency & Critical Care,2026-04-29,13,99.13
50,Furosemide 20mg/2ml Inj,Emergency & Critical Care,2026-04-30,17,99.13
50,Furosemide 20mg/2ml Inj,Emergency & Critical Care,2026-05-01,14,99.13
50,Furosemide 20mg/2ml Inj,Emergency & Critical Care,2026-05-02,9,99.13
50,Furosemide 20mg/2ml Inj,Emergency & Critical Care,2026-05-03,8,99.13
50,Furosemide 20mg/2ml Inj,Emergency & Critical Care,2026-05-04,13,99.13
50,Furosemide 20mg/2ml Inj,Emergency & Critical Care,2026-05-05,16,99.13
50,Furosemide 20mg/2ml Inj,Emergency & Critical Care,2026-05-06,11,99.13
50,Furosemide 20mg/2ml Inj,Emergency & Critical Care,2026-05-07,18,99.13
50,Furosemide 20mg/2ml Inj,Emergency & Critical Care,2026-05-08,13,99.13
50,Furosemide 20mg/2ml Inj,Emergency & Critical Care,2026-05-09,9,99.13
50,Furosemide 20mg/2ml Inj,Emergency & Critical Care,2026-05-10,6,99.13
50,Furosemide 20mg/2ml Inj,Emergency & Critical Care,2026-05-11,15,99.13
50,Furosemide 20mg/2ml Inj,Emergency & Critical Care,2026-05-12,14,99.13
50,Furosemide 20mg/2ml Inj,Emergency & Critical Care,2026-05-13,15,99.13
50,Furosemide 20mg/2ml Inj,Emergency & Critical Care,2026-05-14,19,99.13
50,Furosemide 20mg/2ml Inj,Emergency & Critical Care,2026-05-15,16,99.13
50,Furosemide 20mg/2ml Inj,Emergency & Critical Care,2026-05-16,8,99.13
50,Furosemide 20mg/2ml Inj,Emergency & Critical Care,2026-05-17,8,99.13
50,Furosemide 20mg/2ml Inj,Emergency & Critical Care,2026-05-18,17,99.13
50,Furosemide 20mg/2ml Inj,Emergency & Critical Care,2026-05-19,19,99.13
50,Furosemide 20mg/2ml Inj,Emergency & Critical Care,2026-05-20,16,99.13
50,Furosemide 20mg/2ml Inj,Emergency & Critical Care,2026-05-21,17,99.13
50,Furosemide 20mg/2ml Inj,Emergency & Critical Care,2026-05-22,17,99.13
50,Furosemide 20mg/2ml Inj,Emergency & Critical Care,2026-05-23,14,99.13
50,Furosemide 20mg/2ml Inj,Emergency & Critical Care,2026-05-24,4,99.13
50,Furosemide 20mg/2ml Inj,Emergency & Critical Care,2026-05-25,17,99.13
50,Furosemide 20mg/2ml Inj,Emergency & Critical Care,2026-05-26,18,99.13
50,Furosemide 20mg/2ml Inj,Emergency & Critical Care,2026-05-27,11,99.13
50,Furosemide 20mg/2ml Inj,Emergency & Critical Care,2026-05-28,13,99.13
50,Furosemide 20mg/2ml Inj,Emergency & Critical Care,2026-05-29,13,99.13
50,Furosemide 20mg/2ml Inj,Emergency & Critical Care,2026-05-30,8,99.13
50,Furosemide 20mg/2ml Inj,Emergency & Critical Care,2026-05-31,8,99.13
50,Furosemide 20mg/2ml Inj,Emergency & Critical Care,2026-06-01,16,99.13
50,Furosemide 20mg/2ml Inj,Emergency & Critical Care,2026-06-02,17,99.13
50,Furosemide 20mg/2ml Inj,Emergency & Critical Care,2026-06-03,18,99.13
50,Furosemide 20mg/2ml Inj,Emergency & Critical Care,2026-06-04,13,99.13
50,Furosemide 20mg/2ml Inj,Emergency & Critical Care,2026-06-05,13,99.13
50,Furosemide 20mg/2ml Inj,Emergency & Critical Care,2026-06-06,14,99.13
50,Furosemide 20mg/2ml Inj,Emergency & Critical Care,2026-06-07,12,99.13
50,Furosemide 20mg/2ml Inj,Emergency & Critical Care,2026-06-08,15,99.13
50,Furosemide 20mg/2ml Inj,Emergency & Critical Care,2026-06-09,16,99.13
50,Furosemide 20mg/2ml Inj,Emergency & Critical Care,2026-06-10,15,99.13
50,Furosemide 20mg/2ml Inj,Emergency & Critical Care,2026-06-11,16,99.13
50,Furosemide 20mg/2ml Inj,Emergency & Critical Care,2026-06-12,14,99.13
50,Furosemide 20mg/2ml Inj,Emergency & Critical Care,2026-06-13,11,99.13
50,Furosemide 20mg/2ml Inj,Emergency & Critical Care,2026-06-14,6,99.13
50,Furosemide 20mg/2ml Inj,Emergency & Critical Care,2026-06-15,13,99.13
50,Furosemide 20mg/2ml Inj,Emergency & Critical Care,2026-06-16,13,99.13
50,Furosemide 20mg/2ml Inj,Emergency & Critical Care,2026-06-17,14,99.13
50,Furosemide 20mg/2ml Inj,Emergency & Critical Care,2026-06-18,12,99.13
50,Furosemide 20mg/2ml Inj,Emergency & Critical Care,2026-06-19,14,99.13
50,Furosemide 20mg/2ml Inj,Emergency & Critical Care,2026-06-20,6,99.13
50,Furosemide 20mg/2ml Inj,Emergency & Critical Care,2026-06-21,11,99.13
50,Furosemide 20mg/2ml Inj,Emergency & Critical Care,2026-06-22,15,99.13
50,Furosemide 20mg/2ml Inj,Emergency & Critical Care,2026-06-23,10,99.13
50,Furosemide 20mg/2ml Inj,Emergency & Critical Care,2026-06-24,13,99.13
50,Furosemide 20mg/2ml Inj,Emergency & Critical Care,2026-06-25,16,99.13
50,Furosemide 20mg/2ml Inj,Emergency & Critical Care,2026-06-26,13,99.13
50,Furosemide 20mg/2ml Inj,Emergency & Critical Care,2026-06-27,8,99.13
50,Furosemide 20mg/2ml Inj,Emergency & Critical Care,2026-06-28,10,99.13
50,Furosemide 20mg/2ml Inj,Emergency & Critical Care,2026-06-29,16,99.13
50,Furosemide 20mg/2ml Inj,Emergency & Critical Care,2026-06-30,11,99.13
50,Furosemide 20mg/2ml Inj,Emergency & Critical Care,2026-07-01,17,99.13
50,Furosemide 20mg/2ml Inj,Emergency & Critical Care,2026-07-02,13,99.13
50,Furosemide 20mg/2ml Inj,Emergency & Critical Care,2026-07-03,15,99.13
50,Furosemide 20mg/2ml Inj,Emergency & Critical Care,2026-07-04,10,99.13
50,Furosemide 20mg/2ml Inj,Emergency & Critical Care,2026-07-05,8,99.13
50,Furosemide 20mg/2ml Inj,Emergency & Critical Care,2026-07-06,12,99.13
50,Furosemide 20mg/2ml Inj,Emergency & Critical Care,2026-07-07,14,99.13
50,Furosemide 20mg/2ml Inj,Emergency & Critical Care,2026-07-08,20,99.13
50,Furosemide 20mg/2ml Inj,Emergency & Critical Care,2026-07-09,11,99.13
50,Furosemide 20mg/2ml Inj,Emergency & Critical Care,2026-07-10,20,99.13
50,Furosemide 20mg/2ml Inj,Emergency & Critical Care,2026-07-11,9,99.13
50,Furosemide 20mg/2ml Inj,Emergency & Critical Care,2026-07-12,10,99.13
50,Furosemide 20mg/2ml Inj,Emergency & Critical Care,2026-07-13,12,99.13
50,Furosemide 20mg/2ml Inj,Emergency & Critical Care,2026-07-14,13,99.13
50,Furosemide 20mg/2ml Inj,Emergency & Critical Care,2026-07-15,14,99.13
50,Furosemide 20mg/2ml Inj,Emergency & Critical Care,2026-07-16,12,99.13
50,Furosemide 20mg/2ml Inj,Emergency & Critical Care,2026-07-17,14,99.13
50,Furosemide 20mg/2ml Inj,Emergency & Critical Care,2026-07-18,9,99.13
50,Furosemide 20mg/2ml Inj,Emergency & Critical Care,2026-07-19,15,99.13
50,Furosemide 20mg/2ml Inj,Emergency & Critical Care,2026-07-20,12,99.13
50,Furosemide 20mg/2ml Inj,Emergency & Critical Care,2026-07-21,15,99.13
50,Furosemide 20mg/2ml Inj,Emergency & Critical Care,2026-07-22,16,99.13
50,Furosemide 20mg/2ml Inj,Emergency & Critical Care,2026-07-23,12,99.13
50,Furosemide 20mg/2ml Inj,Emergency & Critical Care,2026-07-24,17,99.13
50,Furosemide 20mg/2ml Inj,Emergency & Critical Care,2026-07-25,9,99.13
50,Furosemide 20mg/2ml Inj,Emergency & Critical Care,2026-07-26,3,99.13
50,Furosemide 20mg/2ml Inj,Emergency & Critical Care,2026-07-27,17,99.13
50,Furosemide 20mg/2ml Inj,Emergency & Critical Care,2026-07-28,12,99.13
50,Furosemide 20mg/2ml Inj,Emergency & Critical Care,2026-07-29,12,99.13
50,Furosemide 20mg/2ml Inj,Emergency & Critical Care,2026-07-30,17,99.13
50,Furosemide 20mg/2ml Inj,Emergency & Critical Care,2026-07-31,14,99.13
50,Furosemide 20mg/2ml Inj,Emergency & Critical Care,2026-08-01,12,99.13
50,Furosemide 20mg/2ml Inj,Emergency & Critical Care,2026-08-02,13,99.13
50,Furosemide 20mg/2ml Inj,Emergency & Critical Care,2026-08-03,13,99.13
50,Furosemide 20mg/2ml Inj,Emergency & Critical Care,2026-08-04,17,99.13
50,Furosemide 20mg/2ml Inj,Emergency & Critical Care,2026-08-05,13,99.13
50,Furosemide 20mg/2ml Inj,Emergency & Critical Care,2026-08-06,21,99.13
50,Furosemide 20mg/2ml Inj,Emergency & Critical Care,2026-08-07,13,99.13
50,Furosemide 20mg/2ml Inj,Emergency & Critical Care,2026-08-08,13,99.13
50,Furosemide 20mg/2ml Inj,Emergency & Critical Care,2026-08-09,12,99.13
50,Furosemide 20mg/2ml Inj,Emergency & Critical Care,2026-08-10,16,99.13
50,Furosemide 20mg/2ml Inj,Emergency & Critical Care,2026-08-11,13,99.13
50,Furosemide 20mg/2ml Inj,Emergency & Critical Care,2026-08-12,15,99.13
50,Furosemide 20mg/2ml Inj,Emergency & Critical Care,2026-08-13,9,99.13
50,Furosemide 20mg/2ml Inj,Emergency & Critical Care,2026-08-14,16,99.13
50,Furosemide 20mg/2ml Inj,Emergency & Critical Care,2026-08-15,11,99.13
50,Furosemide 20mg/2ml Inj,Emergency & Critical Care,2026-08-16,10,99.13
50,Furosemide 20mg/2ml Inj,Emergency & Critical Care,2026-08-17,7,99.13
50,Furosemide 20mg/2ml Inj,Emergency & Critical Care,2026-08-18,11,99.13
50,Furosemide 20mg/2ml Inj,Emergency & Critical Care,2026-08-19,13,99.13
50,Furosemide 20mg/2ml Inj,Emergency & Critical Care,2026-08-20,16,99.13
50,Furosemide 20mg/2ml Inj,Emergency & Critical Care,2026-08-21,16,99.13
50,Furosemide 20mg/2ml Inj,Emergency & Critical Care,2026-08-22,9,99.13
50,Furosemide 20mg/2ml Inj,Emergency & Critical Care,2026-08-23,12,99.13
50,Furosemide 20mg/2ml Inj,Emergency & Critical Care,2026-08-24,12,99.13
50,Furosemide 20mg/2ml Inj,Emergency & Critical Care,2026-08-25,17,99.13
50,Furosemide 20mg/2ml Inj,Emergency & Critical Care,2026-08-26,16,99.13
50,Furosemide 20mg/2ml Inj,Emergency & Critical Care,2026-08-27,16,99.13
50,Furosemide 20mg/2ml Inj,Emergency & Critical Care,2026-08-28,14,99.13
50,Furosemide 20mg/2ml Inj,Emergency & Critical Care,2026-08-29,15,99.13
50,Furosemide 20mg/2ml Inj,Emergency & Critical Care,2026-08-30,11,99.13
50,Furosemide 20mg/2ml Inj,Emergency & Critical Care,2026-08-31,12,99.13
50,Furosemide 20mg/2ml Inj,Emergency & Critical Care,2026-09-01,16,99.13
50,Furosemide 20mg/2ml Inj,Emergency & Critical Care,2026-09-02,17,99.13
50,Furosemide 20mg/2ml Inj,Emergency & Critical Care,2026-09-03,13,99.13
50,Furosemide 20mg/2ml Inj,Emergency & Critical Care,2026-09-04,18,99.13
50,Furosemide 20mg/2ml Inj,Emergency & Critical Care,2026-09-05,11,99.13
50,Furosemide 20mg/2ml Inj,Emergency & Critical Care,2026-09-06,3,99.13
50,Furosemide 20mg/2ml Inj,Emergency & Critical Care,2026-09-07,16,99.13
50,Furosemide 20mg/2ml Inj,Emergency & Critical Care,2026-09-08,14,99.13
50,Furosemide 20mg/2ml Inj,Emergency & Critical Care,2026-09-09,17,99.13
50,Furosemide 20mg/2ml Inj,Emergency & Critical Care,2026-09-10,18,99.13
50,Furosemide 20mg/2ml Inj,Emergency & Critical Care,2026-09-11,16,99.13
50,Furosemide 20mg/2ml Inj,Emergency & Critical Care,2026-09-12,15,99.13
50,Furosemide 20mg/2ml Inj,Emergency & Critical Care,2026-09-13,9,99.13
50,Furosemide 20mg/2ml Inj,Emergency & Critical Care,2026-09-14,17,99.13
50,Furosemide 20mg/2ml Inj,Emergency & Critical Care,2026-09-15,17,99.13
50,Furosemide 20mg/2ml Inj,Emergency & Critical Care,2026-09-16,15,99.13
50,Furosemide 20mg/2ml Inj,Emergency & Critical Care,2026-09-17,17,99.13
50,Furosemide 20mg/2ml Inj,Emergency & Critical Care,2026-09-18,13,99.13
50,Furosemide 20mg/2ml Inj,Emergency & Critical Care,2026-09-19,9,99.13
50,Furosemide 20mg/2ml Inj,Emergency & Critical Care,2026-09-20,6,99.13
50,Furosemide 20mg/2ml Inj,Emergency & Critical Care,2026-09-21,16,99.13
50,Furosemide 20mg/2ml Inj,Emergency & Critical Care,2026-09-22,16,99.13
50,Furosemide 20mg/2ml Inj,Emergency & Critical Care,2026-09-23,18,99.13
50,Furosemide 20mg/2ml Inj,Emergency & Critical Care,2026-09-24,17,99.13
50,Furosemide 20mg/2ml Inj,Emergency & Critical Care,2026-09-25,14,99.13
51,Hydrocortisone 100mg Inj,Emergency & Critical Care,2026-02-18,20,53.82
51,Hydrocortisone 100mg Inj,Emergency & Critical Care,2026-02-19,26,53.82
51,Hydrocortisone 100mg Inj,Emergency & Critical Care,2026-02-20,29,53.82
51,Hydrocortisone 100mg Inj,Emergency & Critical Care,2026-02-21,19,53.82
51,Hydrocortisone 100mg Inj,Emergency & Critical Care,2026-02-22,21,53.82
51,Hydrocortisone 100mg Inj,Emergency & Critical Care,2026-02-23,24,53.82
51,Hydrocortisone 100mg Inj,Emergency & Critical Care,2026-02-24,23,53.82
51,Hydrocortisone 100mg Inj,Emergency & Critical Care,2026-02-25,22,53.82
51,Hydrocortisone 100mg Inj,Emergency & Critical Care,2026-02-26,24,53.82
51,Hydrocortisone 100mg Inj,Emergency & Critical Care,2026-02-27,24,53.82
51,Hydrocortisone 100mg Inj,Emergency & Critical Care,2026-02-28,17,53.82
51,Hydrocortisone 100mg Inj,Emergency & Critical Care,2026-03-01,16,53.82
51,Hydrocortisone 100mg Inj,Emergency & Critical Care,2026-03-02,24,53.82
51,Hydrocortisone 100mg Inj,Emergency & Critical Care,2026-03-03,22,53.82
51,Hydrocortisone 100mg Inj,Emergency & Critical Care,2026-03-04,28,53.82
51,Hydrocortisone 100mg Inj,Emergency & Critical Care,2026-03-05,25,53.82
51,Hydrocortisone 100mg Inj,Emergency & Critical Care,2026-03-06,24,53.82
51,Hydrocortisone 100mg Inj,Emergency & Critical Care,2026-03-07,13,53.82
51,Hydrocortisone 100mg Inj,Emergency & Critical Care,2026-03-08,11,53.82
51,Hydrocortisone 100mg Inj,Emergency & Critical Care,2026-03-09,30,53.82
51,Hydrocortisone 100mg Inj,Emergency & Critical Care,2026-03-10,27,53.82
51,Hydrocortisone 100mg Inj,Emergency & Critical Care,2026-03-11,18,53.82
51,Hydrocortisone 100mg Inj,Emergency & Critical Care,2026-03-12,28,53.82
51,Hydrocortisone 100mg Inj,Emergency & Critical Care,2026-03-13,28,53.82
51,Hydrocortisone 100mg Inj,Emergency & Critical Care,2026-03-14,17,53.82
51,Hydrocortisone 100mg Inj,Emergency & Critical Care,2026-03-15,23,53.82
51,Hydrocortisone 100mg Inj,Emergency & Critical Care,2026-03-16,26,53.82
51,Hydrocortisone 100mg Inj,Emergency & Critical Care,2026-03-17,19,53.82
51,Hydrocortisone 100mg Inj,Emergency & Critical Care,2026-03-18,26,53.82
51,Hydrocortisone 100mg Inj,Emergency & Critical Care,2026-03-19,26,53.82
51,Hydrocortisone 100mg Inj,Emergency & Critical Care,2026-03-20,22,53.82
51,Hydrocortisone 100mg Inj,Emergency & Critical Care,2026-03-21,19,53.82
51,Hydrocortisone 100mg Inj,Emergency & Critical Care,2026-03-22,10,53.82
51,Hydrocortisone 100mg Inj,Emergency & Critical Care,2026-03-23,29,53.82
51,Hydrocortisone 100mg Inj,Emergency & Critical Care,2026-03-24,21,53.82
51,Hydrocortisone 100mg Inj,Emergency & Critical Care,2026-03-25,21,53.82
51,Hydrocortisone 100mg Inj,Emergency & Critical Care,2026-03-26,24,53.82
51,Hydrocortisone 100mg Inj,Emergency & Critical Care,2026-03-27,26,53.82
51,Hydrocortisone 100mg Inj,Emergency & Critical Care,2026-03-28,17,53.82
51,Hydrocortisone 100mg Inj,Emergency & Critical Care,2026-03-29,13,53.82
51,Hydrocortisone 100mg Inj,Emergency & Critical Care,2026-03-30,23,53.82
51,Hydrocortisone 100mg Inj,Emergency & Critical Care,2026-03-31,20,53.82
51,Hydrocortisone 100mg Inj,Emergency & Critical Care,2026-04-01,24,53.82
51,Hydrocortisone 100mg Inj,Emergency & Critical Care,2026-04-02,29,53.82
51,Hydrocortisone 100mg Inj,Emergency & Critical Care,2026-04-03,25,53.82
51,Hydrocortisone 100mg Inj,Emergency & Critical Care,2026-04-04,20,53.82
51,Hydrocortisone 100mg Inj,Emergency & Critical Care,2026-04-05,22,53.82
51,Hydrocortisone 100mg Inj,Emergency & Critical Care,2026-04-06,22,53.82
51,Hydrocortisone 100mg Inj,Emergency & Critical Care,2026-04-07,24,53.82
51,Hydrocortisone 100mg Inj,Emergency & Critical Care,2026-04-08,33,53.82
51,Hydrocortisone 100mg Inj,Emergency & Critical Care,2026-04-09,30,53.82
51,Hydrocortisone 100mg Inj,Emergency & Critical Care,2026-04-10,18,53.82
51,Hydrocortisone 100mg Inj,Emergency & Critical Care,2026-04-11,18,53.82
51,Hydrocortisone 100mg Inj,Emergency & Critical Care,2026-04-12,16,53.82
51,Hydrocortisone 100mg Inj,Emergency & Critical Care,2026-04-13,28,53.82
51,Hydrocortisone 100mg Inj,Emergency & Critical Care,2026-04-14,22,53.82
51,Hydrocortisone 100mg Inj,Emergency & Critical Care,2026-04-15,21,53.82
51,Hydrocortisone 100mg Inj,Emergency & Critical Care,2026-04-16,22,53.82
51,Hydrocortisone 100mg Inj,Emergency & Critical Care,2026-04-17,22,53.82
51,Hydrocortisone 100mg Inj,Emergency & Critical Care,2026-04-18,20,53.82
51,Hydrocortisone 100mg Inj,Emergency & Critical Care,2026-04-19,12,53.82
51,Hydrocortisone 100mg Inj,Emergency & Critical Care,2026-04-20,22,53.82
51,Hydrocortisone 100mg Inj,Emergency & Critical Care,2026-04-21,17,53.82
51,Hydrocortisone 100mg Inj,Emergency & Critical Care,2026-04-22,29,53.82
51,Hydrocortisone 100mg Inj,Emergency & Critical Care,2026-04-23,30,53.82
51,Hydrocortisone 100mg Inj,Emergency & Critical Care,2026-04-24,23,53.82
51,Hydrocortisone 100mg Inj,Emergency & Critical Care,2026-04-25,15,53.82
51,Hydrocortisone 100mg Inj,Emergency & Critical Care,2026-04-26,18,53.82
51,Hydrocortisone 100mg Inj,Emergency & Critical Care,2026-04-27,31,53.82
51,Hydrocortisone 100mg Inj,Emergency & Critical Care,2026-04-28,26,53.82
51,Hydrocortisone 100mg Inj,Emergency & Critical Care,2026-04-29,22,53.82
51,Hydrocortisone 100mg Inj,Emergency & Critical Care,2026-04-30,18,53.82
51,Hydrocortisone 100mg Inj,Emergency & Critical Care,2026-05-01,20,53.82
51,Hydrocortisone 100mg Inj,Emergency & Critical Care,2026-05-02,17,53.82
51,Hydrocortisone 100mg Inj,Emergency & Critical Care,2026-05-03,14,53.82
51,Hydrocortisone 100mg Inj,Emergency & Critical Care,2026-05-04,25,53.82
51,Hydrocortisone 100mg Inj,Emergency & Critical Care,2026-05-05,22,53.82
51,Hydrocortisone 100mg Inj,Emergency & Critical Care,2026-05-06,20,53.82
51,Hydrocortisone 100mg Inj,Emergency & Critical Care,2026-05-07,20,53.82
51,Hydrocortisone 100mg Inj,Emergency & Critical Care,2026-05-08,31,53.82
51,Hydrocortisone 100mg Inj,Emergency & Critical Care,2026-05-09,20,53.82
51,Hydrocortisone 100mg Inj,Emergency & Critical Care,2026-05-10,23,53.82
51,Hydrocortisone 100mg Inj,Emergency & Critical Care,2026-05-11,27,53.82
51,Hydrocortisone 100mg Inj,Emergency & Critical Care,2026-05-12,23,53.82
51,Hydrocortisone 100mg Inj,Emergency & Critical Care,2026-05-13,30,53.82
51,Hydrocortisone 100mg Inj,Emergency & Critical Care,2026-05-14,25,53.82
51,Hydrocortisone 100mg Inj,Emergency & Critical Care,2026-05-15,26,53.82
51,Hydrocortisone 100mg Inj,Emergency & Critical Care,2026-05-16,16,53.82
51,Hydrocortisone 100mg Inj,Emergency & Critical Care,2026-05-17,4,53.82
51,Hydrocortisone 100mg Inj,Emergency & Critical Care,2026-05-18,31,53.82
51,Hydrocortisone 100mg Inj,Emergency & Critical Care,2026-05-19,27,53.82
51,Hydrocortisone 100mg Inj,Emergency & Critical Care,2026-05-20,26,53.82
51,Hydrocortisone 100mg Inj,Emergency & Critical Care,2026-05-21,24,53.82
51,Hydrocortisone 100mg Inj,Emergency & Critical Care,2026-05-22,25,53.82
51,Hydrocortisone 100mg Inj,Emergency & Critical Care,2026-05-23,14,53.82
51,Hydrocortisone 100mg Inj,Emergency & Critical Care,2026-05-24,19,53.82
51,Hydrocortisone 100mg Inj,Emergency & Critical Care,2026-05-25,19,53.82
51,Hydrocortisone 100mg Inj,Emergency & Critical Care,2026-05-26,25,53.82
51,Hydrocortisone 100mg Inj,Emergency & Critical Care,2026-05-27,27,53.82
51,Hydrocortisone 100mg Inj,Emergency & Critical Care,2026-05-28,24,53.82
51,Hydrocortisone 100mg Inj,Emergency & Critical Care,2026-05-29,26,53.82
51,Hydrocortisone 100mg Inj,Emergency & Critical Care,2026-05-30,12,53.82
51,Hydrocortisone 100mg Inj,Emergency & Critical Care,2026-05-31,12,53.82
51,Hydrocortisone 100mg Inj,Emergency & Critical Care,2026-06-01,26,53.82
51,Hydrocortisone 100mg Inj,Emergency & Critical Care,2026-06-02,27,53.82
51,Hydrocortisone 100mg Inj,Emergency & Critical Care,2026-06-03,17,53.82
51,Hydrocortisone 100mg Inj,Emergency & Critical Care,2026-06-04,27,53.82
51,Hydrocortisone 100mg Inj,Emergency & Critical Care,2026-06-05,22,53.82
51,Hydrocortisone 100mg Inj,Emergency & Critical Care,2026-06-06,16,53.82
51,Hydrocortisone 100mg Inj,Emergency & Critical Care,2026-06-07,11,53.82
51,Hydrocortisone 100mg Inj,Emergency & Critical Care,2026-06-08,21,53.82
51,Hydrocortisone 100mg Inj,Emergency & Critical Care,2026-06-09,29,53.82
51,Hydrocortisone 100mg Inj,Emergency & Critical Care,2026-06-10,25,53.82
51,Hydrocortisone 100mg Inj,Emergency & Critical Care,2026-06-11,23,53.82
51,Hydrocortisone 100mg Inj,Emergency & Critical Care,2026-06-12,24,53.82
51,Hydrocortisone 100mg Inj,Emergency & Critical Care,2026-06-13,18,53.82
51,Hydrocortisone 100mg Inj,Emergency & Critical Care,2026-06-14,18,53.82
51,Hydrocortisone 100mg Inj,Emergency & Critical Care,2026-06-15,24,53.82
51,Hydrocortisone 100mg Inj,Emergency & Critical Care,2026-06-16,29,53.82
51,Hydrocortisone 100mg Inj,Emergency & Critical Care,2026-06-17,29,53.82
51,Hydrocortisone 100mg Inj,Emergency & Critical Care,2026-06-18,26,53.82
51,Hydrocortisone 100mg Inj,Emergency & Critical Care,2026-06-19,25,53.82
51,Hydrocortisone 100mg Inj,Emergency & Critical Care,2026-06-20,19,53.82
51,Hydrocortisone 100mg Inj,Emergency & Critical Care,2026-06-21,18,53.82
51,Hydrocortisone 100mg Inj,Emergency & Critical Care,2026-06-22,29,53.82
51,Hydrocortisone 100mg Inj,Emergency & Critical Care,2026-06-23,28,53.82
51,Hydrocortisone 100mg Inj,Emergency & Critical Care,2026-06-24,21,53.82
51,Hydrocortisone 100mg Inj,Emergency & Critical Care,2026-06-25,20,53.82
51,Hydrocortisone 100mg Inj,Emergency & Critical Care,2026-06-26,22,53.82
51,Hydrocortisone 100mg Inj,Emergency & Critical Care,2026-06-27,20,53.82
51,Hydrocortisone 100mg Inj,Emergency & Critical Care,2026-06-28,10,53.82
51,Hydrocortisone 100mg Inj,Emergency & Critical Care,2026-06-29,26,53.82
51,Hydrocortisone 100mg Inj,Emergency & Critical Care,2026-06-30,26,53.82
51,Hydrocortisone 100mg Inj,Emergency & Critical Care,2026-07-01,29,53.82
51,Hydrocortisone 100mg Inj,Emergency & Critical Care,2026-07-02,25,53.82
51,Hydrocortisone 100mg Inj,Emergency & Critical Care,2026-07-03,19,53.82
51,Hydrocortisone 100mg Inj,Emergency & Critical Care,2026-07-04,12,53.82
51,Hydrocortisone 100mg Inj,Emergency & Critical Care,2026-07-05,12,53.82
51,Hydrocortisone 100mg Inj,Emergency & Critical Care,2026-07-06,23,53.82
51,Hydrocortisone 100mg Inj,Emergency & Critical Care,2026-07-07,24,53.82
51,Hydrocortisone 100mg Inj,Emergency & Critical Care,2026-07-08,20,53.82
51,Hydrocortisone 100mg Inj,Emergency & Critical Care,2026-07-09,31,53.82
51,Hydrocortisone 100mg Inj,Emergency & Critical Care,2026-07-10,19,53.82
51,Hydrocortisone 100mg Inj,Emergency & Critical Care,2026-07-11,22,53.82
51,Hydrocortisone 100mg Inj,Emergency & Critical Care,2026-07-12,21,53.82
51,Hydrocortisone 100mg Inj,Emergency & Critical Care,2026-07-13,28,53.82
51,Hydrocortisone 100mg Inj,Emergency & Critical Care,2026-07-14,22,53.82
51,Hydrocortisone 100mg Inj,Emergency & Critical Care,2026-07-15,26,53.82
51,Hydrocortisone 100mg Inj,Emergency & Critical Care,2026-07-16,20,53.82
51,Hydrocortisone 100mg Inj,Emergency & Critical Care,2026-07-17,28,53.82
51,Hydrocortisone 100mg Inj,Emergency & Critical Care,2026-07-18,16,53.82
51,Hydrocortisone 100mg Inj,Emergency & Critical Care,2026-07-19,15,53.82
51,Hydrocortisone 100mg Inj,Emergency & Critical Care,2026-07-20,20,53.82
51,Hydrocortisone 100mg Inj,Emergency & Critical Care,2026-07-21,15,53.82
51,Hydrocortisone 100mg Inj,Emergency & Critical Care,2026-07-22,21,53.82
51,Hydrocortisone 100mg Inj,Emergency & Critical Care,2026-07-23,29,53.82
51,Hydrocortisone 100mg Inj,Emergency & Critical Care,2026-07-24,23,53.82
51,Hydrocortisone 100mg Inj,Emergency & Critical Care,2026-07-25,16,53.82
51,Hydrocortisone 100mg Inj,Emergency & Critical Care,2026-07-26,19,53.82
51,Hydrocortisone 100mg Inj,Emergency & Critical Care,2026-07-27,32,53.82
51,Hydrocortisone 100mg Inj,Emergency & Critical Care,2026-07-28,30,53.82
51,Hydrocortisone 100mg Inj,Emergency & Critical Care,2026-07-29,21,53.82
51,Hydrocortisone 100mg Inj,Emergency & Critical Care,2026-07-30,17,53.82
51,Hydrocortisone 100mg Inj,Emergency & Critical Care,2026-07-31,34,53.82
51,Hydrocortisone 100mg Inj,Emergency & Critical Care,2026-08-01,25,53.82
51,Hydrocortisone 100mg Inj,Emergency & Critical Care,2026-08-02,17,53.82
51,Hydrocortisone 100mg Inj,Emergency & Critical Care,2026-08-03,20,53.82
51,Hydrocortisone 100mg Inj,Emergency & Critical Care,2026-08-04,29,53.82
51,Hydrocortisone 100mg Inj,Emergency & Critical Care,2026-08-05,24,53.82
51,Hydrocortisone 100mg Inj,Emergency & Critical Care,2026-08-06,24,53.82
51,Hydrocortisone 100mg Inj,Emergency & Critical Care,2026-08-07,28,53.82
51,Hydrocortisone 100mg Inj,Emergency & Critical Care,2026-08-08,18,53.82
51,Hydrocortisone 100mg Inj,Emergency & Critical Care,2026-08-09,12,53.82
51,Hydrocortisone 100mg Inj,Emergency & Critical Care,2026-08-10,23,53.82
51,Hydrocortisone 100mg Inj,Emergency & Critical Care,2026-08-11,27,53.82
51,Hydrocortisone 100mg Inj,Emergency & Critical Care,2026-08-12,27,53.82
51,Hydrocortisone 100mg Inj,Emergency & Critical Care,2026-08-13,26,53.82
51,Hydrocortisone 100mg Inj,Emergency & Critical Care,2026-08-14,28,53.82
51,Hydrocortisone 100mg Inj,Emergency & Critical Care,2026-08-15,15,53.82
51,Hydrocortisone 100mg Inj,Emergency & Critical Care,2026-08-16,17,53.82
51,Hydrocortisone 100mg Inj,Emergency & Critical Care,2026-08-17,11,53.82
51,Hydrocortisone 100mg Inj,Emergency & Critical Care,2026-08-18,23,53.82
51,Hydrocortisone 100mg Inj,Emergency & Critical Care,2026-08-19,28,53.82
51,Hydrocortisone 100mg Inj,Emergency & Critical Care,2026-08-20,23,53.82
51,Hydrocortisone 100mg Inj,Emergency & Critical Care,2026-08-21,23,53.82
51,Hydrocortisone 100mg Inj,Emergency & Critical Care,2026-08-22,12,53.82
51,Hydrocortisone 100mg Inj,Emergency & Critical Care,2026-08-23,20,53.82
51,Hydrocortisone 100mg Inj,Emergency & Critical Care,2026-08-24,27,53.82
51,Hydrocortisone 100mg Inj,Emergency & Critical Care,2026-08-25,28,53.82
51,Hydrocortisone 100mg Inj,Emergency & Critical Care,2026-08-26,18,53.82
51,Hydrocortisone 100mg Inj,Emergency & Critical Care,2026-08-27,24,53.82
51,Hydrocortisone 100mg Inj,Emergency & Critical Care,2026-08-28,24,53.82
51,Hydrocortisone 100mg Inj,Emergency & Critical Care,2026-08-29,15,53.82
51,Hydrocortisone 100mg Inj,Emergency & Critical Care,2026-08-30,14,53.82
51,Hydrocortisone 100mg Inj,Emergency & Critical Care,2026-08-31,23,53.82
51,Hydrocortisone 100mg Inj,Emergency & Critical Care,2026-09-01,28,53.82
51,Hydrocortisone 100mg Inj,Emergency & Critical Care,2026-09-02,17,53.82
51,Hydrocortisone 100mg Inj,Emergency & Critical Care,2026-09-03,32,53.82
51,Hydrocortisone 100mg Inj,Emergency & Critical Care,2026-09-04,27,53.82
51,Hydrocortisone 100mg Inj,Emergency & Critical Care,2026-09-05,16,53.82
51,Hydrocortisone 100mg Inj,Emergency & Critical Care,2026-09-06,20,53.82
51,Hydrocortisone 100mg Inj,Emergency & Critical Care,2026-09-07,19,53.82
51,Hydrocortisone 100mg Inj,Emergency & Critical Care,2026-09-08,22,53.82
51,Hydrocortisone 100mg Inj,Emergency & Critical Care,2026-09-09,24,53.82
51,Hydrocortisone 100mg Inj,Emergency & Critical Care,2026-09-10,30,53.82
51,Hydrocortisone 100mg Inj,Emergency & Critical Care,2026-09-11,24,53.82
51,Hydrocortisone 100mg Inj,Emergency & Critical Care,2026-09-12,18,53.82
51,Hydrocortisone 100mg Inj,Emergency & Critical Care,2026-09-13,14,53.82
51,Hydrocortisone 100mg Inj,Emergency & Critical Care,2026-09-14,27,53.82
51,Hydrocortisone 100mg Inj,Emergency & Critical Care,2026-09-15,31,53.82
51,Hydrocortisone 100mg Inj,Emergency & Critical Care,2026-09-16,29,53.82
51,Hydrocortisone 100mg Inj,Emergency & Critical Care,2026-09-17,24,53.82
51,Hydrocortisone 100mg Inj,Emergency & Critical Care,2026-09-18,27,53.82
51,Hydrocortisone 100mg Inj,Emergency & Critical Care,2026-09-19,19,53.82
51,Hydrocortisone 100mg Inj,Emergency & Critical Care,2026-09-20,18,53.82
51,Hydrocortisone 100mg Inj,Emergency & Critical Care,2026-09-21,29,53.82
51,Hydrocortisone 100mg Inj,Emergency & Critical Care,2026-09-22,29,53.82
51,Hydrocortisone 100mg Inj,Emergency & Critical Care,2026-09-23,24,53.82
51,Hydrocortisone 100mg Inj,Emergency & Critical Care,2026-09-24,27,53.82
51,Hydrocortisone 100mg Inj,Emergency & Critical Care,2026-09-25,23,53.82
52,Tranexamic Acid 500mg Inj,Emergency & Critical Care,2026-02-18,11,77.22
52,Tranexamic Acid 500mg Inj,Emergency & Critical Care,2026-02-19,13,77.22
52,Tranexamic Acid 500mg Inj,Emergency & Critical Care,2026-02-20,14,77.22
52,Tranexamic Acid 500mg Inj,Emergency & Critical Care,2026-02-21,3,77.22
52,Tranexamic Acid 500mg Inj,Emergency & Critical Care,2026-02-22,12,77.22
52,Tranexamic Acid 500mg Inj,Emergency & Critical Care,2026-02-23,4,77.22
52,Tranexamic Acid 500mg Inj,Emergency & Critical Care,2026-02-24,24,77.22
52,Tranexamic Acid 500mg Inj,Emergency & Critical Care,2026-02-25,20,77.22
52,Tranexamic Acid 500mg Inj,Emergency & Critical Care,2026-02-26,13,77.22
52,Tranexamic Acid 500mg Inj,Emergency & Critical Care,2026-02-27,14,77.22
52,Tranexamic Acid 500mg Inj,Emergency & Critical Care,2026-02-28,10,77.22
52,Tranexamic Acid 500mg Inj,Emergency & Critical Care,2026-03-01,7,77.22
52,Tranexamic Acid 500mg Inj,Emergency & Critical Care,2026-03-02,15,77.22
52,Tranexamic Acid 500mg Inj,Emergency & Critical Care,2026-03-03,14,77.22
52,Tranexamic Acid 500mg Inj,Emergency & Critical Care,2026-03-04,14,77.22
52,Tranexamic Acid 500mg Inj,Emergency & Critical Care,2026-03-05,15,77.22
52,Tranexamic Acid 500mg Inj,Emergency & Critical Care,2026-03-06,9,77.22
52,Tranexamic Acid 500mg Inj,Emergency & Critical Care,2026-03-07,9,77.22
52,Tranexamic Acid 500mg Inj,Emergency & Critical Care,2026-03-08,10,77.22
52,Tranexamic Acid 500mg Inj,Emergency & Critical Care,2026-03-09,15,77.22
52,Tranexamic Acid 500mg Inj,Emergency & Critical Care,2026-03-10,13,77.22
52,Tranexamic Acid 500mg Inj,Emergency & Critical Care,2026-03-11,18,77.22
52,Tranexamic Acid 500mg Inj,Emergency & Critical Care,2026-03-12,13,77.22
52,Tranexamic Acid 500mg Inj,Emergency & Critical Care,2026-03-13,15,77.22
52,Tranexamic Acid 500mg Inj,Emergency & Critical Care,2026-03-14,14,77.22
52,Tranexamic Acid 500mg Inj,Emergency & Critical Care,2026-03-15,9,77.22
52,Tranexamic Acid 500mg Inj,Emergency & Critical Care,2026-03-16,15,77.22
52,Tranexamic Acid 500mg Inj,Emergency & Critical Care,2026-03-17,14,77.22
52,Tranexamic Acid 500mg Inj,Emergency & Critical Care,2026-03-18,19,77.22
52,Tranexamic Acid 500mg Inj,Emergency & Critical Care,2026-03-19,13,77.22
52,Tranexamic Acid 500mg Inj,Emergency & Critical Care,2026-03-20,19,77.22
52,Tranexamic Acid 500mg Inj,Emergency & Critical Care,2026-03-21,9,77.22
52,Tranexamic Acid 500mg Inj,Emergency & Critical Care,2026-03-22,6,77.22
52,Tranexamic Acid 500mg Inj,Emergency & Critical Care,2026-03-23,17,77.22
52,Tranexamic Acid 500mg Inj,Emergency & Critical Care,2026-03-24,13,77.22
52,Tranexamic Acid 500mg Inj,Emergency & Critical Care,2026-03-25,16,77.22
52,Tranexamic Acid 500mg Inj,Emergency & Critical Care,2026-03-26,4,77.22
52,Tranexamic Acid 500mg Inj,Emergency & Critical Care,2026-03-27,14,77.22
52,Tranexamic Acid 500mg Inj,Emergency & Critical Care,2026-03-28,8,77.22
52,Tranexamic Acid 500mg Inj,Emergency & Critical Care,2026-03-29,5,77.22
52,Tranexamic Acid 500mg Inj,Emergency & Critical Care,2026-03-30,12,77.22
52,Tranexamic Acid 500mg Inj,Emergency & Critical Care,2026-03-31,12,77.22
52,Tranexamic Acid 500mg Inj,Emergency & Critical Care,2026-04-01,14,77.22
52,Tranexamic Acid 500mg Inj,Emergency & Critical Care,2026-04-02,9,77.22
52,Tranexamic Acid 500mg Inj,Emergency & Critical Care,2026-04-03,15,77.22
52,Tranexamic Acid 500mg Inj,Emergency & Critical Care,2026-04-04,14,77.22
52,Tranexamic Acid 500mg Inj,Emergency & Critical Care,2026-04-05,10,77.22
52,Tranexamic Acid 500mg Inj,Emergency & Critical Care,2026-04-06,17,77.22
52,Tranexamic Acid 500mg Inj,Emergency & Critical Care,2026-04-07,18,77.22
52,Tranexamic Acid 500mg Inj,Emergency & Critical Care,2026-04-08,19,77.22
52,Tranexamic Acid 500mg Inj,Emergency & Critical Care,2026-04-09,21,77.22
52,Tranexamic Acid 500mg Inj,Emergency & Critical Care,2026-04-10,12,77.22
52,Tranexamic Acid 500mg Inj,Emergency & Critical Care,2026-04-11,7,77.22
52,Tranexamic Acid 500mg Inj,Emergency & Critical Care,2026-04-12,12,77.22
52,Tranexamic Acid 500mg Inj,Emergency & Critical Care,2026-04-13,17,77.22
52,Tranexamic Acid 500mg Inj,Emergency & Critical Care,2026-04-14,17,77.22
52,Tranexamic Acid 500mg Inj,Emergency & Critical Care,2026-04-15,21,77.22
52,Tranexamic Acid 500mg Inj,Emergency & Critical Care,2026-04-16,14,77.22
52,Tranexamic Acid 500mg Inj,Emergency & Critical Care,2026-04-17,16,77.22
52,Tranexamic Acid 500mg Inj,Emergency & Critical Care,2026-04-18,6,77.22
52,Tranexamic Acid 500mg Inj,Emergency & Critical Care,2026-04-19,17,77.22
52,Tranexamic Acid 500mg Inj,Emergency & Critical Care,2026-04-20,13,77.22
52,Tranexamic Acid 500mg Inj,Emergency & Critical Care,2026-04-21,13,77.22
52,Tranexamic Acid 500mg Inj,Emergency & Critical Care,2026-04-22,13,77.22
52,Tranexamic Acid 500mg Inj,Emergency & Critical Care,2026-04-23,12,77.22
52,Tranexamic Acid 500mg Inj,Emergency & Critical Care,2026-04-24,11,77.22
52,Tranexamic Acid 500mg Inj,Emergency & Critical Care,2026-04-25,7,77.22
52,Tranexamic Acid 500mg Inj,Emergency & Critical Care,2026-04-26,4,77.22
52,Tranexamic Acid 500mg Inj,Emergency & Critical Care,2026-04-27,11,77.22
52,Tranexamic Acid 500mg Inj,Emergency & Critical Care,2026-04-28,21,77.22
52,Tranexamic Acid 500mg Inj,Emergency & Critical Care,2026-04-29,17,77.22
52,Tranexamic Acid 500mg Inj,Emergency & Critical Care,2026-04-30,18,77.22
52,Tranexamic Acid 500mg Inj,Emergency & Critical Care,2026-05-01,18,77.22
52,Tranexamic Acid 500mg Inj,Emergency & Critical Care,2026-05-02,16,77.22
52,Tranexamic Acid 500mg Inj,Emergency & Critical Care,2026-05-03,3,77.22
52,Tranexamic Acid 500mg Inj,Emergency & Critical Care,2026-05-04,9,77.22
52,Tranexamic Acid 500mg Inj,Emergency & Critical Care,2026-05-05,11,77.22
52,Tranexamic Acid 500mg Inj,Emergency & Critical Care,2026-05-06,12,77.22
52,Tranexamic Acid 500mg Inj,Emergency & Critical Care,2026-05-07,13,77.22
52,Tranexamic Acid 500mg Inj,Emergency & Critical Care,2026-05-08,12,77.22
52,Tranexamic Acid 500mg Inj,Emergency & Critical Care,2026-05-09,10,77.22
52,Tranexamic Acid 500mg Inj,Emergency & Critical Care,2026-05-10,9,77.22
52,Tranexamic Acid 500mg Inj,Emergency & Critical Care,2026-05-11,11,77.22
52,Tranexamic Acid 500mg Inj,Emergency & Critical Care,2026-05-12,6,77.22
52,Tranexamic Acid 500mg Inj,Emergency & Critical Care,2026-05-13,10,77.22
52,Tranexamic Acid 500mg Inj,Emergency & Critical Care,2026-05-14,12,77.22
52,Tranexamic Acid 500mg Inj,Emergency & Critical Care,2026-05-15,13,77.22
52,Tranexamic Acid 500mg Inj,Emergency & Critical Care,2026-05-16,5,77.22
52,Tranexamic Acid 500mg Inj,Emergency & Critical Care,2026-05-17,7,77.22
52,Tranexamic Acid 500mg Inj,Emergency & Critical Care,2026-05-18,10,77.22
52,Tranexamic Acid 500mg Inj,Emergency & Critical Care,2026-05-19,14,77.22
52,Tranexamic Acid 500mg Inj,Emergency & Critical Care,2026-05-20,10,77.22
52,Tranexamic Acid 500mg Inj,Emergency & Critical Care,2026-05-21,11,77.22
52,Tranexamic Acid 500mg Inj,Emergency & Critical Care,2026-05-22,9,77.22
52,Tranexamic Acid 500mg Inj,Emergency & Critical Care,2026-05-23,9,77.22
52,Tranexamic Acid 500mg Inj,Emergency & Critical Care,2026-05-24,6,77.22
52,Tranexamic Acid 500mg Inj,Emergency & Critical Care,2026-05-25,17,77.22
52,Tranexamic Acid 500mg Inj,Emergency & Critical Care,2026-05-26,16,77.22
52,Tranexamic Acid 500mg Inj,Emergency & Critical Care,2026-05-27,14,77.22
52,Tranexamic Acid 500mg Inj,Emergency & Critical Care,2026-05-28,11,77.22
52,Tranexamic Acid 500mg Inj,Emergency & Critical Care,2026-05-29,15,77.22
52,Tranexamic Acid 500mg Inj,Emergency & Critical Care,2026-05-30,12,77.22
52,Tranexamic Acid 500mg Inj,Emergency & Critical Care,2026-05-31,10,77.22
52,Tranexamic Acid 500mg Inj,Emergency & Critical Care,2026-06-01,20,77.22
52,Tranexamic Acid 500mg Inj,Emergency & Critical Care,2026-06-02,16,77.22
52,Tranexamic Acid 500mg Inj,Emergency & Critical Care,2026-06-03,17,77.22
52,Tranexamic Acid 500mg Inj,Emergency & Critical Care,2026-06-04,15,77.22
52,Tranexamic Acid 500mg Inj,Emergency & Critical Care,2026-06-05,17,77.22
52,Tranexamic Acid 500mg Inj,Emergency & Critical Care,2026-06-06,6,77.22
52,Tranexamic Acid 500mg Inj,Emergency & Critical Care,2026-06-07,8,77.22
52,Tranexamic Acid 500mg Inj,Emergency & Critical Care,2026-06-08,15,77.22
52,Tranexamic Acid 500mg Inj,Emergency & Critical Care,2026-06-09,15,77.22
52,Tranexamic Acid 500mg Inj,Emergency & Critical Care,2026-06-10,16,77.22
52,Tranexamic Acid 500mg Inj,Emergency & Critical Care,2026-06-11,18,77.22
52,Tranexamic Acid 500mg Inj,Emergency & Critical Care,2026-06-12,9,77.22
52,Tranexamic Acid 500mg Inj,Emergency & Critical Care,2026-06-13,6,77.22
52,Tranexamic Acid 500mg Inj,Emergency & Critical Care,2026-06-14,10,77.22
52,Tranexamic Acid 500mg Inj,Emergency & Critical Care,2026-06-15,11,77.22
52,Tranexamic Acid 500mg Inj,Emergency & Critical Care,2026-06-16,27,77.22
52,Tranexamic Acid 500mg Inj,Emergency & Critical Care,2026-06-17,16,77.22
52,Tranexamic Acid 500mg Inj,Emergency & Critical Care,2026-06-18,14,77.22
52,Tranexamic Acid 500mg Inj,Emergency & Critical Care,2026-06-19,12,77.22
52,Tranexamic Acid 500mg Inj,Emergency & Critical Care,2026-06-20,7,77.22
52,Tranexamic Acid 500mg Inj,Emergency & Critical Care,2026-06-21,9,77.22
52,Tranexamic Acid 500mg Inj,Emergency & Critical Care,2026-06-22,14,77.22
52,Tranexamic Acid 500mg Inj,Emergency & Critical Care,2026-06-23,12,77.22
52,Tranexamic Acid 500mg Inj,Emergency & Critical Care,2026-06-24,13,77.22
52,Tranexamic Acid 500mg Inj,Emergency & Critical Care,2026-06-25,19,77.22
52,Tranexamic Acid 500mg Inj,Emergency & Critical Care,2026-06-26,19,77.22
52,Tranexamic Acid 500mg Inj,Emergency & Critical Care,2026-06-27,10,77.22
52,Tranexamic Acid 500mg Inj,Emergency & Critical Care,2026-06-28,4,77.22
52,Tranexamic Acid 500mg Inj,Emergency & Critical Care,2026-06-29,16,77.22
52,Tranexamic Acid 500mg Inj,Emergency & Critical Care,2026-06-30,20,77.22
52,Tranexamic Acid 500mg Inj,Emergency & Critical Care,2026-07-01,19,77.22
52,Tranexamic Acid 500mg Inj,Emergency & Critical Care,2026-07-02,17,77.22
52,Tranexamic Acid 500mg Inj,Emergency & Critical Care,2026-07-03,19,77.22
52,Tranexamic Acid 500mg Inj,Emergency & Critical Care,2026-07-04,9,77.22
52,Tranexamic Acid 500mg Inj,Emergency & Critical Care,2026-07-05,12,77.22
52,Tranexamic Acid 500mg Inj,Emergency & Critical Care,2026-07-06,12,77.22
52,Tranexamic Acid 500mg Inj,Emergency & Critical Care,2026-07-07,15,77.22
52,Tranexamic Acid 500mg Inj,Emergency & Critical Care,2026-07-08,19,77.22
52,Tranexamic Acid 500mg Inj,Emergency & Critical Care,2026-07-09,12,77.22
52,Tranexamic Acid 500mg Inj,Emergency & Critical Care,2026-07-10,11,77.22
52,Tranexamic Acid 500mg Inj,Emergency & Critical Care,2026-07-11,10,77.22
52,Tranexamic Acid 500mg Inj,Emergency & Critical Care,2026-07-12,8,77.22
52,Tranexamic Acid 500mg Inj,Emergency & Critical Care,2026-07-13,16,77.22
52,Tranexamic Acid 500mg Inj,Emergency & Critical Care,2026-07-14,12,77.22
52,Tranexamic Acid 500mg Inj,Emergency & Critical Care,2026-07-15,20,77.22
52,Tranexamic Acid 500mg Inj,Emergency & Critical Care,2026-07-16,9,77.22
52,Tranexamic Acid 500mg Inj,Emergency & Critical Care,2026-07-17,19,77.22
52,Tranexamic Acid 500mg Inj,Emergency & Critical Care,2026-07-18,6,77.22
52,Tranexamic Acid 500mg Inj,Emergency & Critical Care,2026-07-19,3,77.22
52,Tranexamic Acid 500mg Inj,Emergency & Critical Care,2026-07-20,15,77.22
52,Tranexamic Acid 500mg Inj,Emergency & Critical Care,2026-07-21,13,77.22
52,Tranexamic Acid 500mg Inj,Emergency & Critical Care,2026-07-22,10,77.22
52,Tranexamic Acid 500mg Inj,Emergency & Critical Care,2026-07-23,8,77.22
52,Tranexamic Acid 500mg Inj,Emergency & Critical Care,2026-07-24,14,77.22
52,Tranexamic Acid 500mg Inj,Emergency & Critical Care,2026-07-25,13,77.22
52,Tranexamic Acid 500mg Inj,Emergency & Critical Care,2026-07-26,11,77.22
52,Tranexamic Acid 500mg Inj,Emergency & Critical Care,2026-07-27,14,77.22
52,Tranexamic Acid 500mg Inj,Emergency & Critical Care,2026-07-28,16,77.22
52,Tranexamic Acid 500mg Inj,Emergency & Critical Care,2026-07-29,14,77.22
52,Tranexamic Acid 500mg Inj,Emergency & Critical Care,2026-07-30,9,77.22
52,Tranexamic Acid 500mg Inj,Emergency & Critical Care,2026-07-31,9,77.22
52,Tranexamic Acid 500mg Inj,Emergency & Critical Care,2026-08-01,8,77.22
52,Tranexamic Acid 500mg Inj,Emergency & Critical Care,2026-08-02,9,77.22
52,Tranexamic Acid 500mg Inj,Emergency & Critical Care,2026-08-03,17,77.22
52,Tranexamic Acid 500mg Inj,Emergency & Critical Care,2026-08-04,17,77.22
52,Tranexamic Acid 500mg Inj,Emergency & Critical Care,2026-08-05,16,77.22
52,Tranexamic Acid 500mg Inj,Emergency & Critical Care,2026-08-06,13,77.22
52,Tranexamic Acid 500mg Inj,Emergency & Critical Care,2026-08-07,9,77.22
52,Tranexamic Acid 500mg Inj,Emergency & Critical Care,2026-08-08,11,77.22
52,Tranexamic Acid 500mg Inj,Emergency & Critical Care,2026-08-09,11,77.22
52,Tranexamic Acid 500mg Inj,Emergency & Critical Care,2026-08-10,5,77.22
52,Tranexamic Acid 500mg Inj,Emergency & Critical Care,2026-08-11,11,77.22
52,Tranexamic Acid 500mg Inj,Emergency & Critical Care,2026-08-12,12,77.22
52,Tranexamic Acid 500mg Inj,Emergency & Critical Care,2026-08-13,15,77.22
52,Tranexamic Acid 500mg Inj,Emergency & Critical Care,2026-08-14,11,77.22
52,Tranexamic Acid 500mg Inj,Emergency & Critical Care,2026-08-15,9,77.22
52,Tranexamic Acid 500mg Inj,Emergency & Critical Care,2026-08-16,8,77.22
52,Tranexamic Acid 500mg Inj,Emergency & Critical Care,2026-08-17,13,77.22
52,Tranexamic Acid 500mg Inj,Emergency & Critical Care,2026-08-18,11,77.22
52,Tranexamic Acid 500mg Inj,Emergency & Critical Care,2026-08-19,12,77.22
52,Tranexamic Acid 500mg Inj,Emergency & Critical Care,2026-08-20,10,77.22
52,Tranexamic Acid 500mg Inj,Emergency & Critical Care,2026-08-21,15,77.22
52,Tranexamic Acid 500mg Inj,Emergency & Critical Care,2026-08-22,11,77.22
52,Tranexamic Acid 500mg Inj,Emergency & Critical Care,2026-08-23,6,77.22
52,Tranexamic Acid 500mg Inj,Emergency & Critical Care,2026-08-24,20,77.22
52,Tranexamic Acid 500mg Inj,Emergency & Critical Care,2026-08-25,13,77.22
52,Tranexamic Acid 500mg Inj,Emergency & Critical Care,2026-08-26,20,77.22
52,Tranexamic Acid 500mg Inj,Emergency & Critical Care,2026-08-27,12,77.22
52,Tranexamic Acid 500mg Inj,Emergency & Critical Care,2026-08-28,7,77.22
52,Tranexamic Acid 500mg Inj,Emergency & Critical Care,2026-08-29,11,77.22
52,Tranexamic Acid 500mg Inj,Emergency & Critical Care,2026-08-30,10,77.22
52,Tranexamic Acid 500mg Inj,Emergency & Critical Care,2026-08-31,14,77.22
52,Tranexamic Acid 500mg Inj,Emergency & Critical Care,2026-09-01,12,77.22
52,Tranexamic Acid 500mg Inj,Emergency & Critical Care,2026-09-02,14,77.22
52,Tranexamic Acid 500mg Inj,Emergency & Critical Care,2026-09-03,12,77.22
52,Tranexamic Acid 500mg Inj,Emergency & Critical Care,2026-09-04,13,77.22
52,Tranexamic Acid 500mg Inj,Emergency & Critical Care,2026-09-05,12,77.22
52,Tranexamic Acid 500mg Inj,Emergency & Critical Care,2026-09-06,10,77.22
52,Tranexamic Acid 500mg Inj,Emergency & Critical Care,2026-09-07,16,77.22
52,Tranexamic Acid 500mg Inj,Emergency & Critical Care,2026-09-08,13,77.22
52,Tranexamic Acid 500mg Inj,Emergency & Critical Care,2026-09-09,13,77.22
52,Tranexamic Acid 500mg Inj,Emergency & Critical Care,2026-09-10,10,77.22
52,Tranexamic Acid 500mg Inj,Emergency & Critical Care,2026-09-11,13,77.22
52,Tranexamic Acid 500mg Inj,Emergency & Critical Care,2026-09-12,0,77.22
52,Tranexamic Acid 500mg Inj,Emergency & Critical Care,2026-09-13,7,77.22
52,Tranexamic Acid 500mg Inj,Emergency & Critical Care,2026-09-14,14,77.22
52,Tranexamic Acid 500mg Inj,Emergency & Critical Care,2026-09-15,16,77.22
52,Tranexamic Acid 500mg Inj,Emergency & Critical Care,2026-09-16,13,77.22
52,Tranexamic Acid 500mg Inj,Emergency & Critical Care,2026-09-17,15,77.22
52,Tranexamic Acid 500mg Inj,Emergency & Critical Care,2026-09-18,6,77.22
52,Tranexamic Acid 500mg Inj,Emergency & Critical Care,2026-09-19,9,77.22
52,Tranexamic Acid 500mg Inj,Emergency & Critical Care,2026-09-20,3,77.22
52,Tranexamic Acid 500mg Inj,Emergency & Critical Care,2026-09-21,10,77.22
52,Tranexamic Acid 500mg Inj,Emergency & Critical Care,2026-09-22,13,77.22
52,Tranexamic Acid 500mg Inj,Emergency & Critical Care,2026-09-23,19,77.22
52,Tranexamic Acid 500mg Inj,Emergency & Critical Care,2026-09-24,15,77.22
52,Tranexamic Acid 500mg Inj,Emergency & Critical Care,2026-09-25,14,77.22
